{
  "type": "FeatureCollection",
  "generator": "overpass-turbo",
  "copyright": "The data included in this document is from www.openstreetmap.org. The data is made available under ODbL.",
  "timestamp": "2026-06-28T20:43:02Z",
  "features": [
    {
      "type": "Feature",
      "properties": {
        "@id": "node/325200485",
        "amenity": "public_bookcase"
      },
      "geometry": {
        "type": "Point",
        "coordinates": [
          13.5752535,
          49.8764622
        ]
      },
      "id": "node/325200485"
    },
    {
      "type": "Feature",
      "properties": {
        "@id": "node/344528941",
        "amenity": "public_bookcase"
      },
      "geometry": {
        "type": "Point",
        "coordinates": [
          14.4622708,
          50.0092232
        ]
      },
      "id": "node/344528941"
    },
    {
      "type": "Feature",
      "properties": {
        "@id": "node/366964632",
        "amenity": "public_bookcase",
        "check_date": "2025-03-01",
        "public_bookcase:type": "phone_box",
        "wikimedia_commons": "File:Knihobudka_-_Dolní_Měcholupy_(Praha).jpg"
      },
      "geometry": {
        "type": "Point",
        "coordinates": [
          14.5575493,
          50.0587183
        ]
      },
      "id": "node/366964632"
    },
    {
      "type": "Feature",
      "properties": {
        "@id": "node/512682892",
        "access": "yes",
        "amenity": "public_bookcase",
        "opening_hours": "24/7",
        "public_bookcase:type": "wooden_cabinet"
      },
      "geometry": {
        "type": "Point",
        "coordinates": [
          16.2583407,
          49.3418576
        ]
      },
      "id": "node/512682892"
    },
    {
      "type": "Feature",
      "properties": {
        "@id": "node/822492138",
        "addr:conscriptionnumber": "151",
        "addr:country": "CZ",
        "addr:housenumber": "151",
        "addr:place": "Ronov nad Doubravou",
        "addr:postcode": "53842",
        "addr:street": "Chittussiho nám.",
        "amenity": "public_bookcase",
        "ref:ruian:addr": "5277205",
        "website": "https://www.ronovnd.cz/mesto/knihovna-galerie/knihovna/"
      },
      "geometry": {
        "type": "Point",
        "coordinates": [
          15.5298474,
          49.8886138
        ]
      },
      "id": "node/822492138"
    },
    {
      "type": "Feature",
      "properties": {
        "@id": "node/967008271",
        "amenity": "public_bookcase",
        "public_bookcase:type": "phone_box"
      },
      "geometry": {
        "type": "Point",
        "coordinates": [
          12.1384398,
          50.1628535
        ]
      },
      "id": "node/967008271"
    },
    {
      "type": "Feature",
      "properties": {
        "@id": "node/1393613249",
        "amenity": "public_bookcase",
        "operator": "Förderverein Grundschule Mittelbach",
        "operator:type": "private_non_profit"
      },
      "geometry": {
        "type": "Point",
        "coordinates": [
          12.799931,
          50.7996267
        ]
      },
      "id": "node/1393613249"
    },
    {
      "type": "Feature",
      "properties": {
        "@id": "node/1407045721",
        "access": "permissive",
        "amenity": "public_bookcase",
        "indoor": "yes",
        "public_bookcase:type": "phone_box"
      },
      "geometry": {
        "type": "Point",
        "coordinates": [
          12.0060707,
          49.5561923
        ]
      },
      "id": "node/1407045721"
    },
    {
      "type": "Feature",
      "properties": {
        "@id": "node/1494281198",
        "amenity": "public_bookcase",
        "indoor": "yes"
      },
      "geometry": {
        "type": "Point",
        "coordinates": [
          12.9235376,
          50.8309601
        ]
      },
      "id": "node/1494281198"
    },
    {
      "type": "Feature",
      "properties": {
        "@id": "node/1565733918",
        "amenity": "public_bookcase"
      },
      "geometry": {
        "type": "Point",
        "coordinates": [
          14.3862281,
          49.9673047
        ]
      },
      "id": "node/1565733918"
    },
    {
      "type": "Feature",
      "properties": {
        "@id": "node/1576970007",
        "amenity": "public_bookcase",
        "opening_hours": "24/7",
        "public_bookcase:type": "phone_box",
        "wheelchair": "yes"
      },
      "geometry": {
        "type": "Point",
        "coordinates": [
          16.447056,
          49.3115464
        ]
      },
      "id": "node/1576970007"
    },
    {
      "type": "Feature",
      "properties": {
        "@id": "node/1665027853",
        "amenity": "public_bookcase",
        "public_bookcase:type": "phone_box"
      },
      "geometry": {
        "type": "Point",
        "coordinates": [
          14.3920502,
          49.3431583
        ]
      },
      "id": "node/1665027853"
    },
    {
      "type": "Feature",
      "properties": {
        "@id": "node/1909715321",
        "amenity": "public_bookcase",
        "public_bookcase:type": "phone_box"
      },
      "geometry": {
        "type": "Point",
        "coordinates": [
          17.4795305,
          49.5102432
        ]
      },
      "id": "node/1909715321"
    },
    {
      "type": "Feature",
      "properties": {
        "@id": "node/2000451815",
        "amenity": "public_bookcase",
        "public_bookcase:type": "phone_box"
      },
      "geometry": {
        "type": "Point",
        "coordinates": [
          15.2711493,
          49.7707444
        ]
      },
      "id": "node/2000451815"
    },
    {
      "type": "Feature",
      "properties": {
        "@id": "node/2113970998",
        "amenity": "public_bookcase",
        "opening_hours": "24/7",
        "public_bookcase:type": "phone_box"
      },
      "geometry": {
        "type": "Point",
        "coordinates": [
          14.7516304,
          50.1627735
        ]
      },
      "id": "node/2113970998"
    },
    {
      "type": "Feature",
      "properties": {
        "@id": "node/2511525603",
        "amenity": "public_bookcase",
        "opening_hours": "24/7",
        "public_bookcase:type": "phone_box"
      },
      "geometry": {
        "type": "Point",
        "coordinates": [
          16.8789261,
          49.5459996
        ]
      },
      "id": "node/2511525603"
    },
    {
      "type": "Feature",
      "properties": {
        "@id": "node/3074903915",
        "addr:city": "Straubing",
        "addr:country": "DE",
        "addr:housenumber": "56",
        "addr:postcode": "94315",
        "addr:street": "Steinweg",
        "amenity": "public_bookcase",
        "branch": "öffentlicher Bücherschrank",
        "brand": "BookCrossing",
        "brand:wikidata": "Q324286",
        "level": "0",
        "location": "indoor",
        "name": "OBCZ",
        "operator": "vhs Straubing",
        "website": "https://www.bookcrossing.com/hunt/28/3379/43470/717527"
      },
      "geometry": {
        "type": "Point",
        "coordinates": [
          12.582946,
          48.8703817
        ]
      },
      "id": "node/3074903915"
    },
    {
      "type": "Feature",
      "properties": {
        "@id": "node/3211292198",
        "amenity": "public_bookcase",
        "books": "children",
        "brand": "Little Free Library",
        "brand:wikidata": "Q6650101",
        "brand:wikipedia": "en:Little Free Library",
        "name": "Little Free Library",
        "public_bookcase:type": "reading_box"
      },
      "geometry": {
        "type": "Point",
        "coordinates": [
          17.8270657,
          48.7582611
        ]
      },
      "id": "node/3211292198"
    },
    {
      "type": "Feature",
      "properties": {
        "@id": "node/3248975332",
        "amenity": "public_bookcase"
      },
      "geometry": {
        "type": "Point",
        "coordinates": [
          14.502136,
          50.0570555
        ]
      },
      "id": "node/3248975332"
    },
    {
      "type": "Feature",
      "properties": {
        "@id": "node/3366425902",
        "amenity": "public_bookcase",
        "booth": "TelH_78",
        "check_date": "2023-06-12",
        "man_made": "telephone_box",
        "public_bookcase:type": "phone_box"
      },
      "geometry": {
        "type": "Point",
        "coordinates": [
          13.7500122,
          51.0762472
        ]
      },
      "id": "node/3366425902"
    },
    {
      "type": "Feature",
      "properties": {
        "@id": "node/3366885871",
        "amenity": "public_bookcase",
        "check_date": "2026-04-15",
        "indoor": "no",
        "opening_hours": "24/7",
        "operator": "Freiraum Zittau e.V.",
        "public_bookcase:type": "shelf",
        "shelter": "yes",
        "website": "https://www.freiraumzittau.de/84-erster-oeffentlicher-buecherschrank-in-zittau",
        "wheelchair": "no"
      },
      "geometry": {
        "type": "Point",
        "coordinates": [
          14.804295,
          50.8972242
        ]
      },
      "id": "node/3366885871"
    },
    {
      "type": "Feature",
      "properties": {
        "@id": "node/3369422075",
        "amenity": "public_bookcase",
        "check_date": "2024-02-15"
      },
      "geometry": {
        "type": "Point",
        "coordinates": [
          12.7471955,
          50.7417918
        ]
      },
      "id": "node/3369422075"
    },
    {
      "type": "Feature",
      "properties": {
        "@id": "node/3378058068",
        "amenity": "public_bookcase",
        "opening_hours": "Mo-Su 09:00-16:00"
      },
      "geometry": {
        "type": "Point",
        "coordinates": [
          12.8084507,
          48.554133
        ]
      },
      "id": "node/3378058068"
    },
    {
      "type": "Feature",
      "properties": {
        "@id": "node/3473324908",
        "amenity": "public_bookcase",
        "check_date": "2025-12-31",
        "colour": "yellow and red",
        "public_bookcase:type": "phone_box"
      },
      "geometry": {
        "type": "Point",
        "coordinates": [
          16.0787592,
          48.5623552
        ]
      },
      "id": "node/3473324908"
    },
    {
      "type": "Feature",
      "properties": {
        "@id": "node/3473324909",
        "amenity": "public_bookcase",
        "check_date": "2025-12-31"
      },
      "geometry": {
        "type": "Point",
        "coordinates": [
          16.0791056,
          48.5634033
        ]
      },
      "id": "node/3473324909"
    },
    {
      "type": "Feature",
      "properties": {
        "@id": "node/3580056399",
        "amenity": "public_bookcase",
        "check_date": "2022-05-14",
        "public_bookcase:type": "phone_box"
      },
      "geometry": {
        "type": "Point",
        "coordinates": [
          14.3937241,
          49.9759082
        ]
      },
      "id": "node/3580056399"
    },
    {
      "type": "Feature",
      "properties": {
        "@id": "node/3610294194",
        "amenity": "public_bookcase",
        "check_date": "2024-05-18",
        "lit": "no",
        "operator": "Městská knihovna",
        "public_bookcase:type": "phone_box"
      },
      "geometry": {
        "type": "Point",
        "coordinates": [
          14.3143268,
          48.809679
        ]
      },
      "id": "node/3610294194"
    },
    {
      "type": "Feature",
      "properties": {
        "@id": "node/3634474703",
        "amenity": "public_bookcase",
        "operator": "Kunst- und Kulturverein Roding e.V.",
        "public_bookcase:type": "phone_box"
      },
      "geometry": {
        "type": "Point",
        "coordinates": [
          12.5185732,
          49.1961167
        ]
      },
      "id": "node/3634474703"
    },
    {
      "type": "Feature",
      "properties": {
        "@id": "node/3659181010",
        "access": "yes",
        "amenity": "public_bookcase",
        "capacity": "500",
        "check_date": "2023-10-15",
        "opening_hours": "24/7",
        "operator": "Újezd u Brna",
        "public_bookcase:type": "shelter",
        "wheelchair": "yes"
      },
      "geometry": {
        "type": "Point",
        "coordinates": [
          16.7574691,
          49.1049608
        ]
      },
      "id": "node/3659181010"
    },
    {
      "type": "Feature",
      "properties": {
        "@id": "node/3672408612",
        "amenity": "public_bookcase",
        "source": "survey"
      },
      "geometry": {
        "type": "Point",
        "coordinates": [
          13.8950808,
          49.2591147
        ]
      },
      "id": "node/3672408612"
    },
    {
      "type": "Feature",
      "properties": {
        "@id": "node/3678958667",
        "amenity": "public_bookcase",
        "check_date": "2024-09-03",
        "public_bookcase:type": "phone_box"
      },
      "geometry": {
        "type": "Point",
        "coordinates": [
          13.65971,
          48.9899745
        ]
      },
      "id": "node/3678958667"
    },
    {
      "type": "Feature",
      "properties": {
        "@id": "node/3846292766",
        "amenity": "public_bookcase",
        "capacity": ">500",
        "name": "Cunnersdorfer Bücherhaltestelle",
        "public_bookcase:type": "shelter"
      },
      "geometry": {
        "type": "Point",
        "coordinates": [
          14.1138102,
          50.8859545
        ]
      },
      "id": "node/3846292766"
    },
    {
      "type": "Feature",
      "properties": {
        "@id": "node/3858580914",
        "amenity": "public_bookcase",
        "capacity": "30",
        "check_date": "2025-08-12",
        "name": "Bücheregal",
        "name:en": "open book exchange shelf"
      },
      "geometry": {
        "type": "Point",
        "coordinates": [
          13.7586525,
          51.0680621
        ]
      },
      "id": "node/3858580914"
    },
    {
      "type": "Feature",
      "properties": {
        "@id": "node/3858582829",
        "addr:city": "Dresden",
        "addr:housenumber": "7",
        "addr:postcode": "01067",
        "addr:street": "Messering",
        "alt_name": "Die Lesezelle. Messe Dresden",
        "amenity": "public_bookcase",
        "booth": "TelH_90",
        "capacity": "300",
        "check_date": "2021-05-16",
        "colour": "blue",
        "man_made": "telephone_box",
        "name": "Bücher Box Messe Dresden",
        "name:en": "Public Book Exchange Messe Dresden",
        "operator": "Messe Dresden",
        "public_bookcase:type": "phone_box",
        "wikimedia_commons": "File:Bücherzelle Messe Dresden.jpg"
      },
      "geometry": {
        "type": "Point",
        "coordinates": [
          13.7163235,
          51.0688218
        ]
      },
      "id": "node/3858582829"
    },
    {
      "type": "Feature",
      "properties": {
        "@id": "node/3903503925",
        "amenity": "public_bookcase",
        "check_date": "2025-02-10",
        "public_bookcase:type": "phone_box"
      },
      "geometry": {
        "type": "Point",
        "coordinates": [
          15.4245382,
          50.7763629
        ]
      },
      "id": "node/3903503925"
    },
    {
      "type": "Feature",
      "properties": {
        "@id": "node/3907864972",
        "amenity": "public_bookcase"
      },
      "geometry": {
        "type": "Point",
        "coordinates": [
          12.8923002,
          50.0320476
        ]
      },
      "id": "node/3907864972"
    },
    {
      "type": "Feature",
      "properties": {
        "@id": "node/3921313810",
        "amenity": "public_bookcase",
        "public_bookcase:type": "phone_box"
      },
      "geometry": {
        "type": "Point",
        "coordinates": [
          13.5148823,
          49.7473897
        ]
      },
      "id": "node/3921313810"
    },
    {
      "type": "Feature",
      "properties": {
        "@id": "node/3947865146",
        "amenity": "public_bookcase",
        "opening_hours": "24/7",
        "operator": "Městská knihovna Český Těšín",
        "public_bookcase:type": "phone_box",
        "source": "gps;survey"
      },
      "geometry": {
        "type": "Point",
        "coordinates": [
          18.6094836,
          49.7478083
        ]
      },
      "id": "node/3947865146"
    },
    {
      "type": "Feature",
      "properties": {
        "@id": "node/3951608720",
        "amenity": "public_bookcase",
        "check_date": "2021-05-14",
        "opening_hours": "24/7",
        "public_bookcase:type": "reading_box"
      },
      "geometry": {
        "type": "Point",
        "coordinates": [
          18.1687598,
          49.8300149
        ]
      },
      "id": "node/3951608720"
    },
    {
      "type": "Feature",
      "properties": {
        "@id": "node/3959776147",
        "amenity": "public_bookcase",
        "booth": "TelH_78",
        "brand": "Bücherzelle",
        "brand:wikidata": "Q107266562",
        "colour": "yellow",
        "man_made": "telephone_box",
        "name": "Bücherzelle",
        "operator": "Privat",
        "public_bookcase:type": "phone_box"
      },
      "geometry": {
        "type": "Point",
        "coordinates": [
          12.0822969,
          50.5425605
        ]
      },
      "id": "node/3959776147"
    },
    {
      "type": "Feature",
      "properties": {
        "@id": "node/4073109325",
        "amenity": "public_bookcase",
        "check_date": "2026-05-09"
      },
      "geometry": {
        "type": "Point",
        "coordinates": [
          14.4547479,
          50.070783
        ]
      },
      "id": "node/4073109325"
    },
    {
      "type": "Feature",
      "properties": {
        "@id": "node/4259452411",
        "amenity": "public_bookcase"
      },
      "geometry": {
        "type": "Point",
        "coordinates": [
          15.658794,
          48.5959248
        ]
      },
      "id": "node/4259452411"
    },
    {
      "type": "Feature",
      "properties": {
        "@id": "node/4353730623",
        "amenity": "public_bookcase",
        "name": "Knihobudka"
      },
      "geometry": {
        "type": "Point",
        "coordinates": [
          16.5459439,
          49.4072769
        ]
      },
      "id": "node/4353730623"
    },
    {
      "type": "Feature",
      "properties": {
        "@id": "node/4407696552",
        "amenity": "public_bookcase",
        "covered": "yes",
        "opening_hours": "24/7",
        "public_bookcase:type": "shelf",
        "wheelchair": "yes"
      },
      "geometry": {
        "type": "Point",
        "coordinates": [
          14.3236184,
          49.9598562
        ]
      },
      "id": "node/4407696552"
    },
    {
      "type": "Feature",
      "properties": {
        "@id": "node/4434786835",
        "amenity": "public_bookcase"
      },
      "geometry": {
        "type": "Point",
        "coordinates": [
          12.0939364,
          49.5749834
        ]
      },
      "id": "node/4434786835"
    },
    {
      "type": "Feature",
      "properties": {
        "@id": "node/4437695758",
        "amenity": "public_bookcase"
      },
      "geometry": {
        "type": "Point",
        "coordinates": [
          13.8875463,
          49.8910304
        ]
      },
      "id": "node/4437695758"
    },
    {
      "type": "Feature",
      "properties": {
        "@id": "node/4461859088",
        "amenity": "public_bookcase",
        "check_date": "2025-08-17"
      },
      "geometry": {
        "type": "Point",
        "coordinates": [
          15.9371164,
          49.5815756
        ]
      },
      "id": "node/4461859088"
    },
    {
      "type": "Feature",
      "properties": {
        "@id": "node/4470677160",
        "amenity": "public_bookcase",
        "booth": "TelH_78",
        "check_date": "2025-08-08",
        "cn_tud:token": "BücherZelle",
        "man_made": "telephone_box",
        "public_bookcase:type": "phone_box",
        "wheelchair": "no"
      },
      "geometry": {
        "type": "Point",
        "coordinates": [
          13.7307367,
          51.0290267
        ]
      },
      "id": "node/4470677160"
    },
    {
      "type": "Feature",
      "properties": {
        "@id": "node/4504092503",
        "amenity": "public_bookcase",
        "public_bookcase:type": "shelter"
      },
      "geometry": {
        "type": "Point",
        "coordinates": [
          14.3109732,
          50.1603225
        ]
      },
      "id": "node/4504092503"
    },
    {
      "type": "Feature",
      "properties": {
        "@id": "node/4504092505",
        "amenity": "public_bookcase",
        "public_bookcase:type": "shelter"
      },
      "geometry": {
        "type": "Point",
        "coordinates": [
          14.419761,
          50.1766316
        ]
      },
      "id": "node/4504092505"
    },
    {
      "type": "Feature",
      "properties": {
        "@id": "node/4688275898",
        "amenity": "public_bookcase",
        "check_date": "2025-07-01",
        "source": "survey"
      },
      "geometry": {
        "type": "Point",
        "coordinates": [
          13.4174588,
          49.6966167
        ]
      },
      "id": "node/4688275898"
    },
    {
      "type": "Feature",
      "properties": {
        "@id": "node/4689031041",
        "amenity": "public_bookcase",
        "check_date": "2021-10-06",
        "name": "Děkuji sousede",
        "source": "survey"
      },
      "geometry": {
        "type": "Point",
        "coordinates": [
          13.3686389,
          49.7705653
        ]
      },
      "id": "node/4689031041"
    },
    {
      "type": "Feature",
      "properties": {
        "@id": "node/4689140110",
        "amenity": "public_bookcase",
        "name": "Knihobudka Vinice",
        "opening_hours": "Mo-Th 09:00-18:00; Fr 09:00-13:00",
        "public_bookcase:type": "wooden_cabinet",
        "source": "survey"
      },
      "geometry": {
        "type": "Point",
        "coordinates": [
          13.3513325,
          49.7630009
        ]
      },
      "id": "node/4689140110"
    },
    {
      "type": "Feature",
      "properties": {
        "@id": "node/4750657909",
        "amenity": "public_bookcase",
        "name": "Bazarbudka"
      },
      "geometry": {
        "type": "Point",
        "coordinates": [
          13.1602717,
          49.2151007
        ]
      },
      "id": "node/4750657909"
    },
    {
      "type": "Feature",
      "properties": {
        "@id": "node/4818770806",
        "amenity": "public_bookcase",
        "check_date": "2025-11-11",
        "name": "KnihoBudka",
        "public_bookcase:type": "phone_box"
      },
      "geometry": {
        "type": "Point",
        "coordinates": [
          14.5458112,
          50.0489024
        ]
      },
      "id": "node/4818770806"
    },
    {
      "type": "Feature",
      "properties": {
        "@id": "node/4840663257",
        "amenity": "public_bookcase",
        "capacity": "100",
        "opening_hours": "24/7",
        "operator": "Praha-Kunratice",
        "public_bookcase:type": "glass_cabinet",
        "wheelchair": "no"
      },
      "geometry": {
        "type": "Point",
        "coordinates": [
          14.4834851,
          50.0139613
        ]
      },
      "id": "node/4840663257"
    },
    {
      "type": "Feature",
      "properties": {
        "@id": "node/4878262503",
        "amenity": "public_bookcase",
        "check_date": "2025-09-13",
        "public_bookcase:type": "phone_box",
        "source": "knowledge",
        "website": "https://www.knihobudka.cz/"
      },
      "geometry": {
        "type": "Point",
        "coordinates": [
          14.076059,
          49.9578907
        ]
      },
      "id": "node/4878262503"
    },
    {
      "type": "Feature",
      "properties": {
        "@id": "node/4878427986",
        "amenity": "public_bookcase",
        "capacity": "200",
        "check_date": "2023-06-26",
        "opening_hours": "08:00-20:00",
        "public_bookcase:type": "phone_box",
        "source": "survey"
      },
      "geometry": {
        "type": "Point",
        "coordinates": [
          14.4573204,
          50.0465837
        ]
      },
      "id": "node/4878427986"
    },
    {
      "type": "Feature",
      "properties": {
        "@id": "node/4888427287",
        "amenity": "public_bookcase",
        "booth": "TelH_78",
        "check_date": "2024-06-01",
        "colour": "yellow",
        "man_made": "telephone_box",
        "name": "Gelbe Bücherwechselstelle",
        "public_bookcase:type": "phone_box"
      },
      "geometry": {
        "type": "Point",
        "coordinates": [
          14.1666611,
          50.9075436
        ]
      },
      "id": "node/4888427287"
    },
    {
      "type": "Feature",
      "properties": {
        "@id": "node/4896960877",
        "amenity": "public_bookcase",
        "public_bookcase:type": "glass_cabinet"
      },
      "geometry": {
        "type": "Point",
        "coordinates": [
          14.4045885,
          50.166498
        ]
      },
      "id": "node/4896960877"
    },
    {
      "type": "Feature",
      "properties": {
        "@id": "node/4938039004",
        "amenity": "public_bookcase",
        "public_bookcase:type": "shelter"
      },
      "geometry": {
        "type": "Point",
        "coordinates": [
          14.4194699,
          50.1791431
        ]
      },
      "id": "node/4938039004"
    },
    {
      "type": "Feature",
      "properties": {
        "@id": "node/4958835076",
        "amenity": "public_bookcase",
        "name": "Knihobudka"
      },
      "geometry": {
        "type": "Point",
        "coordinates": [
          18.3928849,
          49.5387145
        ]
      },
      "id": "node/4958835076"
    },
    {
      "type": "Feature",
      "properties": {
        "@id": "node/5017877667",
        "amenity": "public_bookcase"
      },
      "geometry": {
        "type": "Point",
        "coordinates": [
          18.2094231,
          49.8209677
        ]
      },
      "id": "node/5017877667"
    },
    {
      "type": "Feature",
      "properties": {
        "@id": "node/5027133121",
        "amenity": "public_bookcase",
        "name": "Knihovna - vymena knížek",
        "name:en": "Free books library"
      },
      "geometry": {
        "type": "Point",
        "coordinates": [
          15.4370609,
          49.0792254
        ]
      },
      "id": "node/5027133121"
    },
    {
      "type": "Feature",
      "properties": {
        "@id": "node/5105844892",
        "amenity": "public_bookcase",
        "opening_hours": "24/7",
        "public_bookcase:type": "phone_box"
      },
      "geometry": {
        "type": "Point",
        "coordinates": [
          16.8636621,
          49.2493272
        ]
      },
      "id": "node/5105844892"
    },
    {
      "type": "Feature",
      "properties": {
        "@id": "node/5184792041",
        "amenity": "public_bookcase"
      },
      "geometry": {
        "type": "Point",
        "coordinates": [
          15.5830611,
          50.3265733
        ]
      },
      "id": "node/5184792041"
    },
    {
      "type": "Feature",
      "properties": {
        "@id": "node/5206822613",
        "amenity": "public_bookcase",
        "opening_hours": "24/7",
        "public_bookcase:type": "wooden_cabinet"
      },
      "geometry": {
        "type": "Point",
        "coordinates": [
          14.5409055,
          48.9478057
        ]
      },
      "id": "node/5206822613"
    },
    {
      "type": "Feature",
      "properties": {
        "@id": "node/5210256532",
        "amenity": "public_bookcase",
        "booth": "TelH_78",
        "check_date": "2024-10-30",
        "colour": "blue",
        "name": "BücherZelle",
        "operator": "Konglomerat e.V.",
        "public_bookcase:type": "phone_box",
        "start_date": "2017-10-10",
        "website": "https://www.konglomerat.org/projekte/buecherzelle.html"
      },
      "geometry": {
        "type": "Point",
        "coordinates": [
          13.699072,
          51.0423238
        ]
      },
      "id": "node/5210256532"
    },
    {
      "type": "Feature",
      "properties": {
        "@id": "node/5305080765",
        "amenity": "public_bookcase",
        "source": "survey"
      },
      "geometry": {
        "type": "Point",
        "coordinates": [
          16.0537451,
          50.3954395
        ]
      },
      "id": "node/5305080765"
    },
    {
      "type": "Feature",
      "properties": {
        "@id": "node/5308594943",
        "amenity": "public_bookcase",
        "check_date": "2026-05-01",
        "name": "Knihobudka"
      },
      "geometry": {
        "type": "Point",
        "coordinates": [
          17.4615243,
          49.0684594
        ]
      },
      "id": "node/5308594943"
    },
    {
      "type": "Feature",
      "properties": {
        "@id": "node/5324286279",
        "amenity": "public_bookcase",
        "lit": "no",
        "public_bookcase:type": "reading_box"
      },
      "geometry": {
        "type": "Point",
        "coordinates": [
          14.5436206,
          48.9412173
        ]
      },
      "id": "node/5324286279"
    },
    {
      "type": "Feature",
      "properties": {
        "@id": "node/5359614550",
        "amenity": "public_bookcase",
        "capacity": "100",
        "website": "https://www.knihovna-repiste.cz/"
      },
      "geometry": {
        "type": "Point",
        "coordinates": [
          18.31939,
          49.7325278
        ]
      },
      "id": "node/5359614550"
    },
    {
      "type": "Feature",
      "properties": {
        "@id": "node/5569900248",
        "amenity": "public_bookcase",
        "check_date": "2025-10-18"
      },
      "geometry": {
        "type": "Point",
        "coordinates": [
          14.4862096,
          48.9011176
        ]
      },
      "id": "node/5569900248"
    },
    {
      "type": "Feature",
      "properties": {
        "@id": "node/5586599325",
        "amenity": "public_bookcase",
        "check_date": "2025-12-21",
        "name": "Bad Kötztinger Straßenbücherei"
      },
      "geometry": {
        "type": "Point",
        "coordinates": [
          12.8553697,
          49.1768478
        ]
      },
      "id": "node/5586599325"
    },
    {
      "type": "Feature",
      "properties": {
        "@id": "node/5613324020",
        "amenity": "public_bookcase",
        "check_date": "2026-01-25"
      },
      "geometry": {
        "type": "Point",
        "coordinates": [
          13.718874,
          51.0612133
        ]
      },
      "id": "node/5613324020"
    },
    {
      "type": "Feature",
      "properties": {
        "@id": "node/5615795077",
        "amenity": "public_bookcase",
        "booth": "TelH_90",
        "man_made": "telephone_box",
        "name": "Bücherbox",
        "operator": "Stadtwerke Glauchau Dienstleistungsgesellschaft mbH",
        "public_bookcase:type": "phone_box",
        "wikimedia_commons": "File:Bücherzelle_Glauchau_Virchow-Klinikum-2019-02-02.jpg"
      },
      "geometry": {
        "type": "Point",
        "coordinates": [
          12.5509161,
          50.8104354
        ]
      },
      "id": "node/5615795077"
    },
    {
      "type": "Feature",
      "properties": {
        "@id": "node/5615804792",
        "amenity": "public_bookcase",
        "check_date": "2025-10-09",
        "name": "Bücherbox",
        "operator": "Stadtwerke Glauchau Dienstleistungsgesellschaft mbH",
        "public_bookcase:type": "building"
      },
      "geometry": {
        "type": "Point",
        "coordinates": [
          12.5154854,
          50.8213414
        ]
      },
      "id": "node/5615804792"
    },
    {
      "type": "Feature",
      "properties": {
        "@id": "node/5615804793",
        "amenity": "public_bookcase",
        "check_date": "2022-05-28",
        "name": "Bücherbox",
        "operator": "Stadtwerke Glauchau Dienstleistungsgesellschaft mbH",
        "public_bookcase:type": "phone_box"
      },
      "geometry": {
        "type": "Point",
        "coordinates": [
          12.5140304,
          50.831524
        ]
      },
      "id": "node/5615804793"
    },
    {
      "type": "Feature",
      "properties": {
        "@id": "node/5615804794",
        "amenity": "public_bookcase",
        "booth": "TelH_90",
        "check_date": "2021-04-01",
        "man_made": "telephone_box",
        "name": "Bücherbox",
        "operator": "Stadtwerke Glauchau Dienstleistungsgesellschaft mbH",
        "public_bookcase:type": "phone_box",
        "wikimedia_commons": "File:Bücherzelle Glauchau Otto-Schimmel-Strasse-2019-02-02.jpg"
      },
      "geometry": {
        "type": "Point",
        "coordinates": [
          12.5437059,
          50.8230205
        ]
      },
      "id": "node/5615804794"
    },
    {
      "type": "Feature",
      "properties": {
        "@id": "node/5670193621",
        "alt_name": "Bücher-Buffet Wechselburg",
        "amenity": "public_bookcase",
        "check_date": "2025-08-15",
        "name": "Bücher-Buffet",
        "public_bookcase:type": "wooden_cabinet"
      },
      "geometry": {
        "type": "Point",
        "coordinates": [
          12.7729154,
          51.0050305
        ]
      },
      "id": "node/5670193621"
    },
    {
      "type": "Feature",
      "properties": {
        "@id": "node/5695437635",
        "amenity": "public_bookcase"
      },
      "geometry": {
        "type": "Point",
        "coordinates": [
          18.2178969,
          49.4299296
        ]
      },
      "id": "node/5695437635"
    },
    {
      "type": "Feature",
      "properties": {
        "@id": "node/5708600153",
        "amenity": "public_bookcase",
        "name": "KnihoBudka",
        "website": "https://www.knihobudka.cz/"
      },
      "geometry": {
        "type": "Point",
        "coordinates": [
          14.4323656,
          50.0499201
        ]
      },
      "id": "node/5708600153"
    },
    {
      "type": "Feature",
      "properties": {
        "@id": "node/5708614320",
        "amenity": "public_bookcase",
        "check_date": "2026-03-19",
        "description": "Inside the bus station."
      },
      "geometry": {
        "type": "Point",
        "coordinates": [
          14.3442082,
          49.9280119
        ]
      },
      "id": "node/5708614320"
    },
    {
      "type": "Feature",
      "properties": {
        "@id": "node/5778787021",
        "amenity": "public_bookcase",
        "check_date": "2023-07-03"
      },
      "geometry": {
        "type": "Point",
        "coordinates": [
          15.5619375,
          49.1401883
        ]
      },
      "id": "node/5778787021"
    },
    {
      "type": "Feature",
      "properties": {
        "@id": "node/5801982978",
        "amenity": "public_bookcase"
      },
      "geometry": {
        "type": "Point",
        "coordinates": [
          18.4059197,
          49.6214338
        ]
      },
      "id": "node/5801982978"
    },
    {
      "type": "Feature",
      "properties": {
        "@id": "node/5808795035",
        "amenity": "public_bookcase"
      },
      "geometry": {
        "type": "Point",
        "coordinates": [
          15.4644081,
          50.6617251
        ]
      },
      "id": "node/5808795035"
    },
    {
      "type": "Feature",
      "properties": {
        "@id": "node/5819923460",
        "amenity": "public_bookcase",
        "check_date": "2026-02-08",
        "indoor": "no",
        "location": "outdoor",
        "note": "wurde am 2023-08-21 von der Pfleggasse hier an dieses Stelle versetzt",
        "wikimedia_commons": "File:Bücherbaum (Deggendorf).jpg"
      },
      "geometry": {
        "type": "Point",
        "coordinates": [
          12.9639398,
          48.8320346
        ]
      },
      "id": "node/5819923460"
    },
    {
      "type": "Feature",
      "properties": {
        "@id": "node/5826858043",
        "amenity": "public_bookcase",
        "level": "1",
        "name": "Knižnica na korze",
        "opening_hours": "Mo-Su 08:00-20:00",
        "wheelchair": "yes"
      },
      "geometry": {
        "type": "Point",
        "coordinates": [
          18.6079129,
          48.7800706
        ]
      },
      "id": "node/5826858043"
    },
    {
      "type": "Feature",
      "properties": {
        "@id": "node/5847410745",
        "amenity": "public_bookcase",
        "public_bookcase:type": "reading_box",
        "source": "survey"
      },
      "geometry": {
        "type": "Point",
        "coordinates": [
          17.3666543,
          48.6809007
        ]
      },
      "id": "node/5847410745"
    },
    {
      "type": "Feature",
      "properties": {
        "@id": "node/6074579366",
        "amenity": "public_bookcase",
        "check_date": "2024-04-27",
        "name": "Sousedská knihovna",
        "opening_hours": "24/7",
        "public_bookcase:type": "phone_box"
      },
      "geometry": {
        "type": "Point",
        "coordinates": [
          16.4243051,
          49.3472943
        ]
      },
      "id": "node/6074579366"
    },
    {
      "type": "Feature",
      "properties": {
        "@id": "node/6188269422",
        "amenity": "public_bookcase",
        "source": "bing;cuzk:km;local_knowledge"
      },
      "geometry": {
        "type": "Point",
        "coordinates": [
          12.1898038,
          50.2208972
        ]
      },
      "id": "node/6188269422"
    },
    {
      "type": "Feature",
      "properties": {
        "@id": "node/6208901259",
        "amenity": "public_bookcase",
        "name": "Bücherturm",
        "operator": "Stadtbücherei Retz",
        "public_bookcase:type": "metal_cabinet"
      },
      "geometry": {
        "type": "Point",
        "coordinates": [
          15.9516741,
          48.7568691
        ]
      },
      "id": "node/6208901259"
    },
    {
      "type": "Feature",
      "properties": {
        "@id": "node/6298852390",
        "amenity": "public_bookcase",
        "booth": "TelH_90_Sh",
        "colour": "white",
        "man_made": "telephone_box",
        "opening_hours": "24/7",
        "public_bookcase:type": "phone_box",
        "wheelchair": "yes"
      },
      "geometry": {
        "type": "Point",
        "coordinates": [
          13.294827,
          50.8714038
        ]
      },
      "id": "node/6298852390"
    },
    {
      "type": "Feature",
      "properties": {
        "@id": "node/6372370702",
        "amenity": "public_bookcase",
        "check_date": "2025-04-01",
        "lit": "no",
        "opening_hours": "24/7"
      },
      "geometry": {
        "type": "Point",
        "coordinates": [
          12.1007037,
          49.0241282
        ]
      },
      "id": "node/6372370702"
    },
    {
      "type": "Feature",
      "properties": {
        "@id": "node/6399625921",
        "amenity": "public_bookcase",
        "lit": "no",
        "public_bookcase:type": "shelter",
        "wikimedia_commons": "File:Bücherschrank Bücherregal Eidsberg.jpg"
      },
      "geometry": {
        "type": "Point",
        "coordinates": [
          12.9578315,
          48.8946073
        ]
      },
      "id": "node/6399625921"
    },
    {
      "type": "Feature",
      "properties": {
        "@id": "node/6401211383",
        "amenity": "public_bookcase",
        "indoor": "no"
      },
      "geometry": {
        "type": "Point",
        "coordinates": [
          13.0328713,
          50.912249
        ]
      },
      "id": "node/6401211383"
    },
    {
      "type": "Feature",
      "properties": {
        "@id": "node/6437912887",
        "amenity": "public_bookcase",
        "check_date": "2021-12-30",
        "public_bookcase:type": "wooden_cabinet"
      },
      "geometry": {
        "type": "Point",
        "coordinates": [
          14.8960579,
          49.8775566
        ]
      },
      "id": "node/6437912887"
    },
    {
      "type": "Feature",
      "properties": {
        "@id": "node/6440283848",
        "amenity": "public_bookcase"
      },
      "geometry": {
        "type": "Point",
        "coordinates": [
          17.8368716,
          48.5919729
        ]
      },
      "id": "node/6440283848"
    },
    {
      "type": "Feature",
      "properties": {
        "@id": "node/6509628263",
        "amenity": "public_bookcase",
        "check_date": "2024-06-03",
        "name": "Bücher Box"
      },
      "geometry": {
        "type": "Point",
        "coordinates": [
          16.3639046,
          48.52736
        ]
      },
      "id": "node/6509628263"
    },
    {
      "type": "Feature",
      "properties": {
        "@id": "node/6556106123",
        "amenity": "public_bookcase",
        "booth": "TelH_90",
        "man_made": "telephone_box",
        "name": "Bücherzelle",
        "public_bookcase:type": "phone_box"
      },
      "geometry": {
        "type": "Point",
        "coordinates": [
          12.1275721,
          50.0762991
        ]
      },
      "id": "node/6556106123"
    },
    {
      "type": "Feature",
      "properties": {
        "@id": "node/6574235256",
        "amenity": "public_bookcase",
        "booth": "TelH_78",
        "brand": "Bücherzelle",
        "brand:wikidata": "Q107266562",
        "check_date": "2026-05-14",
        "colour": "red",
        "image": "https://commons.wikimedia.org/wiki/File:Bücherzelle_in_Weiden.jpg",
        "man_made": "telephone_box",
        "name": "Bücherzelle",
        "opening_hours": "24/7",
        "public_bookcase:type": "phone_box",
        "wikimedia_commons": "File:Bücherzelle in Weiden.jpg"
      },
      "geometry": {
        "type": "Point",
        "coordinates": [
          12.1640615,
          49.6776781
        ]
      },
      "id": "node/6574235256"
    },
    {
      "type": "Feature",
      "properties": {
        "@id": "node/6587278134",
        "amenity": "public_bookcase",
        "source": "local knowledge"
      },
      "geometry": {
        "type": "Point",
        "coordinates": [
          13.4197899,
          50.5176013
        ]
      },
      "id": "node/6587278134"
    },
    {
      "type": "Feature",
      "properties": {
        "@id": "node/6604710319",
        "amenity": "public_bookcase"
      },
      "geometry": {
        "type": "Point",
        "coordinates": [
          15.8879589,
          50.396312
        ]
      },
      "id": "node/6604710319"
    },
    {
      "type": "Feature",
      "properties": {
        "@id": "node/6607701226",
        "amenity": "public_bookcase",
        "check_date": "2025-04-21"
      },
      "geometry": {
        "type": "Point",
        "coordinates": [
          13.188413,
          48.6337253
        ]
      },
      "id": "node/6607701226"
    },
    {
      "type": "Feature",
      "properties": {
        "@id": "node/6644667145",
        "amenity": "public_bookcase",
        "check_date": "2025-10-18"
      },
      "geometry": {
        "type": "Point",
        "coordinates": [
          14.4890009,
          48.8997503
        ]
      },
      "id": "node/6644667145"
    },
    {
      "type": "Feature",
      "properties": {
        "@id": "node/6650868777",
        "amenity": "public_bookcase"
      },
      "geometry": {
        "type": "Point",
        "coordinates": [
          13.350883,
          50.5462044
        ]
      },
      "id": "node/6650868777"
    },
    {
      "type": "Feature",
      "properties": {
        "@id": "node/6651080144",
        "amenity": "public_bookcase",
        "check_date": "2025-07-12",
        "lit": "no",
        "name": "Nejsevernější knihobudka"
      },
      "geometry": {
        "type": "Point",
        "coordinates": [
          14.3178642,
          51.0300967
        ]
      },
      "id": "node/6651080144"
    },
    {
      "type": "Feature",
      "properties": {
        "@id": "node/6681482941",
        "amenity": "public_bookcase",
        "name": "Knihobudka",
        "opening_hours": "24/7",
        "public_bookcase:type": "wooden_cabinet"
      },
      "geometry": {
        "type": "Point",
        "coordinates": [
          16.3362519,
          49.1205696
        ]
      },
      "id": "node/6681482941"
    },
    {
      "type": "Feature",
      "properties": {
        "@id": "node/6736002701",
        "amenity": "public_bookcase",
        "public_bookcase:type": "phone_box"
      },
      "geometry": {
        "type": "Point",
        "coordinates": [
          14.9079221,
          50.1930922
        ]
      },
      "id": "node/6736002701"
    },
    {
      "type": "Feature",
      "properties": {
        "@id": "node/6744662086",
        "amenity": "public_bookcase",
        "public_bookcase:type": "wooden_cabinet"
      },
      "geometry": {
        "type": "Point",
        "coordinates": [
          14.4988471,
          50.2764823
        ]
      },
      "id": "node/6744662086"
    },
    {
      "type": "Feature",
      "properties": {
        "@id": "node/6759390663",
        "amenity": "public_bookcase",
        "booth": "TelH_90",
        "brand": "Bücherzelle",
        "brand:wikidata": "Q107266562",
        "check_date": "2026-06-08",
        "colour": "brown",
        "lit": "yes",
        "man_made": "telephone_box",
        "name": "Bücherzelle",
        "operator": "Binary Kitchen",
        "public_bookcase:type": "phone_box"
      },
      "geometry": {
        "type": "Point",
        "coordinates": [
          12.1189047,
          49.0097953
        ]
      },
      "id": "node/6759390663"
    },
    {
      "type": "Feature",
      "properties": {
        "@id": "node/6776489786",
        "amenity": "public_bookcase"
      },
      "geometry": {
        "type": "Point",
        "coordinates": [
          12.1461339,
          50.9373027
        ]
      },
      "id": "node/6776489786"
    },
    {
      "type": "Feature",
      "properties": {
        "@id": "node/6816036207",
        "amenity": "public_bookcase",
        "public_bookcase:type": "phone_box"
      },
      "geometry": {
        "type": "Point",
        "coordinates": [
          15.2801945,
          48.8118073
        ]
      },
      "id": "node/6816036207"
    },
    {
      "type": "Feature",
      "properties": {
        "@id": "node/6901873241",
        "amenity": "public_bookcase"
      },
      "geometry": {
        "type": "Point",
        "coordinates": [
          15.3937668,
          49.3156194
        ]
      },
      "id": "node/6901873241"
    },
    {
      "type": "Feature",
      "properties": {
        "@id": "node/6916633798",
        "amenity": "public_bookcase",
        "booth": "TelH_78",
        "check_date": "2026-04-19",
        "colour": "yellow",
        "description:de": "über www.Freital.de",
        "image": "https://commons.wikimedia.org/wiki/File:Pesterwitzer_B%C3%BCcher_Box.jpg",
        "internet_access": "wlan",
        "internet_access:fee": "no",
        "lit": "yes",
        "name": "Pesterwitzer Bücher Box",
        "note": "Ausgediente Telefonzelle als Bücher-Tausch-Gelegenheit",
        "opening_hours": "24/7",
        "operator": "Kulturverein Pesterwitz e.V.",
        "public_bookcase:type": "phone_box",
        "short_name": "PBB",
        "website": "https://www.kulturverein-pesterwitz.de/"
      },
      "geometry": {
        "type": "Point",
        "coordinates": [
          13.6542674,
          51.0276918
        ]
      },
      "id": "node/6916633798"
    },
    {
      "type": "Feature",
      "properties": {
        "@id": "node/6958853020",
        "amenity": "public_bookcase",
        "capacity": "50",
        "check_date": "2024-06-11",
        "lit": "no",
        "location": "kiosk",
        "opening_hours": "24/7",
        "operator": "Rotary Club Český krumlov",
        "public_bookcase:type": "reading_box",
        "wheelchair": "yes"
      },
      "geometry": {
        "type": "Point",
        "coordinates": [
          14.3230423,
          48.8118308
        ]
      },
      "id": "node/6958853020"
    },
    {
      "type": "Feature",
      "properties": {
        "@id": "node/6983445681",
        "amenity": "public_bookcase",
        "name": "Sousedská knihovna",
        "opening_hours": "24/7",
        "public_bookcase:type": "phone_box",
        "wheelchair": "yes"
      },
      "geometry": {
        "type": "Point",
        "coordinates": [
          16.4276458,
          49.3553301
        ]
      },
      "id": "node/6983445681"
    },
    {
      "type": "Feature",
      "properties": {
        "@id": "node/7055424353",
        "amenity": "public_bookcase",
        "public_transport:type": "shelter"
      },
      "geometry": {
        "type": "Point",
        "coordinates": [
          12.2048921,
          48.920023
        ]
      },
      "id": "node/7055424353"
    },
    {
      "type": "Feature",
      "properties": {
        "@id": "node/7099409134",
        "amenity": "public_bookcase"
      },
      "geometry": {
        "type": "Point",
        "coordinates": [
          15.7912799,
          50.0704704
        ]
      },
      "id": "node/7099409134"
    },
    {
      "type": "Feature",
      "properties": {
        "@id": "node/7099440865",
        "amenity": "public_bookcase",
        "check_date": "2024-08-23"
      },
      "geometry": {
        "type": "Point",
        "coordinates": [
          15.8523134,
          50.0662471
        ]
      },
      "id": "node/7099440865"
    },
    {
      "type": "Feature",
      "properties": {
        "@id": "node/7099440866",
        "amenity": "public_bookcase"
      },
      "geometry": {
        "type": "Point",
        "coordinates": [
          15.7977179,
          50.0380833
        ]
      },
      "id": "node/7099440866"
    },
    {
      "type": "Feature",
      "properties": {
        "@id": "node/7105672147",
        "amenity": "public_bookcase",
        "covered": "yes"
      },
      "geometry": {
        "type": "Point",
        "coordinates": [
          14.3306526,
          49.9461355
        ]
      },
      "id": "node/7105672147"
    },
    {
      "type": "Feature",
      "properties": {
        "@id": "node/7111517440",
        "amenity": "public_bookcase",
        "check_date": "2024-08-11",
        "image": "https://commons.wikimedia.org/wiki/File:Zittauer_B%C3%BCcherboXX.jpg",
        "public_bookcase:type": "phone_box"
      },
      "geometry": {
        "type": "Point",
        "coordinates": [
          14.8060129,
          50.8961069
        ]
      },
      "id": "node/7111517440"
    },
    {
      "type": "Feature",
      "properties": {
        "@id": "node/7175430931",
        "amenity": "public_bookcase",
        "opening_hours": "24/7"
      },
      "geometry": {
        "type": "Point",
        "coordinates": [
          14.5799834,
          50.1034296
        ]
      },
      "id": "node/7175430931"
    },
    {
      "type": "Feature",
      "properties": {
        "@id": "node/7182389402",
        "amenity": "public_bookcase",
        "lit": "yes",
        "name": "Bücherkiste",
        "public_bookcase:type": "reading_box"
      },
      "geometry": {
        "type": "Point",
        "coordinates": [
          13.6723984,
          51.0487527
        ]
      },
      "id": "node/7182389402"
    },
    {
      "type": "Feature",
      "properties": {
        "@id": "node/7182399104",
        "amenity": "public_bookcase",
        "booth": "TelH_78",
        "check_date": "2026-04-27",
        "colour": "green",
        "lit": "yes",
        "man_made": "telephone_box",
        "name": "Bücherkiste",
        "public_bookcase:type": "phone_box",
        "wikimedia_commons": "File:Buecherzelle-Dresden-Drepunct.jpeg"
      },
      "geometry": {
        "type": "Point",
        "coordinates": [
          13.7385389,
          51.029352
        ]
      },
      "id": "node/7182399104"
    },
    {
      "type": "Feature",
      "properties": {
        "@id": "node/7194838152",
        "amenity": "public_bookcase"
      },
      "geometry": {
        "type": "Point",
        "coordinates": [
          15.8482509,
          50.0591893
        ]
      },
      "id": "node/7194838152"
    },
    {
      "type": "Feature",
      "properties": {
        "@id": "node/7196715287",
        "amenity": "public_bookcase",
        "check_date": "2025-11-18",
        "colour": "green",
        "opening_hours": "24/7",
        "public_bookcase:type": "phone_box",
        "wheelchair": "yes"
      },
      "geometry": {
        "type": "Point",
        "coordinates": [
          13.3533463,
          50.9545053
        ]
      },
      "id": "node/7196715287"
    },
    {
      "type": "Feature",
      "properties": {
        "@id": "node/7313011986",
        "amenity": "public_bookcase",
        "check_date": "2024-05-10"
      },
      "geometry": {
        "type": "Point",
        "coordinates": [
          13.4609423,
          50.973428
        ]
      },
      "id": "node/7313011986"
    },
    {
      "type": "Feature",
      "properties": {
        "@id": "node/7335049347",
        "amenity": "public_bookcase",
        "check_date": "2026-05-09",
        "indoor": "yes",
        "opening_hours": "24/7",
        "public_bookcase:type": "shelter"
      },
      "geometry": {
        "type": "Point",
        "coordinates": [
          14.355058,
          50.8618585
        ]
      },
      "id": "node/7335049347"
    },
    {
      "type": "Feature",
      "properties": {
        "@id": "node/7340942064",
        "amenity": "public_bookcase",
        "check_date": "2025-04-23",
        "internet_access": "no",
        "man_made": "telephone_box",
        "name": "Bücherbox",
        "public_bookcase:type": "phone_box"
      },
      "geometry": {
        "type": "Point",
        "coordinates": [
          16.575488,
          48.5678539
        ]
      },
      "id": "node/7340942064"
    },
    {
      "type": "Feature",
      "properties": {
        "@id": "node/7340942065",
        "amenity": "public_bookcase",
        "internet_access": "no",
        "man_made": "telephone_box",
        "name": "Bücherbox",
        "public_bookcase:type": "phone_box"
      },
      "geometry": {
        "type": "Point",
        "coordinates": [
          16.5707341,
          48.5678731
        ]
      },
      "id": "node/7340942065"
    },
    {
      "type": "Feature",
      "properties": {
        "@id": "node/7383965278",
        "amenity": "public_bookcase",
        "name": "Knihobudka"
      },
      "geometry": {
        "type": "Point",
        "coordinates": [
          15.1700946,
          50.6013667
        ]
      },
      "id": "node/7383965278"
    },
    {
      "type": "Feature",
      "properties": {
        "@id": "node/7384144974",
        "amenity": "public_bookcase",
        "check_date": "2025-05-10",
        "colour": "blue",
        "name": "Knihobudka",
        "public_bookcase:type": "phone_box"
      },
      "geometry": {
        "type": "Point",
        "coordinates": [
          14.3553756,
          50.020069
        ]
      },
      "id": "node/7384144974"
    },
    {
      "type": "Feature",
      "properties": {
        "@id": "node/7394163560",
        "addr:full": "Vereinsvorsitzender: Joachim Jentzsch, Neue Straße 10, 01737 Tharandt, Tel: 0172 3634383, Mail: jjentzsch@t-online.de",
        "amenity": "public_bookcase",
        "booth": "TelH_90",
        "check_date": "2025-04-27",
        "colour": "green",
        "description:de": "www.tharandt.de",
        "image": "https://commons.wikimedia.org/wiki/File:2020_Tharandter_B%C3%BCcherzelle.jpg",
        "name": "Tharandter Bücherzelle",
        "operator": "Tharandter Verschönerungsverein e.V.",
        "public_bookcase:type": "phone_box",
        "start_date": "2019-12-19"
      },
      "geometry": {
        "type": "Point",
        "coordinates": [
          13.5822351,
          50.9836716
        ]
      },
      "id": "node/7394163560"
    },
    {
      "type": "Feature",
      "properties": {
        "@id": "node/7401845695",
        "amenity": "public_bookcase",
        "check_date": "2024-10-03",
        "public_bookcase:type": "phone_box"
      },
      "geometry": {
        "type": "Point",
        "coordinates": [
          14.8054417,
          50.0931566
        ]
      },
      "id": "node/7401845695"
    },
    {
      "type": "Feature",
      "properties": {
        "@id": "node/7401984177",
        "amenity": "public_bookcase"
      },
      "geometry": {
        "type": "Point",
        "coordinates": [
          14.3509033,
          49.2710904
        ]
      },
      "id": "node/7401984177"
    },
    {
      "type": "Feature",
      "properties": {
        "@id": "node/7402037785",
        "amenity": "public_bookcase"
      },
      "geometry": {
        "type": "Point",
        "coordinates": [
          14.3650835,
          49.2813888
        ]
      },
      "id": "node/7402037785"
    },
    {
      "type": "Feature",
      "properties": {
        "@id": "node/7404188659",
        "amenity": "public_bookcase"
      },
      "geometry": {
        "type": "Point",
        "coordinates": [
          13.624719,
          50.6130793
        ]
      },
      "id": "node/7404188659"
    },
    {
      "type": "Feature",
      "properties": {
        "@id": "node/7404203125",
        "amenity": "public_bookcase"
      },
      "geometry": {
        "type": "Point",
        "coordinates": [
          15.4462878,
          50.1377042
        ]
      },
      "id": "node/7404203125"
    },
    {
      "type": "Feature",
      "properties": {
        "@id": "node/7404226271",
        "amenity": "public_bookcase"
      },
      "geometry": {
        "type": "Point",
        "coordinates": [
          15.4309787,
          50.1342186
        ]
      },
      "id": "node/7404226271"
    },
    {
      "type": "Feature",
      "properties": {
        "@id": "node/7404228523",
        "amenity": "public_bookcase",
        "check_date": "2025-03-01"
      },
      "geometry": {
        "type": "Point",
        "coordinates": [
          14.468661,
          49.2952359
        ]
      },
      "id": "node/7404228523"
    },
    {
      "type": "Feature",
      "properties": {
        "@id": "node/7404305278",
        "amenity": "public_bookcase"
      },
      "geometry": {
        "type": "Point",
        "coordinates": [
          15.1786283,
          49.511515
        ]
      },
      "id": "node/7404305278"
    },
    {
      "type": "Feature",
      "properties": {
        "@id": "node/7404310131",
        "amenity": "public_bookcase"
      },
      "geometry": {
        "type": "Point",
        "coordinates": [
          16.2613755,
          49.522547
        ]
      },
      "id": "node/7404310131"
    },
    {
      "type": "Feature",
      "properties": {
        "@id": "node/7404330788",
        "amenity": "public_bookcase"
      },
      "geometry": {
        "type": "Point",
        "coordinates": [
          13.6743607,
          49.28923
        ]
      },
      "id": "node/7404330788"
    },
    {
      "type": "Feature",
      "properties": {
        "@id": "node/7404402310",
        "amenity": "public_bookcase"
      },
      "geometry": {
        "type": "Point",
        "coordinates": [
          14.5527966,
          50.7584394
        ]
      },
      "id": "node/7404402310"
    },
    {
      "type": "Feature",
      "properties": {
        "@id": "node/7404417757",
        "amenity": "public_bookcase"
      },
      "geometry": {
        "type": "Point",
        "coordinates": [
          15.7605185,
          50.0507898
        ]
      },
      "id": "node/7404417757"
    },
    {
      "type": "Feature",
      "properties": {
        "@id": "node/7404615103",
        "amenity": "public_bookcase",
        "public_bookcase:type": "phone_box"
      },
      "geometry": {
        "type": "Point",
        "coordinates": [
          14.1492628,
          49.309868
        ]
      },
      "id": "node/7404615103"
    },
    {
      "type": "Feature",
      "properties": {
        "@id": "node/7404626933",
        "amenity": "public_bookcase"
      },
      "geometry": {
        "type": "Point",
        "coordinates": [
          13.3333112,
          49.9290563
        ]
      },
      "id": "node/7404626933"
    },
    {
      "type": "Feature",
      "properties": {
        "@id": "node/7404646415",
        "amenity": "public_bookcase",
        "indoor": "yes"
      },
      "geometry": {
        "type": "Point",
        "coordinates": [
          13.3980268,
          49.7369126
        ]
      },
      "id": "node/7404646415"
    },
    {
      "type": "Feature",
      "properties": {
        "@id": "node/7404705506",
        "amenity": "public_bookcase",
        "check_date": "2024-09-08"
      },
      "geometry": {
        "type": "Point",
        "coordinates": [
          13.3992311,
          49.7105378
        ]
      },
      "id": "node/7404705506"
    },
    {
      "type": "Feature",
      "properties": {
        "@id": "node/7404713734",
        "amenity": "public_bookcase"
      },
      "geometry": {
        "type": "Point",
        "coordinates": [
          13.3603768,
          49.7595211
        ]
      },
      "id": "node/7404713734"
    },
    {
      "type": "Feature",
      "properties": {
        "@id": "node/7404738110",
        "amenity": "public_bookcase"
      },
      "geometry": {
        "type": "Point",
        "coordinates": [
          13.4106808,
          49.7525094
        ]
      },
      "id": "node/7404738110"
    },
    {
      "type": "Feature",
      "properties": {
        "@id": "node/7404753856",
        "amenity": "public_bookcase"
      },
      "geometry": {
        "type": "Point",
        "coordinates": [
          14.621744,
          50.1163695
        ]
      },
      "id": "node/7404753856"
    },
    {
      "type": "Feature",
      "properties": {
        "@id": "node/7404753857",
        "amenity": "public_bookcase"
      },
      "geometry": {
        "type": "Point",
        "coordinates": [
          14.6119199,
          50.1110578
        ]
      },
      "id": "node/7404753857"
    },
    {
      "type": "Feature",
      "properties": {
        "@id": "node/7404822393",
        "amenity": "public_bookcase",
        "check_date": "2025-04-23",
        "man_made": "telephone_box",
        "public_bookcase:type": "phone_box"
      },
      "geometry": {
        "type": "Point",
        "coordinates": [
          14.4214578,
          50.0732995
        ]
      },
      "id": "node/7404822393"
    },
    {
      "type": "Feature",
      "properties": {
        "@id": "node/7404881051",
        "amenity": "public_bookcase",
        "check_date": "2024-11-07",
        "name": "Knihobudka Praha 17",
        "public_bookcase:type": "reading_box"
      },
      "geometry": {
        "type": "Point",
        "coordinates": [
          14.3020117,
          50.0651897
        ]
      },
      "id": "node/7404881051"
    },
    {
      "type": "Feature",
      "properties": {
        "@id": "node/7404904903",
        "amenity": "public_bookcase"
      },
      "geometry": {
        "type": "Point",
        "coordinates": [
          15.7902899,
          49.9540014
        ]
      },
      "id": "node/7404904903"
    },
    {
      "type": "Feature",
      "properties": {
        "@id": "node/7404921287",
        "amenity": "public_bookcase",
        "check_date": "2025-07-29",
        "colour": "green",
        "name": "KnihoBudka",
        "public_bookcase:type": "phone_box"
      },
      "geometry": {
        "type": "Point",
        "coordinates": [
          14.4815848,
          50.094449
        ]
      },
      "id": "node/7404921287"
    },
    {
      "type": "Feature",
      "properties": {
        "@id": "node/7404957395",
        "amenity": "public_bookcase",
        "colour": "#b51a00",
        "indoor": "yes",
        "public_bookcase:type": "phone_box"
      },
      "geometry": {
        "type": "Point",
        "coordinates": [
          14.462775,
          50.0226398
        ]
      },
      "id": "node/7404957395"
    },
    {
      "type": "Feature",
      "properties": {
        "@id": "node/7405492529",
        "amenity": "public_bookcase",
        "check_date": "2024-06-13",
        "indoor": "yes"
      },
      "geometry": {
        "type": "Point",
        "coordinates": [
          14.4033439,
          50.0736208
        ]
      },
      "id": "node/7405492529"
    },
    {
      "type": "Feature",
      "properties": {
        "@id": "node/7405540791",
        "amenity": "public_bookcase"
      },
      "geometry": {
        "type": "Point",
        "coordinates": [
          14.3534128,
          50.0746967
        ]
      },
      "id": "node/7405540791"
    },
    {
      "type": "Feature",
      "properties": {
        "@id": "node/7405593138",
        "amenity": "public_bookcase",
        "check_date": "2024-09-11"
      },
      "geometry": {
        "type": "Point",
        "coordinates": [
          14.3993546,
          50.1009421
        ]
      },
      "id": "node/7405593138"
    },
    {
      "type": "Feature",
      "properties": {
        "@id": "node/7405643748",
        "amenity": "public_bookcase",
        "check_date": "2024-10-12"
      },
      "geometry": {
        "type": "Point",
        "coordinates": [
          14.4501804,
          50.1051882
        ]
      },
      "id": "node/7405643748"
    },
    {
      "type": "Feature",
      "properties": {
        "@id": "node/7405647306",
        "access": "yes",
        "amenity": "public_bookcase",
        "capacity": "60",
        "check_date": "2024-08-16",
        "covered": "yes",
        "indoor": "no",
        "lit": "no",
        "location": "outdoor",
        "public_bookcase:type": "metal_cabinet",
        "source": "survey",
        "support": "pole",
        "wheelchair": "yes"
      },
      "geometry": {
        "type": "Point",
        "coordinates": [
          14.3281598,
          50.0832679
        ]
      },
      "id": "node/7405647306"
    },
    {
      "type": "Feature",
      "properties": {
        "@id": "node/7405720597",
        "access": "permissive",
        "amenity": "public_bookcase",
        "check_date": "2025-03-24",
        "opening_hours": "24/7",
        "public_bookcase:type": "wooden_cabinet",
        "wheelchair": "limited"
      },
      "geometry": {
        "type": "Point",
        "coordinates": [
          14.4489388,
          50.1017148
        ]
      },
      "id": "node/7405720597"
    },
    {
      "type": "Feature",
      "properties": {
        "@id": "node/7407658445",
        "amenity": "public_bookcase",
        "check_date": "2024-07-05",
        "description": "na schodech nahore",
        "name": "Knihobudka",
        "opening_hours": "24/7",
        "public_bookcase:type": "shelf",
        "website": "https://www.knihobudka.cz/",
        "wheelchair": "yes"
      },
      "geometry": {
        "type": "Point",
        "coordinates": [
          16.6237687,
          49.232845
        ]
      },
      "id": "node/7407658445"
    },
    {
      "type": "Feature",
      "properties": {
        "@id": "node/7409626672",
        "amenity": "public_bookcase"
      },
      "geometry": {
        "type": "Point",
        "coordinates": [
          17.0975093,
          49.470153
        ]
      },
      "id": "node/7409626672"
    },
    {
      "type": "Feature",
      "properties": {
        "@id": "node/7409652334",
        "amenity": "public_bookcase",
        "colour": "white;red",
        "operator": "KnihoBudka",
        "public_bookcase:type": "phone_box"
      },
      "geometry": {
        "type": "Point",
        "coordinates": [
          14.3987612,
          50.158201
        ]
      },
      "id": "node/7409652334"
    },
    {
      "type": "Feature",
      "properties": {
        "@id": "node/7409666606",
        "amenity": "public_bookcase"
      },
      "geometry": {
        "type": "Point",
        "coordinates": [
          13.863086,
          49.6031126
        ]
      },
      "id": "node/7409666606"
    },
    {
      "type": "Feature",
      "properties": {
        "@id": "node/7409666607",
        "amenity": "public_bookcase"
      },
      "geometry": {
        "type": "Point",
        "coordinates": [
          13.8646783,
          49.6048445
        ]
      },
      "id": "node/7409666607"
    },
    {
      "type": "Feature",
      "properties": {
        "@id": "node/7409746956",
        "amenity": "public_bookcase"
      },
      "geometry": {
        "type": "Point",
        "coordinates": [
          13.5024267,
          49.2118271
        ]
      },
      "id": "node/7409746956"
    },
    {
      "type": "Feature",
      "properties": {
        "@id": "node/7409763220",
        "amenity": "public_bookcase"
      },
      "geometry": {
        "type": "Point",
        "coordinates": [
          14.842081,
          50.085848
        ]
      },
      "id": "node/7409763220"
    },
    {
      "type": "Feature",
      "properties": {
        "@id": "node/7409798054",
        "amenity": "public_bookcase",
        "check_date": "2025-05-14"
      },
      "geometry": {
        "type": "Point",
        "coordinates": [
          14.6681912,
          49.4129492
        ]
      },
      "id": "node/7409798054"
    },
    {
      "type": "Feature",
      "properties": {
        "@id": "node/7409912159",
        "amenity": "public_bookcase"
      },
      "geometry": {
        "type": "Point",
        "coordinates": [
          18.6759794,
          49.66877
        ]
      },
      "id": "node/7409912159"
    },
    {
      "type": "Feature",
      "properties": {
        "@id": "node/7409942009",
        "amenity": "public_bookcase"
      },
      "geometry": {
        "type": "Point",
        "coordinates": [
          14.5915024,
          49.8298217
        ]
      },
      "id": "node/7409942009"
    },
    {
      "type": "Feature",
      "properties": {
        "@id": "node/7409944275",
        "amenity": "public_bookcase"
      },
      "geometry": {
        "type": "Point",
        "coordinates": [
          14.5858301,
          49.8359334
        ]
      },
      "id": "node/7409944275"
    },
    {
      "type": "Feature",
      "properties": {
        "@id": "node/7409944276",
        "amenity": "public_bookcase"
      },
      "geometry": {
        "type": "Point",
        "coordinates": [
          14.5895559,
          49.8357139
        ]
      },
      "id": "node/7409944276"
    },
    {
      "type": "Feature",
      "properties": {
        "@id": "node/7409944277",
        "amenity": "public_bookcase",
        "check_date": "2024-06-06"
      },
      "geometry": {
        "type": "Point",
        "coordinates": [
          14.5920684,
          49.8323225
        ]
      },
      "id": "node/7409944277"
    },
    {
      "type": "Feature",
      "properties": {
        "@id": "node/7409990102",
        "amenity": "public_bookcase"
      },
      "geometry": {
        "type": "Point",
        "coordinates": [
          18.1329181,
          49.5370196
        ]
      },
      "id": "node/7409990102"
    },
    {
      "type": "Feature",
      "properties": {
        "@id": "node/7409991721",
        "amenity": "public_bookcase"
      },
      "geometry": {
        "type": "Point",
        "coordinates": [
          18.3097856,
          49.7703841
        ]
      },
      "id": "node/7409991721"
    },
    {
      "type": "Feature",
      "properties": {
        "@id": "node/7410237666",
        "amenity": "public_bookcase",
        "check_date": "2025-11-16",
        "public_bookcase:type": "phone_box"
      },
      "geometry": {
        "type": "Point",
        "coordinates": [
          16.659793,
          49.4880372
        ]
      },
      "id": "node/7410237666"
    },
    {
      "type": "Feature",
      "properties": {
        "@id": "node/7410238776",
        "amenity": "public_bookcase"
      },
      "geometry": {
        "type": "Point",
        "coordinates": [
          15.1582921,
          49.3613679
        ]
      },
      "id": "node/7410238776"
    },
    {
      "type": "Feature",
      "properties": {
        "@id": "node/7410356205",
        "amenity": "public_bookcase"
      },
      "geometry": {
        "type": "Point",
        "coordinates": [
          14.6666702,
          49.7378573
        ]
      },
      "id": "node/7410356205"
    },
    {
      "type": "Feature",
      "properties": {
        "@id": "node/7410356206",
        "amenity": "public_bookcase"
      },
      "geometry": {
        "type": "Point",
        "coordinates": [
          14.6659168,
          49.7328651
        ]
      },
      "id": "node/7410356206"
    },
    {
      "type": "Feature",
      "properties": {
        "@id": "node/7410386790",
        "amenity": "public_bookcase"
      },
      "geometry": {
        "type": "Point",
        "coordinates": [
          17.7726039,
          49.5322418
        ]
      },
      "id": "node/7410386790"
    },
    {
      "type": "Feature",
      "properties": {
        "@id": "node/7410492192",
        "amenity": "public_bookcase"
      },
      "geometry": {
        "type": "Point",
        "coordinates": [
          12.567983,
          50.1466613
        ]
      },
      "id": "node/7410492192"
    },
    {
      "type": "Feature",
      "properties": {
        "@id": "node/7410503234",
        "amenity": "public_bookcase"
      },
      "geometry": {
        "type": "Point",
        "coordinates": [
          15.092657,
          49.9827975
        ]
      },
      "id": "node/7410503234"
    },
    {
      "type": "Feature",
      "properties": {
        "@id": "node/7410579569",
        "amenity": "public_bookcase"
      },
      "geometry": {
        "type": "Point",
        "coordinates": [
          12.3685614,
          50.0756954
        ]
      },
      "id": "node/7410579569"
    },
    {
      "type": "Feature",
      "properties": {
        "@id": "node/7410608766",
        "amenity": "public_bookcase"
      },
      "geometry": {
        "type": "Point",
        "coordinates": [
          12.7486389,
          50.2389345
        ]
      },
      "id": "node/7410608766"
    },
    {
      "type": "Feature",
      "properties": {
        "@id": "node/7410918670",
        "amenity": "public_bookcase"
      },
      "geometry": {
        "type": "Point",
        "coordinates": [
          13.2633184,
          50.3792905
        ]
      },
      "id": "node/7410918670"
    },
    {
      "type": "Feature",
      "properties": {
        "@id": "node/7410923131",
        "amenity": "public_bookcase"
      },
      "geometry": {
        "type": "Point",
        "coordinates": [
          14.5018593,
          49.8809125
        ]
      },
      "id": "node/7410923131"
    },
    {
      "type": "Feature",
      "properties": {
        "@id": "node/7410949788",
        "amenity": "public_bookcase",
        "check_date": "2024-10-26"
      },
      "geometry": {
        "type": "Point",
        "coordinates": [
          12.8847552,
          50.2238868
        ]
      },
      "id": "node/7410949788"
    },
    {
      "type": "Feature",
      "properties": {
        "@id": "node/7410962119",
        "amenity": "public_bookcase"
      },
      "geometry": {
        "type": "Point",
        "coordinates": [
          14.7199927,
          49.9590372
        ]
      },
      "id": "node/7410962119"
    },
    {
      "type": "Feature",
      "properties": {
        "@id": "node/7410973165",
        "amenity": "public_bookcase"
      },
      "geometry": {
        "type": "Point",
        "coordinates": [
          14.2466454,
          49.3157726
        ]
      },
      "id": "node/7410973165"
    },
    {
      "type": "Feature",
      "properties": {
        "@id": "node/7411068545",
        "amenity": "public_bookcase"
      },
      "geometry": {
        "type": "Point",
        "coordinates": [
          17.0048583,
          49.2182488
        ]
      },
      "id": "node/7411068545"
    },
    {
      "type": "Feature",
      "properties": {
        "@id": "node/7411074289",
        "amenity": "public_bookcase"
      },
      "geometry": {
        "type": "Point",
        "coordinates": [
          17.464533,
          49.5241118
        ]
      },
      "id": "node/7411074289"
    },
    {
      "type": "Feature",
      "properties": {
        "@id": "node/7413255365",
        "amenity": "public_bookcase"
      },
      "geometry": {
        "type": "Point",
        "coordinates": [
          15.656478,
          50.2412635
        ]
      },
      "id": "node/7413255365"
    },
    {
      "type": "Feature",
      "properties": {
        "@id": "node/7413264831",
        "amenity": "public_bookcase",
        "check_date": "2022-06-11"
      },
      "geometry": {
        "type": "Point",
        "coordinates": [
          14.1362832,
          50.5335568
        ]
      },
      "id": "node/7413264831"
    },
    {
      "type": "Feature",
      "properties": {
        "@id": "node/7413307848",
        "amenity": "public_bookcase"
      },
      "geometry": {
        "type": "Point",
        "coordinates": [
          17.210751,
          49.3411156
        ]
      },
      "id": "node/7413307848"
    },
    {
      "type": "Feature",
      "properties": {
        "@id": "node/7413331148",
        "amenity": "public_bookcase"
      },
      "geometry": {
        "type": "Point",
        "coordinates": [
          14.0026563,
          49.9999798
        ]
      },
      "id": "node/7413331148"
    },
    {
      "type": "Feature",
      "properties": {
        "@id": "node/7413406828",
        "amenity": "public_bookcase",
        "check_date": "2024-10-27"
      },
      "geometry": {
        "type": "Point",
        "coordinates": [
          17.9036427,
          49.9361422
        ]
      },
      "id": "node/7413406828"
    },
    {
      "type": "Feature",
      "properties": {
        "@id": "node/7413420334",
        "amenity": "public_bookcase",
        "check_date": "2025-05-24"
      },
      "geometry": {
        "type": "Point",
        "coordinates": [
          16.33497,
          49.1265162
        ]
      },
      "id": "node/7413420334"
    },
    {
      "type": "Feature",
      "properties": {
        "@id": "node/7413443641",
        "amenity": "public_bookcase"
      },
      "geometry": {
        "type": "Point",
        "coordinates": [
          14.333533,
          49.0612174
        ]
      },
      "id": "node/7413443641"
    },
    {
      "type": "Feature",
      "properties": {
        "@id": "node/7413483331",
        "amenity": "public_bookcase"
      },
      "geometry": {
        "type": "Point",
        "coordinates": [
          16.9126131,
          49.9080684
        ]
      },
      "id": "node/7413483331"
    },
    {
      "type": "Feature",
      "properties": {
        "@id": "node/7413525300",
        "amenity": "public_bookcase",
        "check_date": "2025-03-19"
      },
      "geometry": {
        "type": "Point",
        "coordinates": [
          14.5708288,
          50.1231084
        ]
      },
      "id": "node/7413525300"
    },
    {
      "type": "Feature",
      "properties": {
        "@id": "node/7413539192",
        "amenity": "public_bookcase"
      },
      "geometry": {
        "type": "Point",
        "coordinates": [
          14.4300474,
          50.0885492
        ]
      },
      "id": "node/7413539192"
    },
    {
      "type": "Feature",
      "properties": {
        "@id": "node/7413546818",
        "amenity": "public_bookcase"
      },
      "geometry": {
        "type": "Point",
        "coordinates": [
          14.4137371,
          50.0004061
        ]
      },
      "id": "node/7413546818"
    },
    {
      "type": "Feature",
      "properties": {
        "@id": "node/7413546819",
        "amenity": "public_bookcase"
      },
      "geometry": {
        "type": "Point",
        "coordinates": [
          14.4104504,
          49.9988141
        ]
      },
      "id": "node/7413546819"
    },
    {
      "type": "Feature",
      "properties": {
        "@id": "node/7413610545",
        "amenity": "public_bookcase"
      },
      "geometry": {
        "type": "Point",
        "coordinates": [
          14.4124257,
          50.0256986
        ]
      },
      "id": "node/7413610545"
    },
    {
      "type": "Feature",
      "properties": {
        "@id": "node/7413625358",
        "amenity": "public_bookcase",
        "check_date": "2024-12-20"
      },
      "geometry": {
        "type": "Point",
        "coordinates": [
          14.4742011,
          50.1036948
        ]
      },
      "id": "node/7413625358"
    },
    {
      "type": "Feature",
      "properties": {
        "@id": "node/7413679456",
        "amenity": "public_bookcase"
      },
      "geometry": {
        "type": "Point",
        "coordinates": [
          14.4367236,
          48.8494189
        ]
      },
      "id": "node/7413679456"
    },
    {
      "type": "Feature",
      "properties": {
        "@id": "node/7413692208",
        "amenity": "public_bookcase"
      },
      "geometry": {
        "type": "Point",
        "coordinates": [
          18.3356182,
          49.5648188
        ]
      },
      "id": "node/7413692208"
    },
    {
      "type": "Feature",
      "properties": {
        "@id": "node/7413748665",
        "amenity": "public_bookcase"
      },
      "geometry": {
        "type": "Point",
        "coordinates": [
          17.2635009,
          49.9358062
        ]
      },
      "id": "node/7413748665"
    },
    {
      "type": "Feature",
      "properties": {
        "@id": "node/7413756516",
        "amenity": "public_bookcase"
      },
      "geometry": {
        "type": "Point",
        "coordinates": [
          17.0193779,
          50.0011673
        ]
      },
      "id": "node/7413756516"
    },
    {
      "type": "Feature",
      "properties": {
        "@id": "node/7413803483",
        "amenity": "public_bookcase",
        "check_date": "2024-04-11"
      },
      "geometry": {
        "type": "Point",
        "coordinates": [
          15.7659775,
          49.9412028
        ]
      },
      "id": "node/7413803483"
    },
    {
      "type": "Feature",
      "properties": {
        "@id": "node/7413829474",
        "amenity": "public_bookcase",
        "name": "Knihobudka"
      },
      "geometry": {
        "type": "Point",
        "coordinates": [
          17.2926205,
          49.7259956
        ]
      },
      "id": "node/7413829474"
    },
    {
      "type": "Feature",
      "properties": {
        "@id": "node/7413849188",
        "amenity": "public_bookcase"
      },
      "geometry": {
        "type": "Point",
        "coordinates": [
          14.4959276,
          49.3795301
        ]
      },
      "id": "node/7413849188"
    },
    {
      "type": "Feature",
      "properties": {
        "@id": "node/7413914247",
        "amenity": "public_bookcase",
        "check_date": "2026-03-07"
      },
      "geometry": {
        "type": "Point",
        "coordinates": [
          15.9080157,
          50.5643497
        ]
      },
      "id": "node/7413914247"
    },
    {
      "type": "Feature",
      "properties": {
        "@id": "node/7413930205",
        "amenity": "public_bookcase",
        "check_date": "2026-03-08"
      },
      "geometry": {
        "type": "Point",
        "coordinates": [
          15.9177601,
          50.5649077
        ]
      },
      "id": "node/7413930205"
    },
    {
      "type": "Feature",
      "properties": {
        "@id": "node/7413945539",
        "access": "yes",
        "amenity": "public_bookcase",
        "check_date": "2026-06-23",
        "opening_hours": "24/7",
        "operator": "Praha 21",
        "public_bookcase:type": "phone_box",
        "wheelchair": "limited"
      },
      "geometry": {
        "type": "Point",
        "coordinates": [
          14.660476,
          50.0772767
        ]
      },
      "id": "node/7413945539"
    },
    {
      "type": "Feature",
      "properties": {
        "@id": "node/7427560580",
        "amenity": "public_bookcase",
        "check_date": "2024-07-24",
        "public_bookcase:type": "phone_box"
      },
      "geometry": {
        "type": "Point",
        "coordinates": [
          12.4962393,
          50.7212404
        ]
      },
      "id": "node/7427560580"
    },
    {
      "type": "Feature",
      "properties": {
        "@id": "node/7464769082",
        "amenity": "public_bookcase",
        "check_date": "2024-08-04",
        "operator:type": "private_individual",
        "public_bookcase:type": "reading_box"
      },
      "geometry": {
        "type": "Point",
        "coordinates": [
          13.766263,
          51.0114796
        ]
      },
      "id": "node/7464769082"
    },
    {
      "type": "Feature",
      "properties": {
        "@id": "node/7478966857",
        "amenity": "public_bookcase",
        "booth": "TelH_90",
        "colour": "red",
        "man_made": "telephone_box",
        "name": "Bücherzelle Seifersbach",
        "opening_hours": "24/7",
        "public_bookcase:type": "phone_box",
        "wheelchair": "yes"
      },
      "geometry": {
        "type": "Point",
        "coordinates": [
          13.0370966,
          50.9745193
        ]
      },
      "id": "node/7478966857"
    },
    {
      "type": "Feature",
      "properties": {
        "@id": "node/7504671754",
        "amenity": "public_bookcase",
        "source": "survey"
      },
      "geometry": {
        "type": "Point",
        "coordinates": [
          12.6710571,
          49.9608664
        ]
      },
      "id": "node/7504671754"
    },
    {
      "type": "Feature",
      "properties": {
        "@id": "node/7507156100",
        "amenity": "public_bookcase",
        "bench": "yes",
        "bus": "yes",
        "covered": "yes",
        "highway": "bus_stop",
        "name": "Březiny, u Musílků",
        "public_bookcase:type": "metal_cabinet",
        "public_transport": "platform",
        "shelter": "yes",
        "wheelchair": "no"
      },
      "geometry": {
        "type": "Point",
        "coordinates": [
          16.1195791,
          49.6927794
        ]
      },
      "id": "node/7507156100"
    },
    {
      "type": "Feature",
      "properties": {
        "@id": "node/7513449063",
        "access": "yes",
        "amenity": "public_bookcase",
        "indoor": "no",
        "public_bookcase:type": "wooden_cabinet"
      },
      "geometry": {
        "type": "Point",
        "coordinates": [
          14.5195726,
          50.1489696
        ]
      },
      "id": "node/7513449063"
    },
    {
      "type": "Feature",
      "properties": {
        "@id": "node/7552228988",
        "amenity": "public_bookcase",
        "check_date": "2025-06-29",
        "name": "Knihobudka Studánka V Habru",
        "opening_hours": "24/7",
        "public_bookcase:type": "shelter"
      },
      "geometry": {
        "type": "Point",
        "coordinates": [
          13.6403155,
          49.7837687
        ]
      },
      "id": "node/7552228988"
    },
    {
      "type": "Feature",
      "properties": {
        "@id": "node/7552239076",
        "amenity": "public_bookcase",
        "name": "Knihobudka Ejpovice",
        "opening_hours": "24/7",
        "public_bookcase:type": "phone_box"
      },
      "geometry": {
        "type": "Point",
        "coordinates": [
          13.5148541,
          49.7473965
        ]
      },
      "id": "node/7552239076"
    },
    {
      "type": "Feature",
      "properties": {
        "@id": "node/7552262654",
        "amenity": "public_bookcase",
        "name": "Knihobudka Dražov",
        "opening_hours": "24/7",
        "public_bookcase:type": "wooden_cabinet"
      },
      "geometry": {
        "type": "Point",
        "coordinates": [
          12.8862123,
          50.1443754
        ]
      },
      "id": "node/7552262654"
    },
    {
      "type": "Feature",
      "properties": {
        "@id": "node/7552266245",
        "amenity": "public_bookcase",
        "name": "Knihobudka Heřmanice",
        "opening_hours": "24/7",
        "public_bookcase:type": "wooden_cabinet"
      },
      "geometry": {
        "type": "Point",
        "coordinates": [
          12.9165187,
          49.9565751
        ]
      },
      "id": "node/7552266245"
    },
    {
      "type": "Feature",
      "properties": {
        "@id": "node/7552275450",
        "amenity": "public_bookcase",
        "indoor": "no",
        "name": "Khihobudka Bazén Lochotín",
        "opening_hours": "Mo-Fr 06:00-21:00; Sa-Su 09:00-20:00",
        "opening_hours:covid19": "off",
        "public_bookcase:type": "wooden_cabinet"
      },
      "geometry": {
        "type": "Point",
        "coordinates": [
          13.3681633,
          49.7706765
        ]
      },
      "id": "node/7552275450"
    },
    {
      "type": "Feature",
      "properties": {
        "@id": "node/7555899038",
        "amenity": "public_bookcase",
        "check_date": "2023-09-19",
        "name": "Knihobudka",
        "operator": "Městská knihovna Antonína Marka Turnov"
      },
      "geometry": {
        "type": "Point",
        "coordinates": [
          15.1406089,
          50.5868985
        ]
      },
      "id": "node/7555899038"
    },
    {
      "type": "Feature",
      "properties": {
        "@id": "node/7555919903",
        "amenity": "public_bookcase",
        "name": "Knihobudka",
        "operator": "Městská knihovna Antonína Marka Turnov"
      },
      "geometry": {
        "type": "Point",
        "coordinates": [
          15.1683667,
          50.589315
        ]
      },
      "id": "node/7555919903"
    },
    {
      "type": "Feature",
      "properties": {
        "@id": "node/7555929603",
        "amenity": "public_bookcase",
        "check_date": "2023-09-21",
        "name": "Knihobudka",
        "operator": "Městská knihovna Antonína Marka Turnov"
      },
      "geometry": {
        "type": "Point",
        "coordinates": [
          15.1412912,
          50.5885602
        ]
      },
      "id": "node/7555929603"
    },
    {
      "type": "Feature",
      "properties": {
        "@id": "node/7555943691",
        "amenity": "public_bookcase",
        "name": "Knihobudka",
        "operator": "Městská knihovna Antonína Marka Turnov"
      },
      "geometry": {
        "type": "Point",
        "coordinates": [
          15.1390536,
          50.5892487
        ]
      },
      "id": "node/7555943691"
    },
    {
      "type": "Feature",
      "properties": {
        "@id": "node/7563065070",
        "amenity": "public_bookcase",
        "indoor": "no",
        "name": "Knihobudka Moving Station",
        "opening_hours": "Mo-Fr 10:00-19:00",
        "public_bookcase:type": "wooden_cabinet"
      },
      "geometry": {
        "type": "Point",
        "coordinates": [
          13.3665873,
          49.7403453
        ]
      },
      "id": "node/7563065070"
    },
    {
      "type": "Feature",
      "properties": {
        "@id": "node/7566393118",
        "access": "yes",
        "amenity": "public_bookcase",
        "capacity": "120",
        "indoor": "yes",
        "lit": "yes",
        "opening_hours": "24/7",
        "public_bookcase:type": "wooden_cabinet"
      },
      "geometry": {
        "type": "Point",
        "coordinates": [
          13.5922887,
          49.7402892
        ]
      },
      "id": "node/7566393118"
    },
    {
      "type": "Feature",
      "properties": {
        "@id": "node/7569193285",
        "access": "yes",
        "amenity": "public_bookcase",
        "check_date": "2023-10-04",
        "name": "Literární skruž",
        "public_bookcase:type": "phone_box"
      },
      "geometry": {
        "type": "Point",
        "coordinates": [
          16.5652106,
          49.264327
        ]
      },
      "id": "node/7569193285"
    },
    {
      "type": "Feature",
      "properties": {
        "@id": "node/7576141143",
        "amenity": "public_bookcase",
        "name": "Králodvorská Knihobudka"
      },
      "geometry": {
        "type": "Point",
        "coordinates": [
          14.0343241,
          49.9460775
        ]
      },
      "id": "node/7576141143"
    },
    {
      "type": "Feature",
      "properties": {
        "@id": "node/7576148452",
        "amenity": "public_bookcase",
        "name": "Králodvorská Knihobudka"
      },
      "geometry": {
        "type": "Point",
        "coordinates": [
          14.0280287,
          49.94256
        ]
      },
      "id": "node/7576148452"
    },
    {
      "type": "Feature",
      "properties": {
        "@id": "node/7579927587",
        "amenity": "public_bookcase"
      },
      "geometry": {
        "type": "Point",
        "coordinates": [
          16.095336,
          49.9220666
        ]
      },
      "id": "node/7579927587"
    },
    {
      "type": "Feature",
      "properties": {
        "@id": "node/7595929029",
        "amenity": "public_bookcase"
      },
      "geometry": {
        "type": "Point",
        "coordinates": [
          15.9382338,
          50.109507
        ]
      },
      "id": "node/7595929029"
    },
    {
      "type": "Feature",
      "properties": {
        "@id": "node/7623871637",
        "amenity": "public_bookcase",
        "name": "Knihostrom",
        "public_bookcase:type": "sculpture"
      },
      "geometry": {
        "type": "Point",
        "coordinates": [
          12.9632865,
          50.3116403
        ]
      },
      "id": "node/7623871637"
    },
    {
      "type": "Feature",
      "properties": {
        "@id": "node/7626361020",
        "amenity": "public_bookcase",
        "name": "Knihbudka Štěnovice",
        "opening_hours": "24/7",
        "public_bookcase:type": "shelter"
      },
      "geometry": {
        "type": "Point",
        "coordinates": [
          13.4004736,
          49.6705516
        ]
      },
      "id": "node/7626361020"
    },
    {
      "type": "Feature",
      "properties": {
        "@id": "node/7626372329",
        "amenity": "public_bookcase",
        "name": "Knihbudka Radovánek Ledecká",
        "opening_hours": "Mo-Th 15:00-19:00",
        "operator": "Radovánek",
        "public_bookcase:type": "wooden_cabinet"
      },
      "geometry": {
        "type": "Point",
        "coordinates": [
          13.3737918,
          49.7719044
        ]
      },
      "id": "node/7626372329"
    },
    {
      "type": "Feature",
      "properties": {
        "@id": "node/7650085693",
        "amenity": "public_bookcase",
        "check_date": "2022-08-13",
        "panoramax": "2b6e4b32-acfb-4a74-b1ac-34d6dcc4bf42"
      },
      "geometry": {
        "type": "Point",
        "coordinates": [
          13.5150062,
          49.2242131
        ]
      },
      "id": "node/7650085693"
    },
    {
      "type": "Feature",
      "properties": {
        "@id": "node/7650751557",
        "amenity": "public_bookcase",
        "booth": "TelH_90",
        "colour": "yellow",
        "man_made": "telephone_box",
        "name": "Tauschbibliothek",
        "public_bookcase:type": "phone_box"
      },
      "geometry": {
        "type": "Point",
        "coordinates": [
          13.1794183,
          51.0653093
        ]
      },
      "id": "node/7650751557"
    },
    {
      "type": "Feature",
      "properties": {
        "@id": "node/7661640425",
        "amenity": "public_bookcase",
        "seasonal": "yes"
      },
      "geometry": {
        "type": "Point",
        "coordinates": [
          13.51808,
          49.228393
        ]
      },
      "id": "node/7661640425"
    },
    {
      "type": "Feature",
      "properties": {
        "@id": "node/7663823063",
        "amenity": "public_bookcase",
        "lit": "no",
        "name": "Knihobudka",
        "public_bookcase:type": "wooden_cabinet",
        "website": "https://www.vavricek.cz/knihobudka/"
      },
      "geometry": {
        "type": "Point",
        "coordinates": [
          18.3497731,
          49.8520143
        ]
      },
      "id": "node/7663823063"
    },
    {
      "type": "Feature",
      "properties": {
        "@id": "node/7701499659",
        "amenity": "public_bookcase",
        "check_date": "2024-05-14"
      },
      "geometry": {
        "type": "Point",
        "coordinates": [
          14.3082267,
          50.0680453
        ]
      },
      "id": "node/7701499659"
    },
    {
      "type": "Feature",
      "properties": {
        "@id": "node/7702280643",
        "amenity": "public_bookcase",
        "opening_hours": "24/7",
        "public_bookcase:type": "shelter"
      },
      "geometry": {
        "type": "Point",
        "coordinates": [
          14.156717,
          49.9936634
        ]
      },
      "id": "node/7702280643"
    },
    {
      "type": "Feature",
      "properties": {
        "@id": "node/7707911374",
        "amenity": "public_bookcase",
        "check_date": "2026-05-21",
        "indoor": "yes"
      },
      "geometry": {
        "type": "Point",
        "coordinates": [
          14.2967745,
          49.9602189
        ]
      },
      "id": "node/7707911374"
    },
    {
      "type": "Feature",
      "properties": {
        "@id": "node/7717675371",
        "access": "yes",
        "addr:city": "Dresden",
        "addr:housenumber": "1",
        "addr:postcode": "01067",
        "addr:street": "Webergasse",
        "amenity": "public_bookcase",
        "description:de": "Bücherregal befindet sich im Kassenbereich von Rewe",
        "indoor": "yes",
        "level": "-1",
        "lit": "no",
        "location": "indoor",
        "opening_hours": "Mo-Sa 09:00-21:00",
        "operator": "REWE Daniela Ketzscher oHG",
        "public_bookcase:type": "shelf",
        "website": "https://booksharing-dresden.com/buechertausch-im-rewe"
      },
      "geometry": {
        "type": "Point",
        "coordinates": [
          13.7353711,
          51.0481097
        ]
      },
      "id": "node/7717675371"
    },
    {
      "type": "Feature",
      "properties": {
        "@id": "node/7728150520",
        "amenity": "public_bookcase",
        "indoor": "yes",
        "opening_hours": "Mo-Su 00:00-23:59"
      },
      "geometry": {
        "type": "Point",
        "coordinates": [
          13.7480531,
          50.8288987
        ]
      },
      "id": "node/7728150520"
    },
    {
      "type": "Feature",
      "properties": {
        "@id": "node/7728252686",
        "amenity": "public_bookcase",
        "check_date": "2024-04-10"
      },
      "geometry": {
        "type": "Point",
        "coordinates": [
          17.0858801,
          51.0985528
        ]
      },
      "id": "node/7728252686"
    },
    {
      "type": "Feature",
      "properties": {
        "@id": "node/7730243657",
        "amenity": "public_bookcase",
        "name": "Knihostrom"
      },
      "geometry": {
        "type": "Point",
        "coordinates": [
          16.96253,
          49.512087
        ]
      },
      "id": "node/7730243657"
    },
    {
      "type": "Feature",
      "properties": {
        "@id": "node/7760942374",
        "amenity": "public_bookcase",
        "name": "Knihobudka",
        "public_bookcase:type": "wooden_cabinet"
      },
      "geometry": {
        "type": "Point",
        "coordinates": [
          18.3186156,
          49.8437136
        ]
      },
      "id": "node/7760942374"
    },
    {
      "type": "Feature",
      "properties": {
        "@id": "node/7760942375",
        "amenity": "public_bookcase",
        "name": "Knihobudka",
        "public_bookcase:type": "wooden_cabinet"
      },
      "geometry": {
        "type": "Point",
        "coordinates": [
          18.289745,
          49.8465654
        ]
      },
      "id": "node/7760942375"
    },
    {
      "type": "Feature",
      "properties": {
        "@id": "node/7795477841",
        "amenity": "public_bookcase",
        "check_date": "2025-09-27",
        "covered": "yes"
      },
      "geometry": {
        "type": "Point",
        "coordinates": [
          18.1325393,
          49.5828413
        ]
      },
      "id": "node/7795477841"
    },
    {
      "type": "Feature",
      "properties": {
        "@id": "node/7795477842",
        "amenity": "public_bookcase",
        "check_date": "2024-04-12"
      },
      "geometry": {
        "type": "Point",
        "coordinates": [
          18.1214652,
          49.5871619
        ]
      },
      "id": "node/7795477842"
    },
    {
      "type": "Feature",
      "properties": {
        "@id": "node/7800314424",
        "amenity": "public_bookcase"
      },
      "geometry": {
        "type": "Point",
        "coordinates": [
          13.2674343,
          50.3877009
        ]
      },
      "id": "node/7800314424"
    },
    {
      "type": "Feature",
      "properties": {
        "@id": "node/7800317113",
        "amenity": "public_bookcase"
      },
      "geometry": {
        "type": "Point",
        "coordinates": [
          13.2745463,
          50.3841324
        ]
      },
      "id": "node/7800317113"
    },
    {
      "type": "Feature",
      "properties": {
        "@id": "node/7814771082",
        "amenity": "public_bookcase",
        "name": "Knihobudka Novosedly",
        "opening_hours": "24/7",
        "public_bookcase:type": "phone_box",
        "start_date": "2020-08-02"
      },
      "geometry": {
        "type": "Point",
        "coordinates": [
          13.7978111,
          49.2624022
        ]
      },
      "id": "node/7814771082"
    },
    {
      "type": "Feature",
      "properties": {
        "@id": "node/7816150272",
        "amenity": "public_bookcase",
        "check_date": "2023-09-10",
        "name": "Knihobudka"
      },
      "geometry": {
        "type": "Point",
        "coordinates": [
          17.4672572,
          49.0671561
        ]
      },
      "id": "node/7816150272"
    },
    {
      "type": "Feature",
      "properties": {
        "@id": "node/7832178436",
        "amenity": "public_bookcase",
        "name": "Knihovna Pujčvrať"
      },
      "geometry": {
        "type": "Point",
        "coordinates": [
          15.5150911,
          50.4903706
        ]
      },
      "id": "node/7832178436"
    },
    {
      "type": "Feature",
      "properties": {
        "@id": "node/7857390794",
        "amenity": "public_bookcase",
        "name": "Nádražní knihovnička"
      },
      "geometry": {
        "type": "Point",
        "coordinates": [
          14.770339,
          50.0771805
        ]
      },
      "id": "node/7857390794"
    },
    {
      "type": "Feature",
      "properties": {
        "@id": "node/7857433768",
        "access": "yes",
        "amenity": "public_bookcase",
        "check_date": "2026-06-23",
        "opening_hours": "24/7",
        "public_bookcase:type": "wooden_cabinet",
        "wheelchair": "no"
      },
      "geometry": {
        "type": "Point",
        "coordinates": [
          14.598755,
          50.0814451
        ]
      },
      "id": "node/7857433768"
    },
    {
      "type": "Feature",
      "properties": {
        "@id": "node/7858512741",
        "amenity": "public_bookcase"
      },
      "geometry": {
        "type": "Point",
        "coordinates": [
          14.5784419,
          50.1017206
        ]
      },
      "id": "node/7858512741"
    },
    {
      "type": "Feature",
      "properties": {
        "@id": "node/7871124234",
        "amenity": "public_bookcase",
        "name": "1. Lauterbacher Tauschkiste"
      },
      "geometry": {
        "type": "Point",
        "coordinates": [
          12.1550108,
          50.4017368
        ]
      },
      "id": "node/7871124234"
    },
    {
      "type": "Feature",
      "properties": {
        "@id": "node/7877197635",
        "amenity": "public_bookcase"
      },
      "geometry": {
        "type": "Point",
        "coordinates": [
          14.050135,
          50.8736382
        ]
      },
      "id": "node/7877197635"
    },
    {
      "type": "Feature",
      "properties": {
        "@id": "node/7880658489",
        "amenity": "public_bookcase",
        "name": "Hugova knihovna"
      },
      "geometry": {
        "type": "Point",
        "coordinates": [
          16.2033268,
          50.3683835
        ]
      },
      "id": "node/7880658489"
    },
    {
      "type": "Feature",
      "properties": {
        "@id": "node/7886737923",
        "amenity": "public_bookcase"
      },
      "geometry": {
        "type": "Point",
        "coordinates": [
          14.5608061,
          50.0017273
        ]
      },
      "id": "node/7886737923"
    },
    {
      "type": "Feature",
      "properties": {
        "@id": "node/7889708531",
        "amenity": "public_bookcase",
        "name": "Tři Sekery"
      },
      "geometry": {
        "type": "Point",
        "coordinates": [
          12.6132766,
          49.9415762
        ]
      },
      "id": "node/7889708531"
    },
    {
      "type": "Feature",
      "properties": {
        "@id": "node/7891418851",
        "amenity": "public_bookcase",
        "check_date": "2026-01-24",
        "lit": "yes",
        "name": "Knihobudka Skalní",
        "operator:type": "private",
        "public_bookcase:type": "reading_box"
      },
      "geometry": {
        "type": "Point",
        "coordinates": [
          13.417999,
          49.7563575
        ]
      },
      "id": "node/7891418851"
    },
    {
      "type": "Feature",
      "properties": {
        "@id": "node/7893476162",
        "amenity": "public_bookcase",
        "opening_hours": "24/7",
        "public_bookcase:type": "wooden_cabinet"
      },
      "geometry": {
        "type": "Point",
        "coordinates": [
          14.3608546,
          50.1702982
        ]
      },
      "id": "node/7893476162"
    },
    {
      "type": "Feature",
      "properties": {
        "@id": "node/7893476163",
        "amenity": "public_bookcase",
        "check_date": "2026-06-26",
        "opening_hours": "24/7",
        "public_bookcase:type": "wooden_cabinet"
      },
      "geometry": {
        "type": "Point",
        "coordinates": [
          14.3603664,
          50.1713341
        ]
      },
      "id": "node/7893476163"
    },
    {
      "type": "Feature",
      "properties": {
        "@id": "node/7900534985",
        "amenity": "public_bookcase",
        "check_date": "2026-06-16"
      },
      "geometry": {
        "type": "Point",
        "coordinates": [
          17.6657188,
          49.2255313
        ]
      },
      "id": "node/7900534985"
    },
    {
      "type": "Feature",
      "properties": {
        "@id": "node/7906156167",
        "amenity": "public_bookcase",
        "lit": "yes",
        "name": "Bücherboxx",
        "public_bookcase:type": "phone_box"
      },
      "geometry": {
        "type": "Point",
        "coordinates": [
          14.804382,
          50.8927751
        ]
      },
      "id": "node/7906156167"
    },
    {
      "type": "Feature",
      "properties": {
        "@id": "node/7926189662",
        "amenity": "public_bookcase",
        "public_bookcase:type": "phone_box"
      },
      "geometry": {
        "type": "Point",
        "coordinates": [
          15.8058231,
          50.088576
        ]
      },
      "id": "node/7926189662"
    },
    {
      "type": "Feature",
      "properties": {
        "@id": "node/7930349972",
        "amenity": "public_bookcase"
      },
      "geometry": {
        "type": "Point",
        "coordinates": [
          14.59592,
          50.7920834
        ]
      },
      "id": "node/7930349972"
    },
    {
      "type": "Feature",
      "properties": {
        "@id": "node/7930950412",
        "amenity": "public_bookcase",
        "check_date": "2024-10-16"
      },
      "geometry": {
        "type": "Point",
        "coordinates": [
          14.4523715,
          50.0941856
        ]
      },
      "id": "node/7930950412"
    },
    {
      "type": "Feature",
      "properties": {
        "@id": "node/7965849374",
        "amenity": "public_bookcase",
        "check_date": "2025-12-03",
        "name": "Moudrobudka"
      },
      "geometry": {
        "type": "Point",
        "coordinates": [
          15.0718911,
          50.779974
        ]
      },
      "id": "node/7965849374"
    },
    {
      "type": "Feature",
      "properties": {
        "@id": "node/7996576392",
        "amenity": "public_bookcase"
      },
      "geometry": {
        "type": "Point",
        "coordinates": [
          16.2991529,
          49.5828906
        ]
      },
      "id": "node/7996576392"
    },
    {
      "type": "Feature",
      "properties": {
        "@id": "node/7998829278",
        "amenity": "public_bookcase"
      },
      "geometry": {
        "type": "Point",
        "coordinates": [
          15.463626,
          49.1861474
        ]
      },
      "id": "node/7998829278"
    },
    {
      "type": "Feature",
      "properties": {
        "@id": "node/7999425959",
        "amenity": "public_bookcase"
      },
      "geometry": {
        "type": "Point",
        "coordinates": [
          14.9769736,
          50.7104168
        ]
      },
      "id": "node/7999425959"
    },
    {
      "type": "Feature",
      "properties": {
        "@id": "node/8024951718",
        "amenity": "public_bookcase",
        "name": "Knihobudka Březina - Místní lidová knihovna",
        "opening_hours": "24/7",
        "public_bookcase:type": "shelter"
      },
      "geometry": {
        "type": "Point",
        "coordinates": [
          13.6020548,
          49.8077785
        ]
      },
      "id": "node/8024951718"
    },
    {
      "type": "Feature",
      "properties": {
        "@id": "node/8047630612",
        "amenity": "public_bookcase",
        "check_date": "2026-04-01",
        "lit": "yes",
        "public_bookcase:type": "metal_cabinet"
      },
      "geometry": {
        "type": "Point",
        "coordinates": [
          12.1491587,
          48.5358386
        ]
      },
      "id": "node/8047630612"
    },
    {
      "type": "Feature",
      "properties": {
        "@id": "node/8068958364",
        "amenity": "public_bookcase",
        "check_date": "2023-07-05",
        "name": "Knihobudka"
      },
      "geometry": {
        "type": "Point",
        "coordinates": [
          16.8011278,
          49.1158042
        ]
      },
      "id": "node/8068958364"
    },
    {
      "type": "Feature",
      "properties": {
        "@id": "node/8080434009",
        "amenity": "public_bookcase",
        "check_date": "2026-03-24"
      },
      "geometry": {
        "type": "Point",
        "coordinates": [
          14.4218902,
          50.0136721
        ]
      },
      "id": "node/8080434009"
    },
    {
      "type": "Feature",
      "properties": {
        "@id": "node/8116733046",
        "amenity": "public_bookcase",
        "name": "Knihobudka"
      },
      "geometry": {
        "type": "Point",
        "coordinates": [
          18.1428762,
          49.4582868
        ]
      },
      "id": "node/8116733046"
    },
    {
      "type": "Feature",
      "properties": {
        "@id": "node/8123399369",
        "amenity": "public_bookcase",
        "check_date": "2026-02-06"
      },
      "geometry": {
        "type": "Point",
        "coordinates": [
          18.2102833,
          49.5480513
        ]
      },
      "id": "node/8123399369"
    },
    {
      "type": "Feature",
      "properties": {
        "@id": "node/8124024672",
        "amenity": "public_bookcase"
      },
      "geometry": {
        "type": "Point",
        "coordinates": [
          17.1527211,
          49.0267053
        ]
      },
      "id": "node/8124024672"
    },
    {
      "type": "Feature",
      "properties": {
        "@id": "node/8124099166",
        "amenity": "public_bookcase"
      },
      "geometry": {
        "type": "Point",
        "coordinates": [
          14.8265285,
          50.7870969
        ]
      },
      "id": "node/8124099166"
    },
    {
      "type": "Feature",
      "properties": {
        "@id": "node/8126066892",
        "access": "yes",
        "amenity": "public_bookcase",
        "check_date": "2024-04-13",
        "covered": "yes",
        "opening_hours": "24/7",
        "public_bookcase:type": "metal_cabinet"
      },
      "geometry": {
        "type": "Point",
        "coordinates": [
          16.5555235,
          49.2088455
        ]
      },
      "id": "node/8126066892"
    },
    {
      "type": "Feature",
      "properties": {
        "@id": "node/8133401649",
        "amenity": "public_bookcase"
      },
      "geometry": {
        "type": "Point",
        "coordinates": [
          18.173062,
          49.8465491
        ]
      },
      "id": "node/8133401649"
    },
    {
      "type": "Feature",
      "properties": {
        "@id": "node/8133513280",
        "amenity": "public_bookcase",
        "check_date": "2026-05-26",
        "public_bookcase:type": "metal_cabinet",
        "wheelchair": "no"
      },
      "geometry": {
        "type": "Point",
        "coordinates": [
          14.5494288,
          50.1344172
        ]
      },
      "id": "node/8133513280"
    },
    {
      "type": "Feature",
      "properties": {
        "@id": "node/8133524085",
        "amenity": "public_bookcase"
      },
      "geometry": {
        "type": "Point",
        "coordinates": [
          14.1339726,
          50.085645
        ]
      },
      "id": "node/8133524085"
    },
    {
      "type": "Feature",
      "properties": {
        "@id": "node/8133584686",
        "amenity": "public_bookcase"
      },
      "geometry": {
        "type": "Point",
        "coordinates": [
          14.5080296,
          49.9809224
        ]
      },
      "id": "node/8133584686"
    },
    {
      "type": "Feature",
      "properties": {
        "@id": "node/8133611898",
        "amenity": "public_bookcase",
        "location": "indoor",
        "public_bookcase:type": "shelf"
      },
      "geometry": {
        "type": "Point",
        "coordinates": [
          14.7539654,
          50.1580098
        ]
      },
      "id": "node/8133611898"
    },
    {
      "type": "Feature",
      "properties": {
        "@id": "node/8133663326",
        "amenity": "public_bookcase"
      },
      "geometry": {
        "type": "Point",
        "coordinates": [
          14.6981471,
          49.6151413
        ]
      },
      "id": "node/8133663326"
    },
    {
      "type": "Feature",
      "properties": {
        "@id": "node/8133875543",
        "amenity": "public_bookcase"
      },
      "geometry": {
        "type": "Point",
        "coordinates": [
          14.1773016,
          49.7894662
        ]
      },
      "id": "node/8133875543"
    },
    {
      "type": "Feature",
      "properties": {
        "@id": "node/8133877019",
        "amenity": "public_bookcase"
      },
      "geometry": {
        "type": "Point",
        "coordinates": [
          14.1710926,
          49.7816114
        ]
      },
      "id": "node/8133877019"
    },
    {
      "type": "Feature",
      "properties": {
        "@id": "node/8133899721",
        "amenity": "public_bookcase"
      },
      "geometry": {
        "type": "Point",
        "coordinates": [
          14.178177,
          49.7823332
        ]
      },
      "id": "node/8133899721"
    },
    {
      "type": "Feature",
      "properties": {
        "@id": "node/8136889474",
        "amenity": "public_bookcase"
      },
      "geometry": {
        "type": "Point",
        "coordinates": [
          12.6957577,
          50.3483893
        ]
      },
      "id": "node/8136889474"
    },
    {
      "type": "Feature",
      "properties": {
        "@id": "node/8137401553",
        "amenity": "public_bookcase"
      },
      "geometry": {
        "type": "Point",
        "coordinates": [
          15.1824229,
          50.766777
        ]
      },
      "id": "node/8137401553"
    },
    {
      "type": "Feature",
      "properties": {
        "@id": "node/8138774749",
        "amenity": "public_bookcase",
        "check_date": "2026-03-29",
        "indoor": "no",
        "level": "0",
        "location": "outdoor",
        "public_bookcase:type": "phone_box",
        "source": "local knowledge",
        "start_date": "2020-11",
        "wheelchair": "limited"
      },
      "geometry": {
        "type": "Point",
        "coordinates": [
          12.1430228,
          48.5238154
        ]
      },
      "id": "node/8138774749"
    },
    {
      "type": "Feature",
      "properties": {
        "@id": "node/8141064243",
        "amenity": "public_bookcase",
        "indoor": "yes",
        "website": "https://www.usti.cz/cz/volny-cas/seznamy-zprav/aktualni-informace/knihobudka-informacnim-stredisku.html"
      },
      "geometry": {
        "type": "Point",
        "coordinates": [
          14.0400288,
          50.6605691
        ]
      },
      "id": "node/8141064243"
    },
    {
      "type": "Feature",
      "properties": {
        "@id": "node/8141071182",
        "amenity": "public_bookcase"
      },
      "geometry": {
        "type": "Point",
        "coordinates": [
          14.3819176,
          49.9387696
        ]
      },
      "id": "node/8141071182"
    },
    {
      "type": "Feature",
      "properties": {
        "@id": "node/8141084099",
        "amenity": "public_bookcase",
        "check_date": "2025-08-22"
      },
      "geometry": {
        "type": "Point",
        "coordinates": [
          14.4941831,
          48.7390106
        ]
      },
      "id": "node/8141084099"
    },
    {
      "type": "Feature",
      "properties": {
        "@id": "node/8142315295",
        "amenity": "public_bookcase",
        "check_date": "2026-06-14"
      },
      "geometry": {
        "type": "Point",
        "coordinates": [
          15.650135,
          49.4783096
        ]
      },
      "id": "node/8142315295"
    },
    {
      "type": "Feature",
      "properties": {
        "@id": "node/8142323502",
        "amenity": "public_bookcase"
      },
      "geometry": {
        "type": "Point",
        "coordinates": [
          14.0431502,
          50.5970627
        ]
      },
      "id": "node/8142323502"
    },
    {
      "type": "Feature",
      "properties": {
        "@id": "node/8142329802",
        "amenity": "public_bookcase"
      },
      "geometry": {
        "type": "Point",
        "coordinates": [
          15.8085962,
          49.0561519
        ]
      },
      "id": "node/8142329802"
    },
    {
      "type": "Feature",
      "properties": {
        "@id": "node/8142329803",
        "amenity": "public_bookcase"
      },
      "geometry": {
        "type": "Point",
        "coordinates": [
          15.8137913,
          49.0501534
        ]
      },
      "id": "node/8142329803"
    },
    {
      "type": "Feature",
      "properties": {
        "@id": "node/8142367520",
        "amenity": "public_bookcase"
      },
      "geometry": {
        "type": "Point",
        "coordinates": [
          15.807706,
          49.0531322
        ]
      },
      "id": "node/8142367520"
    },
    {
      "type": "Feature",
      "properties": {
        "@id": "node/8153719795",
        "amenity": "public_bookcase"
      },
      "geometry": {
        "type": "Point",
        "coordinates": [
          13.5675597,
          49.8777628
        ]
      },
      "id": "node/8153719795"
    },
    {
      "type": "Feature",
      "properties": {
        "@id": "node/8153755715",
        "amenity": "public_bookcase"
      },
      "geometry": {
        "type": "Point",
        "coordinates": [
          13.7561731,
          49.7369687
        ]
      },
      "id": "node/8153755715"
    },
    {
      "type": "Feature",
      "properties": {
        "@id": "node/8153813339",
        "amenity": "public_bookcase",
        "panoramax": "dc4ff0b4-95af-43dd-bb49-f196e17dcd5a"
      },
      "geometry": {
        "type": "Point",
        "coordinates": [
          15.8729728,
          49.2166535
        ]
      },
      "id": "node/8153813339"
    },
    {
      "type": "Feature",
      "properties": {
        "@id": "node/8153815554",
        "amenity": "public_bookcase"
      },
      "geometry": {
        "type": "Point",
        "coordinates": [
          15.8117454,
          50.43075
        ]
      },
      "id": "node/8153815554"
    },
    {
      "type": "Feature",
      "properties": {
        "@id": "node/8153894945",
        "amenity": "public_bookcase"
      },
      "geometry": {
        "type": "Point",
        "coordinates": [
          16.571184,
          49.5560487
        ]
      },
      "id": "node/8153894945"
    },
    {
      "type": "Feature",
      "properties": {
        "@id": "node/8154721893",
        "amenity": "public_bookcase"
      },
      "geometry": {
        "type": "Point",
        "coordinates": [
          15.8898828,
          49.2130046
        ]
      },
      "id": "node/8154721893"
    },
    {
      "type": "Feature",
      "properties": {
        "@id": "node/8154721894",
        "amenity": "public_bookcase"
      },
      "geometry": {
        "type": "Point",
        "coordinates": [
          15.8910147,
          49.2120847
        ]
      },
      "id": "node/8154721894"
    },
    {
      "type": "Feature",
      "properties": {
        "@id": "node/8154764130",
        "amenity": "public_bookcase",
        "check_date": "2024-07-05"
      },
      "geometry": {
        "type": "Point",
        "coordinates": [
          13.198215,
          49.2101271
        ]
      },
      "id": "node/8154764130"
    },
    {
      "type": "Feature",
      "properties": {
        "@id": "node/8154778928",
        "amenity": "public_bookcase"
      },
      "geometry": {
        "type": "Point",
        "coordinates": [
          14.1896926,
          50.1542313
        ]
      },
      "id": "node/8154778928"
    },
    {
      "type": "Feature",
      "properties": {
        "@id": "node/8154906236",
        "amenity": "public_bookcase",
        "check_date": "2024-09-01"
      },
      "geometry": {
        "type": "Point",
        "coordinates": [
          16.2227015,
          49.9948452
        ]
      },
      "id": "node/8154906236"
    },
    {
      "type": "Feature",
      "properties": {
        "@id": "node/8157165985",
        "amenity": "public_bookcase"
      },
      "geometry": {
        "type": "Point",
        "coordinates": [
          13.5789177,
          49.230077
        ]
      },
      "id": "node/8157165985"
    },
    {
      "type": "Feature",
      "properties": {
        "@id": "node/8157180027",
        "amenity": "public_bookcase"
      },
      "geometry": {
        "type": "Point",
        "coordinates": [
          17.5330119,
          49.2096055
        ]
      },
      "id": "node/8157180027"
    },
    {
      "type": "Feature",
      "properties": {
        "@id": "node/8157487966",
        "amenity": "public_bookcase",
        "opening_hours": "24/7",
        "operator": "Mělnické kulturní centrum"
      },
      "geometry": {
        "type": "Point",
        "coordinates": [
          14.4820954,
          50.3502986
        ]
      },
      "id": "node/8157487966"
    },
    {
      "type": "Feature",
      "properties": {
        "@id": "node/8158236578",
        "amenity": "public_bookcase",
        "check_date": "2025-06-21"
      },
      "geometry": {
        "type": "Point",
        "coordinates": [
          16.4590066,
          49.7572749
        ]
      },
      "id": "node/8158236578"
    },
    {
      "type": "Feature",
      "properties": {
        "@id": "node/8163711917",
        "amenity": "public_bookcase",
        "name": "Knihostrom",
        "public_bookcase:type": "sculpture"
      },
      "geometry": {
        "type": "Point",
        "coordinates": [
          16.1812593,
          50.4819514
        ]
      },
      "id": "node/8163711917"
    },
    {
      "type": "Feature",
      "properties": {
        "@id": "node/8163721032",
        "amenity": "public_bookcase",
        "check_date": "2026-04-03"
      },
      "geometry": {
        "type": "Point",
        "coordinates": [
          15.5871837,
          49.3979624
        ]
      },
      "id": "node/8163721032"
    },
    {
      "type": "Feature",
      "properties": {
        "@id": "node/8163882224",
        "amenity": "public_bookcase"
      },
      "geometry": {
        "type": "Point",
        "coordinates": [
          18.1799,
          49.8388405
        ]
      },
      "id": "node/8163882224"
    },
    {
      "type": "Feature",
      "properties": {
        "@id": "node/8163882640",
        "amenity": "public_bookcase"
      },
      "geometry": {
        "type": "Point",
        "coordinates": [
          18.2315009,
          49.8181825
        ]
      },
      "id": "node/8163882640"
    },
    {
      "type": "Feature",
      "properties": {
        "@id": "node/8163911894",
        "amenity": "public_bookcase",
        "check_date": "2023-01-12"
      },
      "geometry": {
        "type": "Point",
        "coordinates": [
          18.1857161,
          49.8974982
        ]
      },
      "id": "node/8163911894"
    },
    {
      "type": "Feature",
      "properties": {
        "@id": "node/8164605383",
        "amenity": "public_bookcase"
      },
      "geometry": {
        "type": "Point",
        "coordinates": [
          13.2782525,
          49.9350733
        ]
      },
      "id": "node/8164605383"
    },
    {
      "type": "Feature",
      "properties": {
        "@id": "node/8176251954",
        "amenity": "public_bookcase",
        "artist_name": "Z. Silovský",
        "check_date": "2026-01-08",
        "name": "Pod Vořechem"
      },
      "geometry": {
        "type": "Point",
        "coordinates": [
          13.3509348,
          49.6947593
        ]
      },
      "id": "node/8176251954"
    },
    {
      "type": "Feature",
      "properties": {
        "@id": "node/8176307796",
        "amenity": "public_bookcase",
        "name": "U Sýkorek"
      },
      "geometry": {
        "type": "Point",
        "coordinates": [
          13.3548561,
          49.6993473
        ]
      },
      "id": "node/8176307796"
    },
    {
      "type": "Feature",
      "properties": {
        "@id": "node/8178808765",
        "amenity": "public_bookcase"
      },
      "geometry": {
        "type": "Point",
        "coordinates": [
          15.8785223,
          49.204105
        ]
      },
      "id": "node/8178808765"
    },
    {
      "type": "Feature",
      "properties": {
        "@id": "node/8183232348",
        "amenity": "public_bookcase",
        "check_date": "2025-04-07"
      },
      "geometry": {
        "type": "Point",
        "coordinates": [
          14.5363501,
          50.6892355
        ]
      },
      "id": "node/8183232348"
    },
    {
      "type": "Feature",
      "properties": {
        "@id": "node/8184028054",
        "amenity": "public_bookcase",
        "check_date": "2024-09-23",
        "name": "Ferdinandova knihobudka"
      },
      "geometry": {
        "type": "Point",
        "coordinates": [
          14.5929951,
          50.7426443
        ]
      },
      "id": "node/8184028054"
    },
    {
      "type": "Feature",
      "properties": {
        "@id": "node/8195125225",
        "amenity": "public_bookcase",
        "check_date": "2026-05-31",
        "public_bookcase:type": "metal_cabinet"
      },
      "geometry": {
        "type": "Point",
        "coordinates": [
          13.7617365,
          51.0553153
        ]
      },
      "id": "node/8195125225"
    },
    {
      "type": "Feature",
      "properties": {
        "@id": "node/8203010237",
        "amenity": "public_bookcase",
        "location": "indoor",
        "name": "Knihobudka",
        "public_bookcase:type": "wooden_cabinet"
      },
      "geometry": {
        "type": "Point",
        "coordinates": [
          13.2844789,
          49.4789766
        ]
      },
      "id": "node/8203010237"
    },
    {
      "type": "Feature",
      "properties": {
        "@id": "node/8211144031",
        "access": "yes",
        "amenity": "public_bookcase",
        "check_date": "2025-01-15",
        "public_bookcase:type": "shelf"
      },
      "geometry": {
        "type": "Point",
        "coordinates": [
          16.7777837,
          49.4060459
        ]
      },
      "id": "node/8211144031"
    },
    {
      "type": "Feature",
      "properties": {
        "@id": "node/8213621105",
        "amenity": "public_bookcase",
        "check_date": "2025-11-06",
        "opening_hours": "24/7",
        "public_bookcase:type": "wooden_cabinet"
      },
      "geometry": {
        "type": "Point",
        "coordinates": [
          16.8903415,
          48.7552864
        ]
      },
      "id": "node/8213621105"
    },
    {
      "type": "Feature",
      "properties": {
        "@id": "node/8213621359",
        "amenity": "public_bookcase",
        "check_date": "2025-07-16"
      },
      "geometry": {
        "type": "Point",
        "coordinates": [
          16.866389,
          48.7523425
        ]
      },
      "id": "node/8213621359"
    },
    {
      "type": "Feature",
      "properties": {
        "@id": "node/8213636023",
        "amenity": "public_bookcase",
        "check_date": "2024-07-24"
      },
      "geometry": {
        "type": "Point",
        "coordinates": [
          16.8756684,
          48.7592376
        ]
      },
      "id": "node/8213636023"
    },
    {
      "type": "Feature",
      "properties": {
        "@id": "node/8213648811",
        "amenity": "public_bookcase"
      },
      "geometry": {
        "type": "Point",
        "coordinates": [
          16.8873083,
          48.7682296
        ]
      },
      "id": "node/8213648811"
    },
    {
      "type": "Feature",
      "properties": {
        "@id": "node/8213650127",
        "amenity": "public_bookcase"
      },
      "geometry": {
        "type": "Point",
        "coordinates": [
          16.8476365,
          48.7639236
        ]
      },
      "id": "node/8213650127"
    },
    {
      "type": "Feature",
      "properties": {
        "@id": "node/8221943070",
        "amenity": "public_bookcase"
      },
      "geometry": {
        "type": "Point",
        "coordinates": [
          18.3455868,
          49.7103545
        ]
      },
      "id": "node/8221943070"
    },
    {
      "type": "Feature",
      "properties": {
        "@id": "node/8234203365",
        "amenity": "public_bookcase",
        "public_bookcase:type": "phone_box"
      },
      "geometry": {
        "type": "Point",
        "coordinates": [
          13.8957102,
          49.8758222
        ]
      },
      "id": "node/8234203365"
    },
    {
      "type": "Feature",
      "properties": {
        "@id": "node/8240170921",
        "amenity": "public_bookcase",
        "check_date": "2025-04-19",
        "description": "spodní terasa Sibiřského srubu",
        "indoor": "no",
        "name": "Knihobudka"
      },
      "geometry": {
        "type": "Point",
        "coordinates": [
          13.3528711,
          49.7575144
        ]
      },
      "id": "node/8240170921"
    },
    {
      "type": "Feature",
      "properties": {
        "@id": "node/8244842805",
        "amenity": "public_bookcase",
        "capacity": "100",
        "opening_hours": "24/7",
        "operator": "Anja & Joerg",
        "operator:type": "private"
      },
      "geometry": {
        "type": "Point",
        "coordinates": [
          12.8613674,
          50.7987968
        ]
      },
      "id": "node/8244842805"
    },
    {
      "type": "Feature",
      "properties": {
        "@id": "node/8265446970",
        "amenity": "public_bookcase",
        "name": "Öffentlicher Bücherschrank Patzmannsdorf",
        "opening_hours": "24/7",
        "operator": "Nette, kluge Menschen",
        "public_bookcase:type": "Öffentlicher_Bücherschrank"
      },
      "geometry": {
        "type": "Point",
        "coordinates": [
          16.2811631,
          48.6375061
        ]
      },
      "id": "node/8265446970"
    },
    {
      "type": "Feature",
      "properties": {
        "@id": "node/8283984629",
        "amenity": "public_bookcase",
        "name": "Knihobudka",
        "operator": "Městská knihovna Jablonec nad Nisou"
      },
      "geometry": {
        "type": "Point",
        "coordinates": [
          15.177037,
          50.7347563
        ]
      },
      "id": "node/8283984629"
    },
    {
      "type": "Feature",
      "properties": {
        "@id": "node/8284021768",
        "amenity": "public_bookcase",
        "location": "indoor"
      },
      "geometry": {
        "type": "Point",
        "coordinates": [
          15.3136332,
          50.7579203
        ]
      },
      "id": "node/8284021768"
    },
    {
      "type": "Feature",
      "properties": {
        "@id": "node/8284021774",
        "amenity": "public_bookcase"
      },
      "geometry": {
        "type": "Point",
        "coordinates": [
          15.3137579,
          50.7562468
        ]
      },
      "id": "node/8284021774"
    },
    {
      "type": "Feature",
      "properties": {
        "@id": "node/8287548648",
        "amenity": "public_bookcase",
        "name": "Knihobudka"
      },
      "geometry": {
        "type": "Point",
        "coordinates": [
          13.289368,
          49.6452902
        ]
      },
      "id": "node/8287548648"
    },
    {
      "type": "Feature",
      "properties": {
        "@id": "node/8295903773",
        "amenity": "public_bookcase"
      },
      "geometry": {
        "type": "Point",
        "coordinates": [
          14.4986167,
          50.8118883
        ]
      },
      "id": "node/8295903773"
    },
    {
      "type": "Feature",
      "properties": {
        "@id": "node/8306882334",
        "amenity": "public_bookcase",
        "check_date": "2026-05-14",
        "public_bookcase:type": "phone_box"
      },
      "geometry": {
        "type": "Point",
        "coordinates": [
          13.239495,
          50.9219877
        ]
      },
      "id": "node/8306882334"
    },
    {
      "type": "Feature",
      "properties": {
        "@id": "node/8315418987",
        "amenity": "public_bookcase",
        "name": "Knihobudka"
      },
      "geometry": {
        "type": "Point",
        "coordinates": [
          16.7765028,
          48.8137055
        ]
      },
      "id": "node/8315418987"
    },
    {
      "type": "Feature",
      "properties": {
        "@id": "node/8316061711",
        "amenity": "public_bookcase",
        "public_bookcase:type": "metal_cabinet"
      },
      "geometry": {
        "type": "Point",
        "coordinates": [
          16.7628988,
          48.9564004
        ]
      },
      "id": "node/8316061711"
    },
    {
      "type": "Feature",
      "properties": {
        "@id": "node/8339109119",
        "amenity": "public_bookcase",
        "check_date": "2025-05-06",
        "opening_hours": "24/7",
        "public_bookcase:type": "phone_box"
      },
      "geometry": {
        "type": "Point",
        "coordinates": [
          16.5802144,
          49.238985
        ]
      },
      "id": "node/8339109119"
    },
    {
      "type": "Feature",
      "properties": {
        "@id": "node/8344149804",
        "amenity": "public_bookcase"
      },
      "geometry": {
        "type": "Point",
        "coordinates": [
          15.5037346,
          50.6088524
        ]
      },
      "id": "node/8344149804"
    },
    {
      "type": "Feature",
      "properties": {
        "@id": "node/8354932944",
        "access": "yes",
        "amenity": "public_bookcase",
        "check_date": "2025-08-28",
        "image": "https://commons.wikimedia.org/wiki/File:May_Tausch-Eck.jpg",
        "name": "May Tausch-Eck",
        "opening_hours": "24/7",
        "public_bookcase:type": "shelf",
        "wheelchair": "yes"
      },
      "geometry": {
        "type": "Point",
        "coordinates": [
          13.8094349,
          51.0422784
        ]
      },
      "id": "node/8354932944"
    },
    {
      "type": "Feature",
      "properties": {
        "@id": "node/8381840394",
        "amenity": "public_bookcase",
        "check_date": "2023-11-05",
        "note": "Na zastavce",
        "public_bookcase:type": "wooden_cabinet"
      },
      "geometry": {
        "type": "Point",
        "coordinates": [
          16.6432389,
          49.2198381
        ]
      },
      "id": "node/8381840394"
    },
    {
      "type": "Feature",
      "properties": {
        "@id": "node/8416249229",
        "amenity": "public_bookcase",
        "check_date": "2024-11-22",
        "name": "Knihobudka",
        "public_bookcase:type": "reading_box"
      },
      "geometry": {
        "type": "Point",
        "coordinates": [
          12.3643371,
          50.0798286
        ]
      },
      "id": "node/8416249229"
    },
    {
      "type": "Feature",
      "properties": {
        "@id": "node/8416277776",
        "amenity": "public_bookcase",
        "name": "Knihobudka",
        "public_bookcase:type": "reading_box"
      },
      "geometry": {
        "type": "Point",
        "coordinates": [
          12.6484367,
          50.1627602
        ]
      },
      "id": "node/8416277776"
    },
    {
      "type": "Feature",
      "properties": {
        "@id": "node/8416327811",
        "amenity": "public_bookcase",
        "name": "Knihobudka",
        "public_bookcase:type": "reading_box"
      },
      "geometry": {
        "type": "Point",
        "coordinates": [
          12.627427,
          50.2136402
        ]
      },
      "id": "node/8416327811"
    },
    {
      "type": "Feature",
      "properties": {
        "@id": "node/8416328220",
        "amenity": "public_bookcase",
        "public_bookcase:type": "reading_box"
      },
      "geometry": {
        "type": "Point",
        "coordinates": [
          12.6317078,
          50.2117581
        ]
      },
      "id": "node/8416328220"
    },
    {
      "type": "Feature",
      "properties": {
        "@id": "node/8423715335",
        "amenity": "public_bookcase"
      },
      "geometry": {
        "type": "Point",
        "coordinates": [
          13.1973442,
          49.7860172
        ]
      },
      "id": "node/8423715335"
    },
    {
      "type": "Feature",
      "properties": {
        "@id": "node/8451790605",
        "amenity": "public_bookcase"
      },
      "geometry": {
        "type": "Point",
        "coordinates": [
          13.8273662,
          50.9687149
        ]
      },
      "id": "node/8451790605"
    },
    {
      "type": "Feature",
      "properties": {
        "@id": "node/8489594629",
        "amenity": "public_bookcase"
      },
      "geometry": {
        "type": "Point",
        "coordinates": [
          15.306073,
          50.60677
        ]
      },
      "id": "node/8489594629"
    },
    {
      "type": "Feature",
      "properties": {
        "@id": "node/8496757894",
        "amenity": "public_bookcase",
        "contact:instagram": "https://www.instagram.com/sousedskaknihovnatremosna/"
      },
      "geometry": {
        "type": "Point",
        "coordinates": [
          13.38868,
          49.8107764
        ]
      },
      "id": "node/8496757894"
    },
    {
      "type": "Feature",
      "properties": {
        "@id": "node/8500259927",
        "access": "yes",
        "amenity": "public_bookcase",
        "description": "Knihobudka je uvnitř přístřešku autobusové zastávky.",
        "name": "Knihobudka",
        "public_bookcase:type": "shelter"
      },
      "geometry": {
        "type": "Point",
        "coordinates": [
          13.4345027,
          49.2682918
        ]
      },
      "id": "node/8500259927"
    },
    {
      "type": "Feature",
      "properties": {
        "@id": "node/8504510764",
        "amenity": "public_bookcase",
        "name": "Knihovna"
      },
      "geometry": {
        "type": "Point",
        "coordinates": [
          18.0748978,
          49.7255767
        ]
      },
      "id": "node/8504510764"
    },
    {
      "type": "Feature",
      "properties": {
        "@id": "node/8515215794",
        "amenity": "public_bookcase"
      },
      "geometry": {
        "type": "Point",
        "coordinates": [
          14.3562731,
          50.0296748
        ]
      },
      "id": "node/8515215794"
    },
    {
      "type": "Feature",
      "properties": {
        "@id": "node/8526020457",
        "amenity": "public_bookcase"
      },
      "geometry": {
        "type": "Point",
        "coordinates": [
          16.2399047,
          50.2965714
        ]
      },
      "id": "node/8526020457"
    },
    {
      "type": "Feature",
      "properties": {
        "@id": "node/8540941537",
        "access": "yes",
        "amenity": "public_bookcase",
        "description": "Uvniř přístřešku autobusové zastávky",
        "name": "Knihbudka",
        "public_bookcase:type": "wooden_cabinet"
      },
      "geometry": {
        "type": "Point",
        "coordinates": [
          14.3629564,
          49.0326572
        ]
      },
      "id": "node/8540941537"
    },
    {
      "type": "Feature",
      "properties": {
        "@id": "node/8540956069",
        "amenity": "public_bookcase",
        "name": "Knihbudka",
        "public_bookcase:type": "wooden_cabinet"
      },
      "geometry": {
        "type": "Point",
        "coordinates": [
          14.3598536,
          49.0336647
        ]
      },
      "id": "node/8540956069"
    },
    {
      "type": "Feature",
      "properties": {
        "@id": "node/8541005608",
        "amenity": "public_bookcase",
        "description": "Uvniř přístřešku autobusové zastávky",
        "name": "Knihbudka",
        "public_bookcase:type": "shelter"
      },
      "geometry": {
        "type": "Point",
        "coordinates": [
          14.3341337,
          49.0457542
        ]
      },
      "id": "node/8541005608"
    },
    {
      "type": "Feature",
      "properties": {
        "@id": "node/8541409085",
        "access": "yes",
        "amenity": "public_bookcase",
        "check_date": "2023-08-12",
        "indoor": "no",
        "location": "surface",
        "name": "Knihobudka",
        "opening_hours": "24/7",
        "public_bookcase:type": "phone_box"
      },
      "geometry": {
        "type": "Point",
        "coordinates": [
          14.4584275,
          50.0693561
        ]
      },
      "id": "node/8541409085"
    },
    {
      "type": "Feature",
      "properties": {
        "@id": "node/8541497447",
        "amenity": "public_bookcase"
      },
      "geometry": {
        "type": "Point",
        "coordinates": [
          15.5958953,
          49.3941662
        ]
      },
      "id": "node/8541497447"
    },
    {
      "type": "Feature",
      "properties": {
        "@id": "node/8541497448",
        "amenity": "public_bookcase"
      },
      "geometry": {
        "type": "Point",
        "coordinates": [
          15.5936712,
          49.3976924
        ]
      },
      "id": "node/8541497448"
    },
    {
      "type": "Feature",
      "properties": {
        "@id": "node/8570090335",
        "access": "yes",
        "amenity": "public_bookcase",
        "check_date": "2026-02-08",
        "public_bookcase:type": "wooden_cabinet"
      },
      "geometry": {
        "type": "Point",
        "coordinates": [
          13.7261052,
          51.0546032
        ]
      },
      "id": "node/8570090335"
    },
    {
      "type": "Feature",
      "properties": {
        "@id": "node/8588852308",
        "access": "yes",
        "amenity": "public_bookcase",
        "public_bookcase:type": "wooden_cabinet"
      },
      "geometry": {
        "type": "Point",
        "coordinates": [
          18.2166466,
          49.6340845
        ]
      },
      "id": "node/8588852308"
    },
    {
      "type": "Feature",
      "properties": {
        "@id": "node/8595542127",
        "amenity": "public_bookcase",
        "public_bookcase:type": "wooden_cabinet"
      },
      "geometry": {
        "type": "Point",
        "coordinates": [
          18.4123597,
          49.5958442
        ]
      },
      "id": "node/8595542127"
    },
    {
      "type": "Feature",
      "properties": {
        "@id": "node/8601741780",
        "amenity": "public_bookcase",
        "check_date": "2021-11-11",
        "public_bookcase:type": "phone_box"
      },
      "geometry": {
        "type": "Point",
        "coordinates": [
          14.354943,
          50.1502818
        ]
      },
      "id": "node/8601741780"
    },
    {
      "type": "Feature",
      "properties": {
        "@id": "node/8601757833",
        "amenity": "public_bookcase",
        "name": "Lesní knihovna"
      },
      "geometry": {
        "type": "Point",
        "coordinates": [
          16.8952674,
          49.5554567
        ]
      },
      "id": "node/8601757833"
    },
    {
      "type": "Feature",
      "properties": {
        "@id": "node/8617578634",
        "amenity": "public_bookcase",
        "check_date": "2023-10-22",
        "public_bookcase:type": "wooden_cabinet",
        "website": "https://www.knihobudka.cz/"
      },
      "geometry": {
        "type": "Point",
        "coordinates": [
          16.6402368,
          49.2017232
        ]
      },
      "id": "node/8617578634"
    },
    {
      "type": "Feature",
      "properties": {
        "@id": "node/8623589301",
        "amenity": "public_bookcase",
        "capacity": "40",
        "check_date": "2024-11-03",
        "public_bookcase:type": "wooden_cabinet"
      },
      "geometry": {
        "type": "Point",
        "coordinates": [
          13.8201499,
          51.063102
        ]
      },
      "id": "node/8623589301"
    },
    {
      "type": "Feature",
      "properties": {
        "@id": "node/8631202565",
        "amenity": "public_bookcase"
      },
      "geometry": {
        "type": "Point",
        "coordinates": [
          14.2789851,
          50.1328101
        ]
      },
      "id": "node/8631202565"
    },
    {
      "type": "Feature",
      "properties": {
        "@id": "node/8643475336",
        "amenity": "public_bookcase"
      },
      "geometry": {
        "type": "Point",
        "coordinates": [
          14.318311,
          50.1416358
        ]
      },
      "id": "node/8643475336"
    },
    {
      "type": "Feature",
      "properties": {
        "@id": "node/8646639061",
        "amenity": "public_bookcase"
      },
      "geometry": {
        "type": "Point",
        "coordinates": [
          14.4883034,
          50.2521084
        ]
      },
      "id": "node/8646639061"
    },
    {
      "type": "Feature",
      "properties": {
        "@id": "node/8646654285",
        "amenity": "public_bookcase"
      },
      "geometry": {
        "type": "Point",
        "coordinates": [
          14.5318732,
          50.2601723
        ]
      },
      "id": "node/8646654285"
    },
    {
      "type": "Feature",
      "properties": {
        "@id": "node/8646799864",
        "amenity": "public_bookcase"
      },
      "geometry": {
        "type": "Point",
        "coordinates": [
          14.5325746,
          50.2527927
        ]
      },
      "id": "node/8646799864"
    },
    {
      "type": "Feature",
      "properties": {
        "@id": "node/8648327975",
        "amenity": "public_bookcase",
        "check_date": "2025-03-06"
      },
      "geometry": {
        "type": "Point",
        "coordinates": [
          15.7499048,
          50.0511722
        ]
      },
      "id": "node/8648327975"
    },
    {
      "type": "Feature",
      "properties": {
        "@id": "node/8660962308",
        "amenity": "public_bookcase",
        "check_date": "2025-05-01",
        "covered": "no",
        "indoor": "no",
        "opening_hours": "24/7"
      },
      "geometry": {
        "type": "Point",
        "coordinates": [
          14.4176526,
          50.1076472
        ]
      },
      "id": "node/8660962308"
    },
    {
      "type": "Feature",
      "properties": {
        "@id": "node/8662141167",
        "amenity": "public_bookcase",
        "check_date": "2025-08-28",
        "description": "Uvnitř restaurace v zimní zahradě.",
        "location": "indoor",
        "public_bookcase:type": "shelf"
      },
      "geometry": {
        "type": "Point",
        "coordinates": [
          16.741596,
          49.2967852
        ]
      },
      "id": "node/8662141167"
    },
    {
      "type": "Feature",
      "properties": {
        "@id": "node/8662141168",
        "amenity": "public_bookcase",
        "check_date": "2024-10-16",
        "description": "Ve vestibulu úřadu městyse.",
        "lit": "no",
        "location": "indoor",
        "public_bookcase:type": "shelf"
      },
      "geometry": {
        "type": "Point",
        "coordinates": [
          16.7438925,
          49.2973133
        ]
      },
      "id": "node/8662141168"
    },
    {
      "type": "Feature",
      "properties": {
        "@id": "node/8668131556",
        "amenity": "public_bookcase",
        "covered": "no",
        "indoor": "no",
        "lit": "no",
        "opening_hours": "24/7"
      },
      "geometry": {
        "type": "Point",
        "coordinates": [
          14.4744256,
          50.0689991
        ]
      },
      "id": "node/8668131556"
    },
    {
      "type": "Feature",
      "properties": {
        "@id": "node/8668243161",
        "amenity": "public_bookcase",
        "name": "Knihobudka",
        "source": "survey"
      },
      "geometry": {
        "type": "Point",
        "coordinates": [
          15.056184,
          50.5721529
        ]
      },
      "id": "node/8668243161"
    },
    {
      "type": "Feature",
      "properties": {
        "@id": "node/8672458684",
        "amenity": "public_bookcase"
      },
      "geometry": {
        "type": "Point",
        "coordinates": [
          15.2786551,
          50.6424004
        ]
      },
      "id": "node/8672458684"
    },
    {
      "type": "Feature",
      "properties": {
        "@id": "node/8682235243",
        "amenity": "public_bookcase"
      },
      "geometry": {
        "type": "Point",
        "coordinates": [
          13.0475132,
          49.7295958
        ]
      },
      "id": "node/8682235243"
    },
    {
      "type": "Feature",
      "properties": {
        "@id": "node/8693863205",
        "amenity": "public_bookcase",
        "check_date": "2023-10-18",
        "name": "Knihobudka",
        "operator": "Řeporyje",
        "public_bookcase:type": "phone_box"
      },
      "geometry": {
        "type": "Point",
        "coordinates": [
          14.3151064,
          50.0351403
        ]
      },
      "id": "node/8693863205"
    },
    {
      "type": "Feature",
      "properties": {
        "@id": "node/8693872934",
        "amenity": "public_bookcase",
        "check_date": "2023-09-29",
        "name": "Knihobudka",
        "operator": "Řeporyje",
        "public_bookcase:type": "phone_box"
      },
      "geometry": {
        "type": "Point",
        "coordinates": [
          14.3118817,
          50.0329449
        ]
      },
      "id": "node/8693872934"
    },
    {
      "type": "Feature",
      "properties": {
        "@id": "node/8707022923",
        "addr:city": "Dippoldiswalde",
        "addr:housenumber": "17",
        "addr:postcode": "01744",
        "addr:street": "Markt",
        "amenity": "public_bookcase",
        "description": "Ein Buch nehmen - ein Buch geben - ein Buch tauschen - Einfach so",
        "name": "Einfach so",
        "operator": "Gasiorek"
      },
      "geometry": {
        "type": "Point",
        "coordinates": [
          13.666989,
          50.8969638
        ]
      },
      "id": "node/8707022923"
    },
    {
      "type": "Feature",
      "properties": {
        "@id": "node/8712683228",
        "amenity": "public_bookcase",
        "contact:facebook": "https://www.facebook.com/buecherbaumplattling/",
        "public_bookcase:type": "sculpture"
      },
      "geometry": {
        "type": "Point",
        "coordinates": [
          12.8737504,
          48.7763946
        ]
      },
      "id": "node/8712683228"
    },
    {
      "type": "Feature",
      "properties": {
        "@id": "node/8734302761",
        "amenity": "public_bookcase"
      },
      "geometry": {
        "type": "Point",
        "coordinates": [
          13.8275406,
          50.9683801
        ]
      },
      "id": "node/8734302761"
    },
    {
      "type": "Feature",
      "properties": {
        "@id": "node/8735595065",
        "access": "yes",
        "amenity": "public_bookcase",
        "public_bookcase:type": "wooden_cabinet"
      },
      "geometry": {
        "type": "Point",
        "coordinates": [
          18.3543212,
          49.5893923
        ]
      },
      "id": "node/8735595065"
    },
    {
      "type": "Feature",
      "properties": {
        "@id": "node/8738581064",
        "amenity": "public_bookcase",
        "check_date": "2026-03-12"
      },
      "geometry": {
        "type": "Point",
        "coordinates": [
          13.724393,
          51.0757984
        ]
      },
      "id": "node/8738581064"
    },
    {
      "type": "Feature",
      "properties": {
        "@id": "node/8742216409",
        "amenity": "public_bookcase",
        "opening_hours": "24/7",
        "public_bookcase:type": "phone_box"
      },
      "geometry": {
        "type": "Point",
        "coordinates": [
          16.8973647,
          48.9150745
        ]
      },
      "id": "node/8742216409"
    },
    {
      "type": "Feature",
      "properties": {
        "@id": "node/8758941393",
        "amenity": "public_bookcase",
        "booth": "TelH_90",
        "covered": "yes",
        "lit": "no",
        "opening_hours": "24/7",
        "public_bookcase:type": "phone_box"
      },
      "geometry": {
        "type": "Point",
        "coordinates": [
          12.6100614,
          50.8715416
        ]
      },
      "id": "node/8758941393"
    },
    {
      "type": "Feature",
      "properties": {
        "@id": "node/8758941394",
        "amenity": "public_bookcase",
        "booth": "TelH_90",
        "covered": "yes",
        "lit": "yes",
        "opening_hours": "24/7",
        "public_bookcase:type": "phone_box",
        "wheelchair": "limited",
        "wheelchair:description": "Obere und untere Regalebene für Rollstuhlfahrer möglicherweise nicht erreichbar."
      },
      "geometry": {
        "type": "Point",
        "coordinates": [
          12.6089613,
          50.8720923
        ]
      },
      "id": "node/8758941394"
    },
    {
      "type": "Feature",
      "properties": {
        "@id": "node/8758941395",
        "amenity": "public_bookcase",
        "booth": "TelH_78",
        "colour": "yellow",
        "covered": "yes",
        "man_made": "telephone_box",
        "opening_hours": "24/7",
        "public_bookcase:type": "phone_box"
      },
      "geometry": {
        "type": "Point",
        "coordinates": [
          12.7882307,
          50.8557477
        ]
      },
      "id": "node/8758941395"
    },
    {
      "type": "Feature",
      "properties": {
        "@id": "node/8769320840",
        "amenity": "public_bookcase",
        "location": "indoor",
        "public_bookcase:type": "shelf"
      },
      "geometry": {
        "type": "Point",
        "coordinates": [
          13.4006435,
          49.7296539
        ]
      },
      "id": "node/8769320840"
    },
    {
      "type": "Feature",
      "properties": {
        "@id": "node/8788417097",
        "amenity": "public_bookcase",
        "public_bookcase:type": "phone_box"
      },
      "geometry": {
        "type": "Point",
        "coordinates": [
          14.2371782,
          50.2100201
        ]
      },
      "id": "node/8788417097"
    },
    {
      "type": "Feature",
      "properties": {
        "@id": "node/8793042148",
        "amenity": "public_bookcase",
        "check_date": "2024-03-31",
        "public_bookcase:type": "phone_box"
      },
      "geometry": {
        "type": "Point",
        "coordinates": [
          12.1665612,
          48.5754099
        ]
      },
      "id": "node/8793042148"
    },
    {
      "type": "Feature",
      "properties": {
        "@id": "node/8793042149",
        "amenity": "public_bookcase",
        "check_date": "2025-08-03",
        "public_bookcase:type": "phone_box"
      },
      "geometry": {
        "type": "Point",
        "coordinates": [
          12.1699614,
          48.5708292
        ]
      },
      "id": "node/8793042149"
    },
    {
      "type": "Feature",
      "properties": {
        "@id": "node/8793042150",
        "amenity": "public_bookcase",
        "booth": "FeH_55",
        "colour": "yellow",
        "man_made": "telephone_box",
        "name": "Buchhäusl",
        "public_bookcase:type": "phone_box",
        "wikimedia_commons": "File:Buchhäusl Hohenthann.jpg"
      },
      "geometry": {
        "type": "Point",
        "coordinates": [
          12.0930578,
          48.6595497
        ]
      },
      "id": "node/8793042150"
    },
    {
      "type": "Feature",
      "properties": {
        "@id": "node/8804612347",
        "amenity": "public_bookcase",
        "name": "Neveklovická knihobudka",
        "opening_hours": "24/7"
      },
      "geometry": {
        "type": "Point",
        "coordinates": [
          14.948436,
          50.5715038
        ]
      },
      "id": "node/8804612347"
    },
    {
      "type": "Feature",
      "properties": {
        "@id": "node/8806512400",
        "amenity": "public_bookcase"
      },
      "geometry": {
        "type": "Point",
        "coordinates": [
          13.9541534,
          50.9666212
        ]
      },
      "id": "node/8806512400"
    },
    {
      "type": "Feature",
      "properties": {
        "@id": "node/8807154264",
        "amenity": "public_bookcase",
        "name": "Bücherbaum"
      },
      "geometry": {
        "type": "Point",
        "coordinates": [
          13.1414775,
          48.7293424
        ]
      },
      "id": "node/8807154264"
    },
    {
      "type": "Feature",
      "properties": {
        "@id": "node/8807474056",
        "amenity": "public_bookcase"
      },
      "geometry": {
        "type": "Point",
        "coordinates": [
          17.3894973,
          48.9489467
        ]
      },
      "id": "node/8807474056"
    },
    {
      "type": "Feature",
      "properties": {
        "@id": "node/8814237014",
        "amenity": "public_bookcase",
        "name": "Šlajsna"
      },
      "geometry": {
        "type": "Point",
        "coordinates": [
          13.410577,
          49.7048486
        ]
      },
      "id": "node/8814237014"
    },
    {
      "type": "Feature",
      "properties": {
        "@id": "node/8814237015",
        "amenity": "public_bookcase",
        "name": "Knihobudka Exodus"
      },
      "geometry": {
        "type": "Point",
        "coordinates": [
          13.3925211,
          49.8232017
        ]
      },
      "id": "node/8814237015"
    },
    {
      "type": "Feature",
      "properties": {
        "@id": "node/8846891738",
        "amenity": "public_bookcase",
        "public_bookcase:type": "wooden_cabinet"
      },
      "geometry": {
        "type": "Point",
        "coordinates": [
          14.2595271,
          50.1212538
        ]
      },
      "id": "node/8846891738"
    },
    {
      "type": "Feature",
      "properties": {
        "@id": "node/8847860363",
        "amenity": "public_bookcase",
        "check_date": "2024-03-16",
        "lit": "no",
        "opening_hours:covid19": "24/7",
        "public_bookcase:type": "phone_box"
      },
      "geometry": {
        "type": "Point",
        "coordinates": [
          14.4838308,
          50.0732507
        ]
      },
      "id": "node/8847860363"
    },
    {
      "type": "Feature",
      "properties": {
        "@id": "node/8895527737",
        "amenity": "public_bookcase",
        "indoor": "yes",
        "level": "1",
        "name": "Veřejná knihovna",
        "opening_hours": "07:00-21:00",
        "public_bookcase:type": "wooden_cabinet"
      },
      "geometry": {
        "type": "Point",
        "coordinates": [
          13.8249899,
          50.6404558
        ]
      },
      "id": "node/8895527737"
    },
    {
      "type": "Feature",
      "properties": {
        "@id": "node/8901784273",
        "amenity": "public_bookcase"
      },
      "geometry": {
        "type": "Point",
        "coordinates": [
          18.7578303,
          49.8696637
        ]
      },
      "id": "node/8901784273"
    },
    {
      "type": "Feature",
      "properties": {
        "@id": "node/8904866876",
        "amenity": "public_bookcase",
        "check_date": "2024-06-10"
      },
      "geometry": {
        "type": "Point",
        "coordinates": [
          15.1033993,
          49.7435285
        ]
      },
      "id": "node/8904866876"
    },
    {
      "type": "Feature",
      "properties": {
        "@id": "node/8916590614",
        "amenity": "public_bookcase"
      },
      "geometry": {
        "type": "Point",
        "coordinates": [
          14.2176611,
          49.1984464
        ]
      },
      "id": "node/8916590614"
    },
    {
      "type": "Feature",
      "properties": {
        "@id": "node/8923322933",
        "amenity": "public_bookcase",
        "name": "Na Kamínkách",
        "opening_hours": "24/7"
      },
      "geometry": {
        "type": "Point",
        "coordinates": [
          14.9642868,
          50.5249431
        ]
      },
      "id": "node/8923322933"
    },
    {
      "type": "Feature",
      "properties": {
        "@id": "node/8925883998",
        "amenity": "public_bookcase"
      },
      "geometry": {
        "type": "Point",
        "coordinates": [
          15.1522936,
          50.3851144
        ]
      },
      "id": "node/8925883998"
    },
    {
      "type": "Feature",
      "properties": {
        "@id": "node/8933170577",
        "amenity": "public_bookcase"
      },
      "geometry": {
        "type": "Point",
        "coordinates": [
          14.5228717,
          50.3088756
        ]
      },
      "id": "node/8933170577"
    },
    {
      "type": "Feature",
      "properties": {
        "@id": "node/8935643718",
        "amenity": "public_bookcase",
        "name": "Knižná búdka",
        "public_bookcase:type": "reading_box"
      },
      "geometry": {
        "type": "Point",
        "coordinates": [
          18.2126176,
          49.2253361
        ]
      },
      "id": "node/8935643718"
    },
    {
      "type": "Feature",
      "properties": {
        "@id": "node/8935643719",
        "amenity": "public_bookcase",
        "description": "Knižná búdka",
        "public_bookcase:type": "reading_box"
      },
      "geometry": {
        "type": "Point",
        "coordinates": [
          18.3075505,
          49.1090545
        ]
      },
      "id": "node/8935643719"
    },
    {
      "type": "Feature",
      "properties": {
        "@id": "node/8935643720",
        "amenity": "public_bookcase",
        "name": "Knižná búdka",
        "public_bookcase:type": "reading_box"
      },
      "geometry": {
        "type": "Point",
        "coordinates": [
          18.3243361,
          49.1222895
        ]
      },
      "id": "node/8935643720"
    },
    {
      "type": "Feature",
      "properties": {
        "@id": "node/8945163953",
        "access": "yes",
        "amenity": "public_bookcase",
        "check_date": "2024-06-08",
        "indoor": "yes",
        "public_bookcase:type": "metal_cabinet",
        "wheelchair": "yes"
      },
      "geometry": {
        "type": "Point",
        "coordinates": [
          16.0589464,
          48.8528562
        ]
      },
      "id": "node/8945163953"
    },
    {
      "type": "Feature",
      "properties": {
        "@id": "node/8963149345",
        "amenity": "public_bookcase",
        "check_date": "2025-07-24",
        "lit": "no",
        "name": "Knihobudka",
        "public_bookcase:type": "reading_box"
      },
      "geometry": {
        "type": "Point",
        "coordinates": [
          14.2768404,
          49.6042354
        ]
      },
      "id": "node/8963149345"
    },
    {
      "type": "Feature",
      "properties": {
        "@id": "node/8963149357",
        "amenity": "public_bookcase",
        "check_date": "2024-07-18"
      },
      "geometry": {
        "type": "Point",
        "coordinates": [
          14.2528108,
          49.6415577
        ]
      },
      "id": "node/8963149357"
    },
    {
      "type": "Feature",
      "properties": {
        "@id": "node/8981810237",
        "amenity": "public_bookcase",
        "check_date": "2023-09-17",
        "name": "Knihobudka"
      },
      "geometry": {
        "type": "Point",
        "coordinates": [
          15.9745176,
          49.7342113
        ]
      },
      "id": "node/8981810237"
    },
    {
      "type": "Feature",
      "properties": {
        "@id": "node/8981899840",
        "amenity": "public_bookcase"
      },
      "geometry": {
        "type": "Point",
        "coordinates": [
          14.7509627,
          49.598664
        ]
      },
      "id": "node/8981899840"
    },
    {
      "type": "Feature",
      "properties": {
        "@id": "node/8985197598",
        "amenity": "public_bookcase",
        "check_date": "2024-10-12"
      },
      "geometry": {
        "type": "Point",
        "coordinates": [
          14.4995056,
          50.0843944
        ]
      },
      "id": "node/8985197598"
    },
    {
      "type": "Feature",
      "properties": {
        "@id": "node/8985197599",
        "amenity": "public_bookcase",
        "check_date": "2026-04-21"
      },
      "geometry": {
        "type": "Point",
        "coordinates": [
          14.5039286,
          50.0831105
        ]
      },
      "id": "node/8985197599"
    },
    {
      "type": "Feature",
      "properties": {
        "@id": "node/8994750670",
        "amenity": "public_bookcase",
        "check_date": "2024-09-23"
      },
      "geometry": {
        "type": "Point",
        "coordinates": [
          14.5900721,
          50.7382713
        ]
      },
      "id": "node/8994750670"
    },
    {
      "type": "Feature",
      "properties": {
        "@id": "node/8994827340",
        "amenity": "public_bookcase"
      },
      "geometry": {
        "type": "Point",
        "coordinates": [
          14.5896521,
          50.7454121
        ]
      },
      "id": "node/8994827340"
    },
    {
      "type": "Feature",
      "properties": {
        "@id": "node/8995568849",
        "amenity": "public_bookcase"
      },
      "geometry": {
        "type": "Point",
        "coordinates": [
          15.0529579,
          49.7267772
        ]
      },
      "id": "node/8995568849"
    },
    {
      "type": "Feature",
      "properties": {
        "@id": "node/9002098799",
        "amenity": "public_bookcase",
        "fixme": "position and access (indoor or outdoor)",
        "indoor": "no",
        "operator": "Městská knihovna v Praze"
      },
      "geometry": {
        "type": "Point",
        "coordinates": [
          14.4241037,
          50.0795396
        ]
      },
      "id": "node/9002098799"
    },
    {
      "type": "Feature",
      "properties": {
        "@id": "node/9010975926",
        "amenity": "public_bookcase",
        "capacity": "70",
        "check_date": "2024-01-14",
        "inscription": "Pujč si ... vrať a nebo vyměň",
        "lit": "no",
        "name": "Knihobudka",
        "opening_hours": "24/7",
        "panoramax": "578ef6ec-6bd4-4ec7-8c6d-99b1f25f7428",
        "public_bookcase:type": "reading_box"
      },
      "geometry": {
        "type": "Point",
        "coordinates": [
          16.9414981,
          49.9173607
        ]
      },
      "id": "node/9010975926"
    },
    {
      "type": "Feature",
      "properties": {
        "@id": "node/9015395361",
        "amenity": "public_bookcase",
        "booth": "TelH_78",
        "check_date": "2023-08-16",
        "colour": "yellow",
        "man_made": "telephone_box",
        "opening_hours": "24/7",
        "operator": "Radau e.V.",
        "operator:type": "private_non_profit",
        "public_bookcase:type": "phone_box",
        "wikimedia_commons": "File:Bücherzelle Rößlertsr..jpg"
      },
      "geometry": {
        "type": "Point",
        "coordinates": [
          12.9112401,
          50.8171555
        ]
      },
      "id": "node/9015395361"
    },
    {
      "type": "Feature",
      "properties": {
        "@id": "node/9022109995",
        "amenity": "public_bookcase",
        "check_date": "2026-03-16",
        "indoor": "no"
      },
      "geometry": {
        "type": "Point",
        "coordinates": [
          16.9341701,
          49.748743
        ]
      },
      "id": "node/9022109995"
    },
    {
      "type": "Feature",
      "properties": {
        "@id": "node/9038066602",
        "amenity": "public_bookcase"
      },
      "geometry": {
        "type": "Point",
        "coordinates": [
          18.2360585,
          49.730212
        ]
      },
      "id": "node/9038066602"
    },
    {
      "type": "Feature",
      "properties": {
        "@id": "node/9049111114",
        "amenity": "public_bookcase",
        "check_date": "2024-10-21",
        "lit": "no",
        "name": "Büchertausch",
        "note": "siehe Zimmis Softeis",
        "opening_hours": "We-Su,PH 14:00-18:00",
        "public_bookcase:type": "wooden_cabinet"
      },
      "geometry": {
        "type": "Point",
        "coordinates": [
          13.9942875,
          51.0985345
        ]
      },
      "id": "node/9049111114"
    },
    {
      "type": "Feature",
      "properties": {
        "@id": "node/9069670120",
        "amenity": "public_bookcase",
        "name": "Knihobudka",
        "public_bookcase:type": "wooden_cabinet"
      },
      "geometry": {
        "type": "Point",
        "coordinates": [
          14.7067167,
          50.6176628
        ]
      },
      "id": "node/9069670120"
    },
    {
      "type": "Feature",
      "properties": {
        "@id": "node/9077780182",
        "amenity": "public_bookcase"
      },
      "geometry": {
        "type": "Point",
        "coordinates": [
          17.7350118,
          49.5504183
        ]
      },
      "id": "node/9077780182"
    },
    {
      "type": "Feature",
      "properties": {
        "@id": "node/9089028517",
        "amenity": "public_bookcase"
      },
      "geometry": {
        "type": "Point",
        "coordinates": [
          12.6653718,
          48.9566615
        ]
      },
      "id": "node/9089028517"
    },
    {
      "type": "Feature",
      "properties": {
        "@id": "node/9105550047",
        "amenity": "public_bookcase",
        "indoor": "yes",
        "lit": "yes",
        "name": "Kniha do vlaku",
        "operator": "Městská knihovna Františkovy Lázně.",
        "public_bookcase:type": "reading_box",
        "website": "https://knihovnafl.org/kniha-do-vlaku/d-1036/p1=1011"
      },
      "geometry": {
        "type": "Point",
        "coordinates": [
          12.3551757,
          50.124215
        ]
      },
      "id": "node/9105550047"
    },
    {
      "type": "Feature",
      "properties": {
        "@id": "node/9108259973",
        "access": "yes",
        "amenity": "public_bookcase",
        "check_date": "2025-10-09",
        "opening_hours": "24/7",
        "public_bookcase:type": "phone_box"
      },
      "geometry": {
        "type": "Point",
        "coordinates": [
          12.3755703,
          50.826456
        ]
      },
      "id": "node/9108259973"
    },
    {
      "type": "Feature",
      "properties": {
        "@id": "node/9117244707",
        "amenity": "public_bookcase",
        "opening_hours": "24/7",
        "operator": "Gogelmoschhaus",
        "public_bookcase:type": "reading_box"
      },
      "geometry": {
        "type": "Point",
        "coordinates": [
          14.0877636,
          51.0487855
        ]
      },
      "id": "node/9117244707"
    },
    {
      "type": "Feature",
      "properties": {
        "@id": "node/9130263717",
        "amenity": "public_bookcase"
      },
      "geometry": {
        "type": "Point",
        "coordinates": [
          18.8615491,
          49.1757018
        ]
      },
      "id": "node/9130263717"
    },
    {
      "type": "Feature",
      "properties": {
        "@id": "node/9139454205",
        "amenity": "public_bookcase",
        "lit": "no",
        "public_bookcase:type": "glass_cabinet"
      },
      "geometry": {
        "type": "Point",
        "coordinates": [
          17.7442541,
          50.0472675
        ]
      },
      "id": "node/9139454205"
    },
    {
      "type": "Feature",
      "properties": {
        "@id": "node/9148471270",
        "amenity": "public_bookcase"
      },
      "geometry": {
        "type": "Point",
        "coordinates": [
          13.9901234,
          50.4779922
        ]
      },
      "id": "node/9148471270"
    },
    {
      "type": "Feature",
      "properties": {
        "@id": "node/9155243904",
        "amenity": "public_bookcase",
        "name": "Bibel Box"
      },
      "geometry": {
        "type": "Point",
        "coordinates": [
          12.5289926,
          50.5658477
        ]
      },
      "id": "node/9155243904"
    },
    {
      "type": "Feature",
      "properties": {
        "@id": "node/9162293997",
        "amenity": "public_bookcase",
        "public_bookcase:type": "shelter"
      },
      "geometry": {
        "type": "Point",
        "coordinates": [
          14.1192351,
          49.2642593
        ]
      },
      "id": "node/9162293997"
    },
    {
      "type": "Feature",
      "properties": {
        "@id": "node/9163054062",
        "access": "permissive",
        "amenity": "public_bookcase",
        "colour": "red",
        "lit": "no",
        "opening_hours": "24/7",
        "public_bookcase:type": "phone_box",
        "wheelchair": "limited"
      },
      "geometry": {
        "type": "Point",
        "coordinates": [
          14.3042784,
          50.0465809
        ]
      },
      "id": "node/9163054062"
    },
    {
      "type": "Feature",
      "properties": {
        "@id": "node/9164803986",
        "amenity": "public_bookcase",
        "check_date": "2025-11-16",
        "name": "Buchtausch"
      },
      "geometry": {
        "type": "Point",
        "coordinates": [
          13.7442615,
          51.0333879
        ]
      },
      "id": "node/9164803986"
    },
    {
      "type": "Feature",
      "properties": {
        "@id": "node/9168814356",
        "amenity": "public_bookcase"
      },
      "geometry": {
        "type": "Point",
        "coordinates": [
          14.3514534,
          50.6281806
        ]
      },
      "id": "node/9168814356"
    },
    {
      "type": "Feature",
      "properties": {
        "@id": "node/9191327280",
        "access": "yes",
        "amenity": "public_bookcase",
        "check_date": "2024-01-23",
        "opening_hours": "24/7",
        "public_bookcase:type": "wooden_cabinet"
      },
      "geometry": {
        "type": "Point",
        "coordinates": [
          16.7966426,
          49.2094482
        ]
      },
      "id": "node/9191327280"
    },
    {
      "type": "Feature",
      "properties": {
        "@id": "node/9191327281",
        "access": "yes",
        "amenity": "public_bookcase",
        "check_date": "2026-03-20",
        "opening_hours": "24/7",
        "public_bookcase:type": "wooden_cabinet"
      },
      "geometry": {
        "type": "Point",
        "coordinates": [
          16.7905111,
          49.2099542
        ]
      },
      "id": "node/9191327281"
    },
    {
      "type": "Feature",
      "properties": {
        "@id": "node/9198100286",
        "amenity": "public_bookcase"
      },
      "geometry": {
        "type": "Point",
        "coordinates": [
          15.1802135,
          50.0281694
        ]
      },
      "id": "node/9198100286"
    },
    {
      "type": "Feature",
      "properties": {
        "@id": "node/9199203349",
        "amenity": "public_bookcase"
      },
      "geometry": {
        "type": "Point",
        "coordinates": [
          13.5524677,
          49.1124354
        ]
      },
      "id": "node/9199203349"
    },
    {
      "type": "Feature",
      "properties": {
        "@id": "node/9209215491",
        "amenity": "public_bookcase"
      },
      "geometry": {
        "type": "Point",
        "coordinates": [
          18.2203591,
          49.6244046
        ]
      },
      "id": "node/9209215491"
    },
    {
      "type": "Feature",
      "properties": {
        "@id": "node/9209845825",
        "amenity": "public_bookcase"
      },
      "geometry": {
        "type": "Point",
        "coordinates": [
          14.0448992,
          50.4064532
        ]
      },
      "id": "node/9209845825"
    },
    {
      "type": "Feature",
      "properties": {
        "@id": "node/9214739530",
        "amenity": "public_bookcase",
        "check_date": "2025-11-19",
        "public_bookcase:type": "wooden_cabinet"
      },
      "geometry": {
        "type": "Point",
        "coordinates": [
          13.9136035,
          51.0030711
        ]
      },
      "id": "node/9214739530"
    },
    {
      "type": "Feature",
      "properties": {
        "@id": "node/9218409929",
        "amenity": "public_bookcase",
        "public_bookcase:type": "wooden_cabinet"
      },
      "geometry": {
        "type": "Point",
        "coordinates": [
          13.5880119,
          50.7345275
        ]
      },
      "id": "node/9218409929"
    },
    {
      "type": "Feature",
      "properties": {
        "@id": "node/9225470211",
        "amenity": "public_bookcase",
        "name": "Knihobúdka",
        "public_bookcase:type": "reading_box",
        "source": "survey"
      },
      "geometry": {
        "type": "Point",
        "coordinates": [
          18.1715655,
          48.9092475
        ]
      },
      "id": "node/9225470211"
    },
    {
      "type": "Feature",
      "properties": {
        "@id": "node/9225493133",
        "access": "yes",
        "amenity": "public_bookcase",
        "name": "Knihobúdka",
        "opening_hours": "24/7",
        "public_bookcase:type": "reading_box",
        "source": "GPS",
        "source:name": "survey"
      },
      "geometry": {
        "type": "Point",
        "coordinates": [
          18.1682994,
          48.9094847
        ]
      },
      "id": "node/9225493133"
    },
    {
      "type": "Feature",
      "properties": {
        "@id": "node/9240624125",
        "amenity": "public_bookcase",
        "public_bookcase:type": "wooden_cabinet"
      },
      "geometry": {
        "type": "Point",
        "coordinates": [
          14.5080954,
          50.2171554
        ]
      },
      "id": "node/9240624125"
    },
    {
      "type": "Feature",
      "properties": {
        "@id": "node/9240641191",
        "amenity": "public_bookcase",
        "check_date": "2024-07-11",
        "public_bookcase:type": "wooden_cabinet"
      },
      "geometry": {
        "type": "Point",
        "coordinates": [
          16.6153,
          49.1274042
        ]
      },
      "id": "node/9240641191"
    },
    {
      "type": "Feature",
      "properties": {
        "@id": "node/9247207122",
        "amenity": "public_bookcase",
        "check_date": "2026-06-08",
        "name": "Knihobúdka",
        "public_bookcase:type": "reading_box",
        "source": "survey"
      },
      "geometry": {
        "type": "Point",
        "coordinates": [
          18.1741907,
          48.9084802
        ]
      },
      "id": "node/9247207122"
    },
    {
      "type": "Feature",
      "properties": {
        "@id": "node/9265069308",
        "amenity": "public_bookcase",
        "opening_hours": "24/7",
        "public_bookcase:type": "wooden_cabinet",
        "wheelchair": "yes"
      },
      "geometry": {
        "type": "Point",
        "coordinates": [
          16.3730776,
          49.0979568
        ]
      },
      "id": "node/9265069308"
    },
    {
      "type": "Feature",
      "properties": {
        "@id": "node/9265851378",
        "amenity": "public_bookcase",
        "public_bookcase:type": "phone_box"
      },
      "geometry": {
        "type": "Point",
        "coordinates": [
          13.6741193,
          49.26248
        ]
      },
      "id": "node/9265851378"
    },
    {
      "type": "Feature",
      "properties": {
        "@id": "node/9285192017",
        "amenity": "public_bookcase",
        "covered": "yes",
        "public_bookcase:type": "shelf"
      },
      "geometry": {
        "type": "Point",
        "coordinates": [
          14.4253636,
          50.1726215
        ]
      },
      "id": "node/9285192017"
    },
    {
      "type": "Feature",
      "properties": {
        "@id": "node/9285535873",
        "amenity": "public_bookcase",
        "check_date": "2025-10-03",
        "public_bookcase:type": "wooden_cabinet"
      },
      "geometry": {
        "type": "Point",
        "coordinates": [
          14.2544227,
          50.4227318
        ]
      },
      "id": "node/9285535873"
    },
    {
      "type": "Feature",
      "properties": {
        "@id": "node/9285896046",
        "amenity": "public_bookcase",
        "public_bookcase:type": "wooden_cabinet"
      },
      "geometry": {
        "type": "Point",
        "coordinates": [
          14.2604327,
          50.4243882
        ]
      },
      "id": "node/9285896046"
    },
    {
      "type": "Feature",
      "properties": {
        "@id": "node/9288254450",
        "amenity": "public_bookcase"
      },
      "geometry": {
        "type": "Point",
        "coordinates": [
          14.5620695,
          50.1054179
        ]
      },
      "id": "node/9288254450"
    },
    {
      "type": "Feature",
      "properties": {
        "@id": "node/9288943288",
        "amenity": "public_bookcase",
        "booth": "TelH_90_Sh",
        "check_date": "2024-07-24",
        "colour": "red",
        "man_made": "telephone_box",
        "public_bookcase:type": "phone_box"
      },
      "geometry": {
        "type": "Point",
        "coordinates": [
          12.4901709,
          50.7191775
        ]
      },
      "id": "node/9288943288"
    },
    {
      "type": "Feature",
      "properties": {
        "@id": "node/9291311605",
        "access": "yes",
        "amenity": "public_bookcase",
        "opening_hours": "24/7",
        "public_bookcase:type": "wooden_cabinet"
      },
      "geometry": {
        "type": "Point",
        "coordinates": [
          16.454442,
          49.4155609
        ]
      },
      "id": "node/9291311605"
    },
    {
      "type": "Feature",
      "properties": {
        "@id": "node/9292591172",
        "amenity": "public_bookcase",
        "public_bookcase:type": "wooden_cabinet"
      },
      "geometry": {
        "type": "Point",
        "coordinates": [
          14.4934983,
          49.8946088
        ]
      },
      "id": "node/9292591172"
    },
    {
      "type": "Feature",
      "properties": {
        "@id": "node/9299103413",
        "amenity": "public_bookcase"
      },
      "geometry": {
        "type": "Point",
        "coordinates": [
          18.0143734,
          49.753801
        ]
      },
      "id": "node/9299103413"
    },
    {
      "type": "Feature",
      "properties": {
        "@id": "node/9300465062",
        "amenity": "public_bookcase"
      },
      "geometry": {
        "type": "Point",
        "coordinates": [
          14.0643936,
          50.2115464
        ]
      },
      "id": "node/9300465062"
    },
    {
      "type": "Feature",
      "properties": {
        "@id": "node/9310989899",
        "amenity": "public_bookcase",
        "covered": "yes",
        "opening_hours": "24/7",
        "public_bookcase:type": "shelter"
      },
      "geometry": {
        "type": "Point",
        "coordinates": [
          14.0126888,
          48.9462333
        ]
      },
      "id": "node/9310989899"
    },
    {
      "type": "Feature",
      "properties": {
        "@id": "node/9312827742",
        "access": "yes",
        "amenity": "public_bookcase",
        "opening_hours": "24/7",
        "public_bookcase:type": "wooden_cabinet"
      },
      "geometry": {
        "type": "Point",
        "coordinates": [
          16.1148982,
          49.4795491
        ]
      },
      "id": "node/9312827742"
    },
    {
      "type": "Feature",
      "properties": {
        "@id": "node/9321144491",
        "amenity": "public_bookcase",
        "covered": "yes",
        "name": "Knihobudka",
        "public_bookcase:type": "phone_box"
      },
      "geometry": {
        "type": "Point",
        "coordinates": [
          13.4164578,
          49.6963177
        ]
      },
      "id": "node/9321144491"
    },
    {
      "type": "Feature",
      "properties": {
        "@id": "node/9322163764",
        "access": "yes",
        "amenity": "public_bookcase",
        "check_date": "2026-02-03",
        "opening_hours": "24/7",
        "public_bookcase:type": "phone_box",
        "wheelchair": "yes"
      },
      "geometry": {
        "type": "Point",
        "coordinates": [
          16.8805419,
          49.2029847
        ]
      },
      "id": "node/9322163764"
    },
    {
      "type": "Feature",
      "properties": {
        "@id": "node/9333625516",
        "amenity": "public_bookcase",
        "public_bookcase:type": "wooden_cabinet"
      },
      "geometry": {
        "type": "Point",
        "coordinates": [
          14.0710012,
          50.227467
        ]
      },
      "id": "node/9333625516"
    },
    {
      "type": "Feature",
      "properties": {
        "@id": "node/9333724430",
        "amenity": "public_bookcase"
      },
      "geometry": {
        "type": "Point",
        "coordinates": [
          14.0761624,
          50.2285229
        ]
      },
      "id": "node/9333724430"
    },
    {
      "type": "Feature",
      "properties": {
        "@id": "node/9333978052",
        "amenity": "public_bookcase"
      },
      "geometry": {
        "type": "Point",
        "coordinates": [
          18.0458833,
          49.4739454
        ]
      },
      "id": "node/9333978052"
    },
    {
      "type": "Feature",
      "properties": {
        "@id": "node/9335823509",
        "access": "yes",
        "amenity": "public_bookcase",
        "opening_hours": "24/7",
        "public_bookcase:type": "shelter",
        "wheelchair": "no"
      },
      "geometry": {
        "type": "Point",
        "coordinates": [
          16.6548691,
          49.4280032
        ]
      },
      "id": "node/9335823509"
    },
    {
      "type": "Feature",
      "properties": {
        "@id": "node/9337361922",
        "amenity": "public_bookcase"
      },
      "geometry": {
        "type": "Point",
        "coordinates": [
          14.3951375,
          50.6363239
        ]
      },
      "id": "node/9337361922"
    },
    {
      "type": "Feature",
      "properties": {
        "@id": "node/9337488152",
        "amenity": "public_bookcase"
      },
      "geometry": {
        "type": "Point",
        "coordinates": [
          14.4064652,
          50.6514036
        ]
      },
      "id": "node/9337488152"
    },
    {
      "type": "Feature",
      "properties": {
        "@id": "node/9337704196",
        "amenity": "public_bookcase"
      },
      "geometry": {
        "type": "Point",
        "coordinates": [
          14.5279183,
          50.2482208
        ]
      },
      "id": "node/9337704196"
    },
    {
      "type": "Feature",
      "properties": {
        "@id": "node/9348893344",
        "amenity": "public_bookcase",
        "public_bookcase:type": "phone_box"
      },
      "geometry": {
        "type": "Point",
        "coordinates": [
          14.4109088,
          50.2336094
        ]
      },
      "id": "node/9348893344"
    },
    {
      "type": "Feature",
      "properties": {
        "@id": "node/9354076566",
        "access": "yes",
        "amenity": "public_bookcase",
        "check_date": "2024-02-12",
        "opening_hours": "24/7",
        "public_bookcase:type": "phone_box"
      },
      "geometry": {
        "type": "Point",
        "coordinates": [
          16.914067,
          49.2469351
        ]
      },
      "id": "node/9354076566"
    },
    {
      "type": "Feature",
      "properties": {
        "@id": "node/9355184098",
        "amenity": "public_bookcase"
      },
      "geometry": {
        "type": "Point",
        "coordinates": [
          18.3385507,
          49.614101
        ]
      },
      "id": "node/9355184098"
    },
    {
      "type": "Feature",
      "properties": {
        "@id": "node/9356162747",
        "amenity": "public_bookcase",
        "covered": "yes"
      },
      "geometry": {
        "type": "Point",
        "coordinates": [
          14.4309755,
          50.1685093
        ]
      },
      "id": "node/9356162747"
    },
    {
      "type": "Feature",
      "properties": {
        "@id": "node/9360359921",
        "amenity": "public_bookcase"
      },
      "geometry": {
        "type": "Point",
        "coordinates": [
          17.1214283,
          49.4699636
        ]
      },
      "id": "node/9360359921"
    },
    {
      "type": "Feature",
      "properties": {
        "@id": "node/9373206844",
        "amenity": "public_bookcase"
      },
      "geometry": {
        "type": "Point",
        "coordinates": [
          13.3138189,
          49.7599956
        ]
      },
      "id": "node/9373206844"
    },
    {
      "type": "Feature",
      "properties": {
        "@id": "node/9382680742",
        "amenity": "public_bookcase"
      },
      "geometry": {
        "type": "Point",
        "coordinates": [
          15.773687,
          50.0634703
        ]
      },
      "id": "node/9382680742"
    },
    {
      "type": "Feature",
      "properties": {
        "@id": "node/9382680749",
        "amenity": "public_bookcase",
        "check_date": "2024-08-30"
      },
      "geometry": {
        "type": "Point",
        "coordinates": [
          15.7559688,
          50.0522335
        ]
      },
      "id": "node/9382680749"
    },
    {
      "type": "Feature",
      "properties": {
        "@id": "node/9385566470",
        "amenity": "public_bookcase"
      },
      "geometry": {
        "type": "Point",
        "coordinates": [
          12.531656,
          48.8350693
        ]
      },
      "id": "node/9385566470"
    },
    {
      "type": "Feature",
      "properties": {
        "@id": "node/9389002496",
        "access": "yes",
        "amenity": "public_bookcase",
        "opening_hours": "24/7",
        "public_bookcase:type": "shelf"
      },
      "geometry": {
        "type": "Point",
        "coordinates": [
          16.309992,
          49.2683427
        ]
      },
      "id": "node/9389002496"
    },
    {
      "type": "Feature",
      "properties": {
        "@id": "node/9396822020",
        "amenity": "public_bookcase"
      },
      "geometry": {
        "type": "Point",
        "coordinates": [
          13.8577475,
          50.60735
        ]
      },
      "id": "node/9396822020"
    },
    {
      "type": "Feature",
      "properties": {
        "@id": "node/9405206368",
        "access": "yes",
        "amenity": "public_bookcase",
        "name": "Sousedská knihovna",
        "opening_hours": "24/7",
        "public_bookcase:type": "wooden_cabinet"
      },
      "geometry": {
        "type": "Point",
        "coordinates": [
          16.5033773,
          49.2931074
        ]
      },
      "id": "node/9405206368"
    },
    {
      "type": "Feature",
      "properties": {
        "@id": "node/9405826750",
        "amenity": "public_bookcase",
        "booth": "TelH_90",
        "man_made": "telephone_box",
        "name": "Bücherzelle Obermylau",
        "opening_hours": "24/7",
        "public_bookcase:type": "phone_box"
      },
      "geometry": {
        "type": "Point",
        "coordinates": [
          12.2685865,
          50.6249673
        ]
      },
      "id": "node/9405826750"
    },
    {
      "type": "Feature",
      "properties": {
        "@id": "node/9413055054",
        "amenity": "public_bookcase",
        "name": "Lese-Box",
        "public_bookcase:type": "phone_box"
      },
      "geometry": {
        "type": "Point",
        "coordinates": [
          13.0683378,
          50.7466439
        ]
      },
      "id": "node/9413055054"
    },
    {
      "type": "Feature",
      "properties": {
        "@id": "node/9413308766",
        "amenity": "public_bookcase"
      },
      "geometry": {
        "type": "Point",
        "coordinates": [
          18.4904678,
          49.6098096
        ]
      },
      "id": "node/9413308766"
    },
    {
      "type": "Feature",
      "properties": {
        "@id": "node/9417634946",
        "addr:city": "Opole",
        "addr:street": "Alojzego Dambonia",
        "amenity": "public_bookcase",
        "description": "Publiczna gablota do wymiany książek. Weź jedną zostaw jedną.",
        "image": "https://www.smieciopolis.opole.pl/wp-content/uploads/2022/01/IMG_20220112_121002-scaled.jpg",
        "name": "Punkt Wymiany Książek",
        "name:en": "Municipal Books Exchanging Point",
        "opening_hours": "24/7",
        "operator": "Urząd Miasta Opola",
        "start_date": "2021-12-08"
      },
      "geometry": {
        "type": "Point",
        "coordinates": [
          17.8862747,
          50.6647569
        ]
      },
      "id": "node/9417634946"
    },
    {
      "type": "Feature",
      "properties": {
        "@id": "node/9417911159",
        "addr:city": "Opole",
        "amenity": "public_bookcase",
        "description": "Gablota na książki gdzie można przynosić i korzystać ze zgromadzonych w niej książek",
        "image": "https://www.smieciopolis.opole.pl/wp-content/uploads/2022/01/IMG_20220112_113619-scaled.jpg",
        "location": "outdoor",
        "name": "Punkt Wymiany Książek",
        "opening_hours": "24/7",
        "operator": "Urząd Miasta Opola",
        "power": "no",
        "public_bookcase:type": "reading_box",
        "source": "local knowledge;survey"
      },
      "geometry": {
        "type": "Point",
        "coordinates": [
          17.9521458,
          50.6772777
        ]
      },
      "id": "node/9417911159"
    },
    {
      "type": "Feature",
      "properties": {
        "@id": "node/9417929029",
        "addr:city": "Opole",
        "amenity": "public_bookcase",
        "description": "Gablota na książki .",
        "image": "https://www.smieciopolis.opole.pl/wp-content/uploads/2022/01/IMG_20220112_114611-scaled.jpg",
        "location": "outdoor",
        "name": "Punkt Wymiany Książek",
        "opening_hours": "24/7",
        "operator": "Urząd Miasta Opola"
      },
      "geometry": {
        "type": "Point",
        "coordinates": [
          17.9669586,
          50.672821
        ]
      },
      "id": "node/9417929029"
    },
    {
      "type": "Feature",
      "properties": {
        "@id": "node/9420523502",
        "amenity": "public_bookcase",
        "check_date": "2024-03-23"
      },
      "geometry": {
        "type": "Point",
        "coordinates": [
          16.6933238,
          49.0839357
        ]
      },
      "id": "node/9420523502"
    },
    {
      "type": "Feature",
      "properties": {
        "@id": "node/9428523267",
        "amenity": "public_bookcase"
      },
      "geometry": {
        "type": "Point",
        "coordinates": [
          18.3048903,
          49.7090072
        ]
      },
      "id": "node/9428523267"
    },
    {
      "type": "Feature",
      "properties": {
        "@id": "node/9442685317",
        "access": "yes",
        "amenity": "public_bookcase",
        "description": "Im Eingangsbereich unter dem Vordach. von der Eingangstreppe geradeaus an der Wand.",
        "lit": "yes",
        "location": "indoor",
        "opening_hours": "24/7",
        "public_bookcase:type": "shelf",
        "wheelchair": "no",
        "wheelchair:description": "Zugang nur über eine Treppe möglich."
      },
      "geometry": {
        "type": "Point",
        "coordinates": [
          12.7091903,
          50.8716683
        ]
      },
      "id": "node/9442685317"
    },
    {
      "type": "Feature",
      "properties": {
        "@id": "node/9446725754",
        "amenity": "public_bookcase"
      },
      "geometry": {
        "type": "Point",
        "coordinates": [
          14.9158119,
          50.37785
        ]
      },
      "id": "node/9446725754"
    },
    {
      "type": "Feature",
      "properties": {
        "@id": "node/9490248880",
        "access": "yes",
        "amenity": "public_bookcase",
        "check_date": "2026-06-23",
        "opening_hours": "24/7",
        "public_bookcase:type": "wooden_cabinet",
        "wheelchair": "limited"
      },
      "geometry": {
        "type": "Point",
        "coordinates": [
          14.6593586,
          50.0774343
        ]
      },
      "id": "node/9490248880"
    },
    {
      "type": "Feature",
      "properties": {
        "@id": "node/9490248883",
        "access": "permissive",
        "amenity": "public_bookcase",
        "opening_hours": "Mo-Fr 07:00-15:00",
        "public_bookcase:type": "wooden_cabinet",
        "wheelchair": "limited"
      },
      "geometry": {
        "type": "Point",
        "coordinates": [
          14.6675708,
          50.0733538
        ]
      },
      "id": "node/9490248883"
    },
    {
      "type": "Feature",
      "properties": {
        "@id": "node/9490248884",
        "access": "yes",
        "amenity": "public_bookcase",
        "check_date": "2026-05-24",
        "opening_hours": "24/7",
        "public_bookcase:type": "wooden_cabinet",
        "wheelchair": "limited"
      },
      "geometry": {
        "type": "Point",
        "coordinates": [
          14.6790181,
          50.0709686
        ]
      },
      "id": "node/9490248884"
    },
    {
      "type": "Feature",
      "properties": {
        "@id": "node/9495490705",
        "amenity": "public_bookcase",
        "public_bookcase:type": "wooden_cabinet",
        "source": "survey;gps;own streetlevel imagery"
      },
      "geometry": {
        "type": "Point",
        "coordinates": [
          14.4216727,
          50.2255682
        ]
      },
      "id": "node/9495490705"
    },
    {
      "type": "Feature",
      "properties": {
        "@id": "node/9495578646",
        "amenity": "public_bookcase",
        "public_bookcase:type": "wooden_cabinet",
        "source": "survey;gps;own streetlevel imagery"
      },
      "geometry": {
        "type": "Point",
        "coordinates": [
          14.3802938,
          50.255939
        ]
      },
      "id": "node/9495578646"
    },
    {
      "type": "Feature",
      "properties": {
        "@id": "node/9503281692",
        "amenity": "public_bookcase",
        "lit": "no",
        "public_bookcase:type": "reading_box"
      },
      "geometry": {
        "type": "Point",
        "coordinates": [
          12.9707434,
          50.745451
        ]
      },
      "id": "node/9503281692"
    },
    {
      "type": "Feature",
      "properties": {
        "@id": "node/9526773977",
        "amenity": "public_bookcase"
      },
      "geometry": {
        "type": "Point",
        "coordinates": [
          14.3741215,
          50.1723424
        ]
      },
      "id": "node/9526773977"
    },
    {
      "type": "Feature",
      "properties": {
        "@id": "node/9528241751",
        "amenity": "public_bookcase",
        "public_bookcase:type": "wooden_cabinet"
      },
      "geometry": {
        "type": "Point",
        "coordinates": [
          17.538786,
          48.6659835
        ]
      },
      "id": "node/9528241751"
    },
    {
      "type": "Feature",
      "properties": {
        "@id": "node/9530884958",
        "amenity": "public_bookcase",
        "check_date": "2025-04-04",
        "public_bookcase:type": "wooden_cabinet",
        "source": "survey;gps;CZ:IPRPraha:ortofoto;own streetlevel imagery"
      },
      "geometry": {
        "type": "Point",
        "coordinates": [
          14.6154704,
          50.0838706
        ]
      },
      "id": "node/9530884958"
    },
    {
      "type": "Feature",
      "properties": {
        "@id": "node/9530884968",
        "amenity": "public_bookcase",
        "check_date": "2025-01-05",
        "public_bookcase:type": "wooden_cabinet",
        "source": "survey;gps;CZ:IPRPraha:ortofoto;own streetlevel imagery"
      },
      "geometry": {
        "type": "Point",
        "coordinates": [
          14.6177069,
          50.0811473
        ]
      },
      "id": "node/9530884968"
    },
    {
      "type": "Feature",
      "properties": {
        "@id": "node/9530884969",
        "amenity": "public_bookcase",
        "check_date": "2026-04-16",
        "public_bookcase:type": "wooden_cabinet",
        "source": "survey;gps;CZ:IPRPraha:ortofoto;own streetlevel imagery"
      },
      "geometry": {
        "type": "Point",
        "coordinates": [
          14.6163497,
          50.0833026
        ]
      },
      "id": "node/9530884969"
    },
    {
      "type": "Feature",
      "properties": {
        "@id": "node/9550608558",
        "amenity": "public_bookcase",
        "check_date": "2025-01-17",
        "fixme": "resurvey, upresnit polohu"
      },
      "geometry": {
        "type": "Point",
        "coordinates": [
          14.4754925,
          50.0749938
        ]
      },
      "id": "node/9550608558"
    },
    {
      "type": "Feature",
      "properties": {
        "@id": "node/9551996177",
        "amenity": "public_bookcase"
      },
      "geometry": {
        "type": "Point",
        "coordinates": [
          14.4166906,
          50.0054305
        ]
      },
      "id": "node/9551996177"
    },
    {
      "type": "Feature",
      "properties": {
        "@id": "node/9580203487",
        "amenity": "public_bookcase",
        "check_date": "2025-07-31"
      },
      "geometry": {
        "type": "Point",
        "coordinates": [
          13.2781385,
          49.756945
        ]
      },
      "id": "node/9580203487"
    },
    {
      "type": "Feature",
      "properties": {
        "@id": "node/9590549413",
        "amenity": "public_bookcase",
        "check_date": "2024-11-15",
        "opening_hours": "24/7",
        "public_bookcase:type": "wooden_cabinet"
      },
      "geometry": {
        "type": "Point",
        "coordinates": [
          16.5111746,
          49.2551518
        ]
      },
      "id": "node/9590549413"
    },
    {
      "type": "Feature",
      "properties": {
        "@id": "node/9590647318",
        "amenity": "public_bookcase",
        "opening_hours": "24/7",
        "public_bookcase:type": "phone_box"
      },
      "geometry": {
        "type": "Point",
        "coordinates": [
          16.5321703,
          49.2984037
        ]
      },
      "id": "node/9590647318"
    },
    {
      "type": "Feature",
      "properties": {
        "@id": "node/9594476479",
        "amenity": "public_bookcase",
        "opening_hours": "Mo-Fr 08:00-17:00",
        "public_bookcase:type": "phone_box"
      },
      "geometry": {
        "type": "Point",
        "coordinates": [
          14.3994424,
          50.1048857
        ]
      },
      "id": "node/9594476479"
    },
    {
      "type": "Feature",
      "properties": {
        "@id": "node/9595761521",
        "amenity": "public_bookcase",
        "name": "Sousedská knihovna",
        "opening_hours": "24/7",
        "public_bookcase:type": "phone_box",
        "wheelchair": "yes"
      },
      "geometry": {
        "type": "Point",
        "coordinates": [
          16.4233804,
          49.3487805
        ]
      },
      "id": "node/9595761521"
    },
    {
      "type": "Feature",
      "properties": {
        "@id": "node/9620700354",
        "amenity": "public_bookcase"
      },
      "geometry": {
        "type": "Point",
        "coordinates": [
          14.3387106,
          49.5548997
        ]
      },
      "id": "node/9620700354"
    },
    {
      "type": "Feature",
      "properties": {
        "@id": "node/9629841015",
        "amenity": "public_bookcase",
        "source": "survey"
      },
      "geometry": {
        "type": "Point",
        "coordinates": [
          13.3287436,
          49.7107171
        ]
      },
      "id": "node/9629841015"
    },
    {
      "type": "Feature",
      "properties": {
        "@id": "node/9633168663",
        "addr:city": "Opole",
        "addr:housenumber": "1",
        "addr:postcode": "45-084",
        "addr:street": "Strzelców Bytomskich",
        "amenity": "public_bookcase",
        "description": "Gablota na książki gdzie można przynosić i korzystać ze zgromadzonych w niej książek",
        "image": "https://www.smieciopolis.opole.pl/wp-content/uploads/2021/04/PWK-MDK-scaled.jpg",
        "name": "Punkt Wymiany Książek",
        "public_bookcase:type": "gablota_na_książki"
      },
      "geometry": {
        "type": "Point",
        "coordinates": [
          17.9213828,
          50.6654509
        ]
      },
      "id": "node/9633168663"
    },
    {
      "type": "Feature",
      "properties": {
        "@id": "node/9638132118",
        "amenity": "public_bookcase"
      },
      "geometry": {
        "type": "Point",
        "coordinates": [
          12.7304094,
          49.8934561
        ]
      },
      "id": "node/9638132118"
    },
    {
      "type": "Feature",
      "properties": {
        "@id": "node/9656119601",
        "amenity": "public_bookcase",
        "name": "Knihobudka"
      },
      "geometry": {
        "type": "Point",
        "coordinates": [
          12.6199396,
          49.9742057
        ]
      },
      "id": "node/9656119601"
    },
    {
      "type": "Feature",
      "properties": {
        "@id": "node/9668771358",
        "amenity": "public_bookcase",
        "check_date": "2025-06-26",
        "name": "Knihobudka U Vašíka",
        "opening_hours": "24/7",
        "source": "survey"
      },
      "geometry": {
        "type": "Point",
        "coordinates": [
          13.4082804,
          49.7377911
        ]
      },
      "id": "node/9668771358"
    },
    {
      "type": "Feature",
      "properties": {
        "@id": "node/9675053538",
        "amenity": "public_bookcase"
      },
      "geometry": {
        "type": "Point",
        "coordinates": [
          18.0756956,
          48.8396458
        ]
      },
      "id": "node/9675053538"
    },
    {
      "type": "Feature",
      "properties": {
        "@id": "node/9675335677",
        "amenity": "public_bookcase",
        "check_date": "2025-12-02",
        "indoor": "yes",
        "name": "Offener Bücherschrank Pfaffenschlag"
      },
      "geometry": {
        "type": "Point",
        "coordinates": [
          15.1957965,
          48.8451465
        ]
      },
      "id": "node/9675335677"
    },
    {
      "type": "Feature",
      "properties": {
        "@id": "node/9677304926",
        "amenity": "public_bookcase",
        "name": "Knihobudka",
        "opening_hours": "24/7",
        "operator": "KIZ Štětí"
      },
      "geometry": {
        "type": "Point",
        "coordinates": [
          14.4423652,
          50.4930983
        ]
      },
      "id": "node/9677304926"
    },
    {
      "type": "Feature",
      "properties": {
        "@id": "node/9677655026",
        "amenity": "public_bookcase",
        "opening_hours": "24/7",
        "public_bookcase:type": "reading_box",
        "wheelchair": "yes"
      },
      "geometry": {
        "type": "Point",
        "coordinates": [
          15.1326256,
          50.5925196
        ]
      },
      "id": "node/9677655026"
    },
    {
      "type": "Feature",
      "properties": {
        "@id": "node/9693046169",
        "amenity": "public_bookcase",
        "opening_hours": "Mo-Su 07:00-20:00"
      },
      "geometry": {
        "type": "Point",
        "coordinates": [
          14.4687687,
          50.1296986
        ]
      },
      "id": "node/9693046169"
    },
    {
      "type": "Feature",
      "properties": {
        "@id": "node/9699197194",
        "amenity": "public_bookcase",
        "check_date": "2024-06-07",
        "public_bookcase:type": "wooden_cabinet"
      },
      "geometry": {
        "type": "Point",
        "coordinates": [
          13.2535334,
          50.1740389
        ]
      },
      "id": "node/9699197194"
    },
    {
      "type": "Feature",
      "properties": {
        "@id": "node/9709005060",
        "access": "yes",
        "amenity": "public_bookcase",
        "opening_hours": "24/7",
        "public_bookcase:type": "phone_box",
        "wheelchair": "no"
      },
      "geometry": {
        "type": "Point",
        "coordinates": [
          12.4678453,
          50.824381
        ]
      },
      "id": "node/9709005060"
    },
    {
      "type": "Feature",
      "properties": {
        "@id": "node/9716283867",
        "amenity": "public_bookcase",
        "public_bookcase:type": "shelter"
      },
      "geometry": {
        "type": "Point",
        "coordinates": [
          14.3596525,
          50.2291107
        ]
      },
      "id": "node/9716283867"
    },
    {
      "type": "Feature",
      "properties": {
        "@id": "node/9734207331",
        "amenity": "public_bookcase",
        "name": "Knihovna v prírode",
        "source": "survey"
      },
      "geometry": {
        "type": "Point",
        "coordinates": [
          13.4158554,
          50.4735685
        ]
      },
      "id": "node/9734207331"
    },
    {
      "type": "Feature",
      "properties": {
        "@id": "node/9740156764",
        "amenity": "public_bookcase",
        "check_date": "2025-10-09",
        "source": "survey"
      },
      "geometry": {
        "type": "Point",
        "coordinates": [
          13.3549155,
          49.7152745
        ]
      },
      "id": "node/9740156764"
    },
    {
      "type": "Feature",
      "properties": {
        "@id": "node/9742790375",
        "amenity": "public_bookcase"
      },
      "geometry": {
        "type": "Point",
        "coordinates": [
          14.1018103,
          49.5735258
        ]
      },
      "id": "node/9742790375"
    },
    {
      "type": "Feature",
      "properties": {
        "@id": "node/9746971113",
        "access": "yes",
        "amenity": "public_bookcase",
        "check_date": "2024-08-07",
        "opening_hours": "24/7",
        "public_bookcase:type": "shelf",
        "wheelchair": "no"
      },
      "geometry": {
        "type": "Point",
        "coordinates": [
          16.5550703,
          49.1432661
        ]
      },
      "id": "node/9746971113"
    },
    {
      "type": "Feature",
      "properties": {
        "@id": "node/9748426298",
        "amenity": "public_bookcase"
      },
      "geometry": {
        "type": "Point",
        "coordinates": [
          17.6965826,
          49.3357265
        ]
      },
      "id": "node/9748426298"
    },
    {
      "type": "Feature",
      "properties": {
        "@id": "node/9748619624",
        "amenity": "public_bookcase",
        "check_date": "2024-05-21"
      },
      "geometry": {
        "type": "Point",
        "coordinates": [
          14.8887103,
          50.2579678
        ]
      },
      "id": "node/9748619624"
    },
    {
      "type": "Feature",
      "properties": {
        "@id": "node/9755694370",
        "amenity": "public_bookcase"
      },
      "geometry": {
        "type": "Point",
        "coordinates": [
          14.8094675,
          49.5323977
        ]
      },
      "id": "node/9755694370"
    },
    {
      "type": "Feature",
      "properties": {
        "@id": "node/9755694372",
        "amenity": "public_bookcase"
      },
      "geometry": {
        "type": "Point",
        "coordinates": [
          14.9027342,
          49.4555868
        ]
      },
      "id": "node/9755694372"
    },
    {
      "type": "Feature",
      "properties": {
        "@id": "node/9755718080",
        "amenity": "public_bookcase",
        "check_date": "2024-05-30",
        "indoor": "yes"
      },
      "geometry": {
        "type": "Point",
        "coordinates": [
          14.6767609,
          49.4139653
        ]
      },
      "id": "node/9755718080"
    },
    {
      "type": "Feature",
      "properties": {
        "@id": "node/9763704198",
        "amenity": "public_bookcase",
        "indoor": "no"
      },
      "geometry": {
        "type": "Point",
        "coordinates": [
          15.6311853,
          50.3613117
        ]
      },
      "id": "node/9763704198"
    },
    {
      "type": "Feature",
      "properties": {
        "@id": "node/9771418792",
        "amenity": "public_bookcase"
      },
      "geometry": {
        "type": "Point",
        "coordinates": [
          15.6805905,
          50.4039605
        ]
      },
      "id": "node/9771418792"
    },
    {
      "type": "Feature",
      "properties": {
        "@id": "node/9772649221",
        "amenity": "public_bookcase",
        "booth": "TelH_90",
        "colour": "red",
        "name": "Bücherzelle",
        "public_bookcase:type": "phone_box",
        "wikimedia_commons": "File:Bücherzelle Reust.JPG"
      },
      "geometry": {
        "type": "Point",
        "coordinates": [
          12.2001162,
          50.8321293
        ]
      },
      "id": "node/9772649221"
    },
    {
      "type": "Feature",
      "properties": {
        "@id": "node/9778690109",
        "amenity": "public_bookcase",
        "check_date": "2025-09-06"
      },
      "geometry": {
        "type": "Point",
        "coordinates": [
          14.1658797,
          48.6606533
        ]
      },
      "id": "node/9778690109"
    },
    {
      "type": "Feature",
      "properties": {
        "@id": "node/9783873077",
        "amenity": "public_bookcase"
      },
      "geometry": {
        "type": "Point",
        "coordinates": [
          14.5244078,
          50.0291239
        ]
      },
      "id": "node/9783873077"
    },
    {
      "type": "Feature",
      "properties": {
        "@id": "node/9795883816",
        "amenity": "public_bookcase",
        "check_date": "2025-07-12"
      },
      "geometry": {
        "type": "Point",
        "coordinates": [
          16.3883315,
          48.7240661
        ]
      },
      "id": "node/9795883816"
    },
    {
      "type": "Feature",
      "properties": {
        "@id": "node/9796274815",
        "amenity": "public_bookcase"
      },
      "geometry": {
        "type": "Point",
        "coordinates": [
          15.0629227,
          50.069749
        ]
      },
      "id": "node/9796274815"
    },
    {
      "type": "Feature",
      "properties": {
        "@id": "node/9798488473",
        "amenity": "public_bookcase",
        "covered": "yes",
        "lit": "no",
        "opening_hours": "24/7",
        "operator": "OÚ Šestajovice",
        "public_bookcase:type": "wooden_cabinet"
      },
      "geometry": {
        "type": "Point",
        "coordinates": [
          14.6783439,
          50.108881
        ]
      },
      "id": "node/9798488473"
    },
    {
      "type": "Feature",
      "properties": {
        "@id": "node/9799355227",
        "amenity": "public_bookcase",
        "lit": "no",
        "public_bookcase:type": "wooden_cabinet",
        "wikimedia_commons": "File:Knihobudka Voříškův Dvůr.jpg"
      },
      "geometry": {
        "type": "Point",
        "coordinates": [
          14.4619932,
          48.9924966
        ]
      },
      "id": "node/9799355227"
    },
    {
      "type": "Feature",
      "properties": {
        "@id": "node/9803783060",
        "amenity": "public_bookcase"
      },
      "geometry": {
        "type": "Point",
        "coordinates": [
          14.9828036,
          50.0022203
        ]
      },
      "id": "node/9803783060"
    },
    {
      "type": "Feature",
      "properties": {
        "@id": "node/9803791613",
        "amenity": "public_bookcase"
      },
      "geometry": {
        "type": "Point",
        "coordinates": [
          14.9783108,
          50.0052178
        ]
      },
      "id": "node/9803791613"
    },
    {
      "type": "Feature",
      "properties": {
        "@id": "node/9803809785",
        "amenity": "public_bookcase"
      },
      "geometry": {
        "type": "Point",
        "coordinates": [
          14.9782786,
          50.0015719
        ]
      },
      "id": "node/9803809785"
    },
    {
      "type": "Feature",
      "properties": {
        "@id": "node/9811738680",
        "amenity": "public_bookcase",
        "covered": "yes"
      },
      "geometry": {
        "type": "Point",
        "coordinates": [
          14.4458719,
          50.1676205
        ]
      },
      "id": "node/9811738680"
    },
    {
      "type": "Feature",
      "properties": {
        "@id": "node/9813887084",
        "amenity": "public_bookcase"
      },
      "geometry": {
        "type": "Point",
        "coordinates": [
          15.0186202,
          49.7871126
        ]
      },
      "id": "node/9813887084"
    },
    {
      "type": "Feature",
      "properties": {
        "@id": "node/9816618329",
        "amenity": "public_bookcase",
        "name": "Bücherhäusel „Schatztruhe“",
        "public_bookcase:type": "wooden_cabinet"
      },
      "geometry": {
        "type": "Point",
        "coordinates": [
          12.5037898,
          50.5392966
        ]
      },
      "id": "node/9816618329"
    },
    {
      "type": "Feature",
      "properties": {
        "@id": "node/9822500217",
        "amenity": "public_bookcase"
      },
      "geometry": {
        "type": "Point",
        "coordinates": [
          14.4806219,
          49.9235036
        ]
      },
      "id": "node/9822500217"
    },
    {
      "type": "Feature",
      "properties": {
        "@id": "node/9822515320",
        "amenity": "public_bookcase"
      },
      "geometry": {
        "type": "Point",
        "coordinates": [
          14.4917819,
          49.9073319
        ]
      },
      "id": "node/9822515320"
    },
    {
      "type": "Feature",
      "properties": {
        "@id": "node/9822597708",
        "amenity": "public_bookcase",
        "check_date": "2024-09-17",
        "location": "indoor"
      },
      "geometry": {
        "type": "Point",
        "coordinates": [
          14.3474517,
          50.0509628
        ]
      },
      "id": "node/9822597708"
    },
    {
      "type": "Feature",
      "properties": {
        "@id": "node/9822620968",
        "amenity": "public_bookcase"
      },
      "geometry": {
        "type": "Point",
        "coordinates": [
          14.4633311,
          49.9390375
        ]
      },
      "id": "node/9822620968"
    },
    {
      "type": "Feature",
      "properties": {
        "@id": "node/9822888731",
        "amenity": "public_bookcase"
      },
      "geometry": {
        "type": "Point",
        "coordinates": [
          14.5070536,
          49.9806797
        ]
      },
      "id": "node/9822888731"
    },
    {
      "type": "Feature",
      "properties": {
        "@id": "node/9837762236",
        "amenity": "public_bookcase",
        "check_date": "2026-03-08"
      },
      "geometry": {
        "type": "Point",
        "coordinates": [
          14.1367008,
          50.5642794
        ]
      },
      "id": "node/9837762236"
    },
    {
      "type": "Feature",
      "properties": {
        "@id": "node/9837907828",
        "amenity": "public_bookcase"
      },
      "geometry": {
        "type": "Point",
        "coordinates": [
          14.6999889,
          50.3515494
        ]
      },
      "id": "node/9837907828"
    },
    {
      "type": "Feature",
      "properties": {
        "@id": "node/9837924750",
        "amenity": "public_bookcase",
        "check_date": "2024-07-31"
      },
      "geometry": {
        "type": "Point",
        "coordinates": [
          14.4591622,
          49.9666903
        ]
      },
      "id": "node/9837924750"
    },
    {
      "type": "Feature",
      "properties": {
        "@id": "node/9838639654",
        "amenity": "public_bookcase"
      },
      "geometry": {
        "type": "Point",
        "coordinates": [
          14.4261194,
          49.9586389
        ]
      },
      "id": "node/9838639654"
    },
    {
      "type": "Feature",
      "properties": {
        "@id": "node/9841256769",
        "amenity": "public_bookcase",
        "check_date": "2025-06-02"
      },
      "geometry": {
        "type": "Point",
        "coordinates": [
          14.4194839,
          50.0600497
        ]
      },
      "id": "node/9841256769"
    },
    {
      "type": "Feature",
      "properties": {
        "@id": "node/9872558855",
        "amenity": "public_bookcase",
        "check_date": "2026-01-19"
      },
      "geometry": {
        "type": "Point",
        "coordinates": [
          13.1012906,
          49.5948697
        ]
      },
      "id": "node/9872558855"
    },
    {
      "type": "Feature",
      "properties": {
        "@id": "node/9874330966",
        "amenity": "public_bookcase",
        "location": "indoor",
        "name": "Sousedská knihobudka"
      },
      "geometry": {
        "type": "Point",
        "coordinates": [
          14.4812164,
          49.9588144
        ]
      },
      "id": "node/9874330966"
    },
    {
      "type": "Feature",
      "properties": {
        "@id": "node/9879506302",
        "amenity": "public_bookcase",
        "opening_hours": "24/7",
        "operator": "Obecní knihovna Studenec",
        "public_bookcase:type": "shelf"
      },
      "geometry": {
        "type": "Point",
        "coordinates": [
          15.5571631,
          50.5474016
        ]
      },
      "id": "node/9879506302"
    },
    {
      "type": "Feature",
      "properties": {
        "@id": "node/9879518742",
        "amenity": "public_bookcase",
        "opening_hours": "24/7",
        "operator": "Obecní knihovna Studenec",
        "public_bookcase:type": "shelf"
      },
      "geometry": {
        "type": "Point",
        "coordinates": [
          15.5571906,
          50.5732027
        ]
      },
      "id": "node/9879518742"
    },
    {
      "type": "Feature",
      "properties": {
        "@id": "node/9879527338",
        "amenity": "public_bookcase",
        "opening_hours": "24/7",
        "operator": "Obecní knihovna Studenec",
        "public_bookcase:type": "shelf"
      },
      "geometry": {
        "type": "Point",
        "coordinates": [
          15.5451363,
          50.5632103
        ]
      },
      "id": "node/9879527338"
    },
    {
      "type": "Feature",
      "properties": {
        "@id": "node/9887560827",
        "amenity": "public_bookcase",
        "name": "Knihobudka",
        "public_bookcase:type": "shelf"
      },
      "geometry": {
        "type": "Point",
        "coordinates": [
          15.1012277,
          50.6227023
        ]
      },
      "id": "node/9887560827"
    },
    {
      "type": "Feature",
      "properties": {
        "@id": "node/9889012658",
        "amenity": "public_bookcase"
      },
      "geometry": {
        "type": "Point",
        "coordinates": [
          13.7331889,
          50.1005616
        ]
      },
      "id": "node/9889012658"
    },
    {
      "type": "Feature",
      "properties": {
        "@id": "node/9889084639",
        "amenity": "public_bookcase"
      },
      "geometry": {
        "type": "Point",
        "coordinates": [
          12.9676694,
          49.8731275
        ]
      },
      "id": "node/9889084639"
    },
    {
      "type": "Feature",
      "properties": {
        "@id": "node/9892290998",
        "amenity": "public_bookcase",
        "opening_hours": "24/7",
        "public_bookcase:type": "wooden_cabinet"
      },
      "geometry": {
        "type": "Point",
        "coordinates": [
          16.4264544,
          49.2469558
        ]
      },
      "id": "node/9892290998"
    },
    {
      "type": "Feature",
      "properties": {
        "@id": "node/9893023400",
        "amenity": "public_bookcase",
        "public_bookcase:type": "wooden_cabinet"
      },
      "geometry": {
        "type": "Point",
        "coordinates": [
          13.4918312,
          50.3070928
        ]
      },
      "id": "node/9893023400"
    },
    {
      "type": "Feature",
      "properties": {
        "@id": "node/9896709472",
        "amenity": "public_bookcase"
      },
      "geometry": {
        "type": "Point",
        "coordinates": [
          16.5990375,
          49.1908341
        ]
      },
      "id": "node/9896709472"
    },
    {
      "type": "Feature",
      "properties": {
        "@id": "node/9899866667",
        "amenity": "public_bookcase",
        "check_date": "2025-03-15",
        "name": "Venkovní knihovna Relax Boox"
      },
      "geometry": {
        "type": "Point",
        "coordinates": [
          14.1733188,
          49.7779344
        ]
      },
      "id": "node/9899866667"
    },
    {
      "type": "Feature",
      "properties": {
        "@id": "node/9900024085",
        "amenity": "public_bookcase",
        "public_bookcase:type": "wooden_cabinet"
      },
      "geometry": {
        "type": "Point",
        "coordinates": [
          13.7786888,
          50.2486195
        ]
      },
      "id": "node/9900024085"
    },
    {
      "type": "Feature",
      "properties": {
        "@id": "node/9905435493",
        "amenity": "public_bookcase",
        "check_date": "2025-05-18"
      },
      "geometry": {
        "type": "Point",
        "coordinates": [
          14.4626992,
          50.9142721
        ]
      },
      "id": "node/9905435493"
    },
    {
      "type": "Feature",
      "properties": {
        "@id": "node/9907784799",
        "amenity": "public_bookcase",
        "panoramax": "f51079c8-bb8c-4a77-96c1-71b6447ca357",
        "public_bookcase:type": "phone_box",
        "wikimedia_commons": "File:Knihobudka_at_Strakonice.jpg"
      },
      "geometry": {
        "type": "Point",
        "coordinates": [
          13.9027798,
          49.2600504
        ]
      },
      "id": "node/9907784799"
    },
    {
      "type": "Feature",
      "properties": {
        "@id": "node/9918560393",
        "amenity": "public_bookcase"
      },
      "geometry": {
        "type": "Point",
        "coordinates": [
          16.6248938,
          48.9352194
        ]
      },
      "id": "node/9918560393"
    },
    {
      "type": "Feature",
      "properties": {
        "@id": "node/9937612082",
        "amenity": "public_bookcase",
        "check_date": "2024-10-27",
        "opening_hours": "24/7",
        "public_bookcase:type": "shelf"
      },
      "geometry": {
        "type": "Point",
        "coordinates": [
          16.7194472,
          49.101451
        ]
      },
      "id": "node/9937612082"
    },
    {
      "type": "Feature",
      "properties": {
        "@id": "node/9937612091",
        "amenity": "public_bookcase",
        "check_date": "2025-05-21",
        "opening_hours": "24/7",
        "public_bookcase:type": "shelf"
      },
      "geometry": {
        "type": "Point",
        "coordinates": [
          16.6339963,
          49.091602
        ]
      },
      "id": "node/9937612091"
    },
    {
      "type": "Feature",
      "properties": {
        "@id": "node/9937612093",
        "amenity": "public_bookcase",
        "opening_hours": "24/7",
        "public_bookcase:type": "shelf"
      },
      "geometry": {
        "type": "Point",
        "coordinates": [
          16.6218023,
          49.0926056
        ]
      },
      "id": "node/9937612093"
    },
    {
      "type": "Feature",
      "properties": {
        "@id": "node/9939613622",
        "amenity": "public_bookcase"
      },
      "geometry": {
        "type": "Point",
        "coordinates": [
          18.3775252,
          48.6900897
        ]
      },
      "id": "node/9939613622"
    },
    {
      "type": "Feature",
      "properties": {
        "@id": "node/9939692519",
        "amenity": "public_bookcase",
        "name": "Knihobudka"
      },
      "geometry": {
        "type": "Point",
        "coordinates": [
          18.3347415,
          49.5530165
        ]
      },
      "id": "node/9939692519"
    },
    {
      "type": "Feature",
      "properties": {
        "@id": "node/9945308693",
        "amenity": "public_bookcase",
        "public_bookcase:type": "phone_box"
      },
      "geometry": {
        "type": "Point",
        "coordinates": [
          15.2563358,
          49.5153108
        ]
      },
      "id": "node/9945308693"
    },
    {
      "type": "Feature",
      "properties": {
        "@id": "node/9959402605",
        "amenity": "public_bookcase"
      },
      "geometry": {
        "type": "Point",
        "coordinates": [
          13.8094386,
          50.5217356
        ]
      },
      "id": "node/9959402605"
    },
    {
      "type": "Feature",
      "properties": {
        "@id": "node/9960925614",
        "amenity": "public_bookcase"
      },
      "geometry": {
        "type": "Point",
        "coordinates": [
          14.8969422,
          49.8726267
        ]
      },
      "id": "node/9960925614"
    },
    {
      "type": "Feature",
      "properties": {
        "@id": "node/9960932504",
        "amenity": "public_bookcase",
        "colour": "brown",
        "indoor": "no",
        "lit": "no",
        "location": "outdoor",
        "public_bookcase:type": "wooden_cabinet",
        "wikimedia_commons": "File:Knihobudka Talmberk zepředu.jpg"
      },
      "geometry": {
        "type": "Point",
        "coordinates": [
          14.9546844,
          49.8666503
        ]
      },
      "id": "node/9960932504"
    },
    {
      "type": "Feature",
      "properties": {
        "@id": "node/9961547605",
        "amenity": "public_bookcase",
        "check_date": "2025-11-15"
      },
      "geometry": {
        "type": "Point",
        "coordinates": [
          14.4516306,
          50.0231017
        ]
      },
      "id": "node/9961547605"
    },
    {
      "type": "Feature",
      "properties": {
        "@id": "node/9964181157",
        "amenity": "public_bookcase",
        "check_date": "2024-10-12",
        "public_bookcase:type": "phone_box"
      },
      "geometry": {
        "type": "Point",
        "coordinates": [
          12.4879047,
          50.4072954
        ]
      },
      "id": "node/9964181157"
    },
    {
      "type": "Feature",
      "properties": {
        "@id": "node/9973127144",
        "amenity": "public_bookcase",
        "description": "24/7 geöffnet",
        "opening_hours": "24/7"
      },
      "geometry": {
        "type": "Point",
        "coordinates": [
          13.0521575,
          50.7807283
        ]
      },
      "id": "node/9973127144"
    },
    {
      "type": "Feature",
      "properties": {
        "@id": "node/9974931745",
        "amenity": "public_bookcase",
        "public_bookcase:type": "phone_box"
      },
      "geometry": {
        "type": "Point",
        "coordinates": [
          12.1739718,
          49.0204458
        ]
      },
      "id": "node/9974931745"
    },
    {
      "type": "Feature",
      "properties": {
        "@id": "node/9981217894",
        "amenity": "public_bookcase"
      },
      "geometry": {
        "type": "Point",
        "coordinates": [
          12.3133827,
          48.918033
        ]
      },
      "id": "node/9981217894"
    },
    {
      "type": "Feature",
      "properties": {
        "@id": "node/9989208651",
        "amenity": "public_bookcase",
        "colour": "yellow",
        "man_made": "telephone_box",
        "name": "Bücher",
        "public_bookcase:type": "phone_box"
      },
      "geometry": {
        "type": "Point",
        "coordinates": [
          14.7103059,
          50.9905354
        ]
      },
      "id": "node/9989208651"
    },
    {
      "type": "Feature",
      "properties": {
        "@id": "node/9989981239",
        "amenity": "public_bookcase",
        "name": "Miniknihovna"
      },
      "geometry": {
        "type": "Point",
        "coordinates": [
          15.1968547,
          50.0348081
        ]
      },
      "id": "node/9989981239"
    },
    {
      "type": "Feature",
      "properties": {
        "@id": "node/9990672887",
        "amenity": "public_bookcase"
      },
      "geometry": {
        "type": "Point",
        "coordinates": [
          14.9575181,
          49.8420369
        ]
      },
      "id": "node/9990672887"
    },
    {
      "type": "Feature",
      "properties": {
        "@id": "node/9991174417",
        "amenity": "public_bookcase",
        "name": "U školky"
      },
      "geometry": {
        "type": "Point",
        "coordinates": [
          15.151552,
          50.5953393
        ]
      },
      "id": "node/9991174417"
    },
    {
      "type": "Feature",
      "properties": {
        "@id": "node/9995434143",
        "amenity": "public_bookcase",
        "wikimedia_commons": "File:20241130-offener-bücherraum-bücherstube-häferlmarkt-bahnstraße-mariensäule-asparn-an-der-zaya.jpg"
      },
      "geometry": {
        "type": "Point",
        "coordinates": [
          16.4943532,
          48.585773
        ]
      },
      "id": "node/9995434143"
    },
    {
      "type": "Feature",
      "properties": {
        "@id": "node/10004325302",
        "amenity": "public_bookcase",
        "name": "Něchovská knihobudka"
      },
      "geometry": {
        "type": "Point",
        "coordinates": [
          14.5691589,
          48.8321661
        ]
      },
      "id": "node/10004325302"
    },
    {
      "type": "Feature",
      "properties": {
        "@id": "node/10005688638",
        "amenity": "public_bookcase"
      },
      "geometry": {
        "type": "Point",
        "coordinates": [
          16.9022244,
          50.3905056
        ]
      },
      "id": "node/10005688638"
    },
    {
      "type": "Feature",
      "properties": {
        "@id": "node/10005946726",
        "amenity": "public_bookcase",
        "check_date": "2025-05-10"
      },
      "geometry": {
        "type": "Point",
        "coordinates": [
          15.4788908,
          50.7161122
        ]
      },
      "id": "node/10005946726"
    },
    {
      "type": "Feature",
      "properties": {
        "@id": "node/10006298969",
        "amenity": "public_bookcase"
      },
      "geometry": {
        "type": "Point",
        "coordinates": [
          14.2781864,
          50.613025
        ]
      },
      "id": "node/10006298969"
    },
    {
      "type": "Feature",
      "properties": {
        "@id": "node/10023818960",
        "amenity": "public_bookcase",
        "check_date": "2025-05-24"
      },
      "geometry": {
        "type": "Point",
        "coordinates": [
          14.4301335,
          50.0670961
        ]
      },
      "id": "node/10023818960"
    },
    {
      "type": "Feature",
      "properties": {
        "@id": "node/10029757904",
        "amenity": "public_bookcase",
        "check_date": "2024-11-29"
      },
      "geometry": {
        "type": "Point",
        "coordinates": [
          16.6434242,
          49.3621923
        ]
      },
      "id": "node/10029757904"
    },
    {
      "type": "Feature",
      "properties": {
        "@id": "node/10036741785",
        "amenity": "public_bookcase",
        "name": "Knihostrom"
      },
      "geometry": {
        "type": "Point",
        "coordinates": [
          16.1820433,
          50.4830931
        ]
      },
      "id": "node/10036741785"
    },
    {
      "type": "Feature",
      "properties": {
        "@id": "node/10038223578",
        "amenity": "public_bookcase",
        "covered": "yes",
        "public_bookcase:type": "shelf",
        "source": "survey"
      },
      "geometry": {
        "type": "Point",
        "coordinates": [
          18.5594521,
          49.223222
        ]
      },
      "id": "node/10038223578"
    },
    {
      "type": "Feature",
      "properties": {
        "@id": "node/10049026697",
        "amenity": "public_bookcase"
      },
      "geometry": {
        "type": "Point",
        "coordinates": [
          16.601358,
          49.190065
        ]
      },
      "id": "node/10049026697"
    },
    {
      "type": "Feature",
      "properties": {
        "@id": "node/10063553624",
        "amenity": "public_bookcase"
      },
      "geometry": {
        "type": "Point",
        "coordinates": [
          14.3213167,
          50.1903569
        ]
      },
      "id": "node/10063553624"
    },
    {
      "type": "Feature",
      "properties": {
        "@id": "node/10063553625",
        "amenity": "public_bookcase"
      },
      "geometry": {
        "type": "Point",
        "coordinates": [
          14.2812089,
          50.1658986
        ]
      },
      "id": "node/10063553625"
    },
    {
      "type": "Feature",
      "properties": {
        "@id": "node/10063645770",
        "amenity": "public_bookcase"
      },
      "geometry": {
        "type": "Point",
        "coordinates": [
          14.2205539,
          50.1324833
        ]
      },
      "id": "node/10063645770"
    },
    {
      "type": "Feature",
      "properties": {
        "@id": "node/10064470390",
        "amenity": "public_bookcase",
        "description": "Městská část Praha - Újezd"
      },
      "geometry": {
        "type": "Point",
        "coordinates": [
          14.5220997,
          50.0191262
        ]
      },
      "id": "node/10064470390"
    },
    {
      "type": "Feature",
      "properties": {
        "@id": "node/10082924960",
        "amenity": "public_bookcase"
      },
      "geometry": {
        "type": "Point",
        "coordinates": [
          13.9693408,
          50.6163032
        ]
      },
      "id": "node/10082924960"
    },
    {
      "type": "Feature",
      "properties": {
        "@id": "node/10082924961",
        "amenity": "public_bookcase"
      },
      "geometry": {
        "type": "Point",
        "coordinates": [
          13.9888097,
          50.621626
        ]
      },
      "id": "node/10082924961"
    },
    {
      "type": "Feature",
      "properties": {
        "@id": "node/10082924966",
        "amenity": "public_bookcase"
      },
      "geometry": {
        "type": "Point",
        "coordinates": [
          13.7177879,
          49.7742081
        ]
      },
      "id": "node/10082924966"
    },
    {
      "type": "Feature",
      "properties": {
        "@id": "node/10097366917",
        "amenity": "public_bookcase",
        "name": "Bücherhaus Kleincarsdorf"
      },
      "geometry": {
        "type": "Point",
        "coordinates": [
          13.7356064,
          50.9516362
        ]
      },
      "id": "node/10097366917"
    },
    {
      "type": "Feature",
      "properties": {
        "@id": "node/10097585674",
        "amenity": "public_bookcase",
        "check_date": "2026-05-03",
        "description": "Gablota na książki gdzie można przynosić i korzystać ze zgromadzonych w niej książek",
        "image": "https://www.smieciopolis.opole.pl/wp-content/uploads/2021/04/PWK-ZOO-scaled.jpg",
        "name": "Punkt Wymiany Książek",
        "opening_hours": "Mo-Su 09:00-16:00",
        "operator": "Urząd Miasta Opola- Wydział Gospodarki Odpadami Komunalnymi",
        "public_bookcase:type": "gablota_na_książki",
        "wheelchair": "yes"
      },
      "geometry": {
        "type": "Point",
        "coordinates": [
          17.9287423,
          50.6516372
        ]
      },
      "id": "node/10097585674"
    },
    {
      "type": "Feature",
      "properties": {
        "@id": "node/10097603894",
        "addr:city": "Opole",
        "addr:housenumber": "16",
        "addr:postcode": "45-040",
        "addr:street": "Plac Mikołaja Kopernika",
        "amenity": "public_bookcase",
        "description": "Gablota na książki do której można przynosić i korzystać ze zgromadzonych w niej książek",
        "image": "https://www.smieciopolis.opole.pl/wp-content/uploads/2021/04/PWK-SOLARIS-scaled.jpg",
        "location": "Centrum Handlowe poziom_-2_od_wejścia_z_garażu_podziemnego",
        "name": "Punkt Wymiany Książek",
        "operator": "Urząd Miasta Opola - Wydział Gospodarki Odpadami Komunalnymi",
        "public_bookcase:type": "gablota_na_książki"
      },
      "geometry": {
        "type": "Point",
        "coordinates": [
          17.9268314,
          50.6696964
        ]
      },
      "id": "node/10097603894"
    },
    {
      "type": "Feature",
      "properties": {
        "@id": "node/10097632319",
        "addr:city": "Opole",
        "addr:housenumber": "152/154",
        "addr:postcode": "45-835",
        "addr:street": "Wrocławska",
        "amenity": "public_bookcase",
        "covered": "yes",
        "description": "Gablota na książki gdzie można przynosić i korzystać ze zgromadzonych w niej książek",
        "image": "https://www.smieciopolis.opole.pl/wp-content/uploads/2021/04/PWK-KAROLINKA-scaled.jpg",
        "level": "0",
        "name": "Punkt Wymiany Książek",
        "operator": "Urząd Miasta Opola - Wydział Gospodarki Odpadami Komunalnymi",
        "public_bookcase:type": "gablota_z_książkami"
      },
      "geometry": {
        "type": "Point",
        "coordinates": [
          17.8763038,
          50.6823683
        ]
      },
      "id": "node/10097632319"
    },
    {
      "type": "Feature",
      "properties": {
        "@id": "node/10104352835",
        "amenity": "public_bookcase"
      },
      "geometry": {
        "type": "Point",
        "coordinates": [
          14.6797583,
          50.9370024
        ]
      },
      "id": "node/10104352835"
    },
    {
      "type": "Feature",
      "properties": {
        "@id": "node/10106883777",
        "amenity": "public_bookcase"
      },
      "geometry": {
        "type": "Point",
        "coordinates": [
          16.1555754,
          49.8180646
        ]
      },
      "id": "node/10106883777"
    },
    {
      "type": "Feature",
      "properties": {
        "@id": "node/10108173291",
        "amenity": "public_bookcase"
      },
      "geometry": {
        "type": "Point",
        "coordinates": [
          14.7760081,
          50.3964789
        ]
      },
      "id": "node/10108173291"
    },
    {
      "type": "Feature",
      "properties": {
        "@id": "node/10114977201",
        "access": "yes",
        "amenity": "public_bookcase",
        "covered": "yes",
        "indoor": "yes",
        "level": "0",
        "lit": "yes",
        "location": "indoor",
        "opening_hours": "Mo-Su 07:00-21:00",
        "public_bookcase:type": "wooden_cabinet",
        "wheelchair": "yes"
      },
      "geometry": {
        "type": "Point",
        "coordinates": [
          14.5092725,
          50.0678273
        ]
      },
      "id": "node/10114977201"
    },
    {
      "type": "Feature",
      "properties": {
        "@id": "node/10116446334",
        "amenity": "public_bookcase",
        "noname": "yes",
        "operator": "Stadt Neutraubling"
      },
      "geometry": {
        "type": "Point",
        "coordinates": [
          12.1990299,
          48.992503
        ]
      },
      "id": "node/10116446334"
    },
    {
      "type": "Feature",
      "properties": {
        "@id": "node/10118745634",
        "amenity": "public_bookcase"
      },
      "geometry": {
        "type": "Point",
        "coordinates": [
          14.0434856,
          50.1177511
        ]
      },
      "id": "node/10118745634"
    },
    {
      "type": "Feature",
      "properties": {
        "@id": "node/10120660820",
        "amenity": "public_bookcase",
        "check_date": "2024-11-23",
        "name": "Bühlauer Tauschecke"
      },
      "geometry": {
        "type": "Point",
        "coordinates": [
          13.8495547,
          51.0620662
        ]
      },
      "id": "node/10120660820"
    },
    {
      "type": "Feature",
      "properties": {
        "@id": "node/10130371123",
        "amenity": "public_bookcase"
      },
      "geometry": {
        "type": "Point",
        "coordinates": [
          17.6758906,
          49.2274003
        ]
      },
      "id": "node/10130371123"
    },
    {
      "type": "Feature",
      "properties": {
        "@id": "node/10135827365",
        "amenity": "public_bookcase",
        "panoramax": "399f2e86-d715-4946-8fbd-dfe5ce9a5e08",
        "public_bookcase:type": "phone_box"
      },
      "geometry": {
        "type": "Point",
        "coordinates": [
          15.1674693,
          48.6044195
        ]
      },
      "id": "node/10135827365"
    },
    {
      "type": "Feature",
      "properties": {
        "@id": "node/10137884537",
        "amenity": "public_bookcase",
        "check_date": "2025-12-13",
        "opening_hours": "24/7",
        "public_bookcase:type": "wooden_cabinet",
        "wheelchair": "no"
      },
      "geometry": {
        "type": "Point",
        "coordinates": [
          16.6193958,
          49.2108883
        ]
      },
      "id": "node/10137884537"
    },
    {
      "type": "Feature",
      "properties": {
        "@id": "node/10139410878",
        "amenity": "public_bookcase",
        "public_bookcase:type": "reading_box"
      },
      "geometry": {
        "type": "Point",
        "coordinates": [
          13.8066809,
          50.3530641
        ]
      },
      "id": "node/10139410878"
    },
    {
      "type": "Feature",
      "properties": {
        "@id": "node/10159276948",
        "amenity": "public_bookcase"
      },
      "geometry": {
        "type": "Point",
        "coordinates": [
          18.1739011,
          48.5616787
        ]
      },
      "id": "node/10159276948"
    },
    {
      "type": "Feature",
      "properties": {
        "@id": "node/10171507564",
        "amenity": "public_bookcase"
      },
      "geometry": {
        "type": "Point",
        "coordinates": [
          14.5373594,
          50.7867642
        ]
      },
      "id": "node/10171507564"
    },
    {
      "type": "Feature",
      "properties": {
        "@id": "node/10175888733",
        "amenity": "public_bookcase"
      },
      "geometry": {
        "type": "Point",
        "coordinates": [
          18.1545903,
          49.7365478
        ]
      },
      "id": "node/10175888733"
    },
    {
      "type": "Feature",
      "properties": {
        "@id": "node/10199412506",
        "addr:city": "Opole",
        "addr:housenumber": "48",
        "addr:postcode": "45-052",
        "addr:street": "Oleska",
        "amenity": "public_bookcase",
        "description": "Gablota do wymiany książek. Przynieś książkę do poczytania, weź stąd inną, taka zamiana.",
        "image": "https://www.smieciopolis.opole.pl/wp-content/uploads/2022/11/PWK_UniOpo6-20221124-scaled.jpg",
        "level": "0",
        "location": "na_zewnątrz_(outdoor)",
        "name": "Punkt Wymiany Książek",
        "opening_hours": "24/7",
        "operator": "Urząd Miasta Opola - Wydział Gospodarki Odpadami komunalnymi",
        "phone": "+48 77 45 11 846",
        "public_bookcase:type": "gablota",
        "start_date": "2022-11-10",
        "website": "https://www.smieciopolis.opole.pl/punkt-wymiany-ksiazek/",
        "wheelchair": "yes"
      },
      "geometry": {
        "type": "Point",
        "coordinates": [
          17.9316544,
          50.6732989
        ]
      },
      "id": "node/10199412506"
    },
    {
      "type": "Feature",
      "properties": {
        "@id": "node/10199412507",
        "addr:city": "Opole",
        "addr:postcode": "45-036",
        "addr:street": "Ludwika Waryńskiego",
        "amenity": "public_bookcase",
        "description": "Gablota do wymiany książek. Przynieś książkę do poczytania, weź stąd inną... taka zamiana",
        "image": "https://www.smieciopolis.opole.pl/wp-content/uploads/2022/11/PWK_Warynskiego7-20221124-scaled.jpg",
        "level": "0",
        "location": "na_zewnątrz_(outdoor)",
        "name": "Punkt Wymiany Książek",
        "opening_hours": "24/7",
        "operator": "Urząd Miasta Opola - Wydział Gospodarki Odpadami Komunalnymi",
        "phone": "+48 44 45 11 846",
        "public_bookcase:type": "gablota",
        "start_date": "2022/11/10",
        "website": "https://www.smieciopolis.opole.pl/punkt-wymiany-ksiazek/",
        "wheelchair": "yes"
      },
      "geometry": {
        "type": "Point",
        "coordinates": [
          17.923619,
          50.6744963
        ]
      },
      "id": "node/10199412507"
    },
    {
      "type": "Feature",
      "properties": {
        "@id": "node/10199418856",
        "addr:city": "Opole",
        "addr:postcode": "45-221",
        "addr:street": "Chabrów",
        "amenity": "public_bookcase",
        "description": "Gablota do wymiany książek. Przynieś książkę do poczytania, weź stąd inną... taka zamiana",
        "ele": "1",
        "image": "https://www.smieciopolis.opole.pl/wp-content/uploads/2022/11/PWK_Chabrow1-20221110-scaled.jpg",
        "level": "0",
        "lit": "no",
        "location": "na_zewnątrz_(outdoor)",
        "name": "Punkt Wymiany Książek",
        "operator": "Urząd Miasta Opola - Wydział Gospodarki Odpadami Komunalnymi",
        "phone": "+48 77 45 11 846",
        "public_bookcase:type": "gablota",
        "start_date": "2022-11-10",
        "website": "https://www.smieciopolis.opole.pl/punkt-wymiany-ksiazek/",
        "wheelchair": "yes"
      },
      "geometry": {
        "type": "Point",
        "coordinates": [
          17.932038,
          50.6805749
        ]
      },
      "id": "node/10199418856"
    },
    {
      "type": "Feature",
      "properties": {
        "@id": "node/10199437532",
        "addr:city": "Opole",
        "addr:housenumber": "16",
        "addr:postcode": "45-271",
        "addr:street": "Stanisława Mikołajczyka",
        "amenity": "public_bookcase",
        "description": "Gablota do wymiany książek. Przynieś książkę do poczytania, weź stąd inną... taka zamiana",
        "image": "https://www.smieciopolis.opole.pl/wp-content/uploads/2022/11/PWK_Mikolajczyka2-20221110-scaled.jpg",
        "level": "0",
        "location": "na_zewnątrz_(outdoor)",
        "name": "Punkt Wymiany Książek",
        "opening_hours": "24/7",
        "operator": "Urząd Miasta Opola - Wydział Gospodarki Odpadami Komunalnymi",
        "phone": "+48 77 45 11 846",
        "public_bookcase:type": "gablota",
        "start_date": "2022-11-10",
        "website": "https://www.smieciopolis.opole.pl/punkt-wymiany-ksiazek/",
        "wheelchair": "yes"
      },
      "geometry": {
        "type": "Point",
        "coordinates": [
          17.9443356,
          50.6829388
        ]
      },
      "id": "node/10199437532"
    },
    {
      "type": "Feature",
      "properties": {
        "@id": "node/10203991079",
        "amenity": "public_bookcase",
        "check_date": "2025-05-31"
      },
      "geometry": {
        "type": "Point",
        "coordinates": [
          15.8893995,
          50.4014638
        ]
      },
      "id": "node/10203991079"
    },
    {
      "type": "Feature",
      "properties": {
        "@id": "node/10207430833",
        "amenity": "public_bookcase",
        "opening_hours": "24/7",
        "operator": "Gewerbeverein Stolpen",
        "public_bookcase:type": "reading_box"
      },
      "geometry": {
        "type": "Point",
        "coordinates": [
          14.0826845,
          51.0490328
        ]
      },
      "id": "node/10207430833"
    },
    {
      "type": "Feature",
      "properties": {
        "@id": "node/10211592795",
        "amenity": "public_bookcase",
        "check_date": "2024-09-10"
      },
      "geometry": {
        "type": "Point",
        "coordinates": [
          14.4488958,
          50.0805117
        ]
      },
      "id": "node/10211592795"
    },
    {
      "type": "Feature",
      "properties": {
        "@id": "node/10213827892",
        "amenity": "public_bookcase",
        "source": "survey"
      },
      "geometry": {
        "type": "Point",
        "coordinates": [
          13.3220476,
          49.6895846
        ]
      },
      "id": "node/10213827892"
    },
    {
      "type": "Feature",
      "properties": {
        "@id": "node/10214372077",
        "amenity": "public_bookcase",
        "public_bookcase:type": "metal_cabinet"
      },
      "geometry": {
        "type": "Point",
        "coordinates": [
          14.362274,
          50.0303275
        ]
      },
      "id": "node/10214372077"
    },
    {
      "type": "Feature",
      "properties": {
        "@id": "node/10218257779",
        "amenity": "public_bookcase",
        "capacity": "200",
        "indoor": "no",
        "operator": "Žijeme pro Hradiště",
        "public_bookcase:type": "wooden_cabinet"
      },
      "geometry": {
        "type": "Point",
        "coordinates": [
          14.9744338,
          50.5232894
        ]
      },
      "id": "node/10218257779"
    },
    {
      "type": "Feature",
      "properties": {
        "@id": "node/10223640934",
        "amenity": "public_bookcase"
      },
      "geometry": {
        "type": "Point",
        "coordinates": [
          16.2544244,
          50.23574
        ]
      },
      "id": "node/10223640934"
    },
    {
      "type": "Feature",
      "properties": {
        "@id": "node/10230947890",
        "access": "yes",
        "amenity": "public_bookcase",
        "public_bookcase:type": "sculpture"
      },
      "geometry": {
        "type": "Point",
        "coordinates": [
          16.6061332,
          49.1932751
        ]
      },
      "id": "node/10230947890"
    },
    {
      "type": "Feature",
      "properties": {
        "@id": "node/10265758174",
        "amenity": "public_bookcase",
        "capacity": "100",
        "lit": "no",
        "public_bookcase:type": "phone_box"
      },
      "geometry": {
        "type": "Point",
        "coordinates": [
          12.3995427,
          49.0000982
        ]
      },
      "id": "node/10265758174"
    },
    {
      "type": "Feature",
      "properties": {
        "@id": "node/10272849703",
        "amenity": "public_bookcase"
      },
      "geometry": {
        "type": "Point",
        "coordinates": [
          14.3847969,
          49.2984324
        ]
      },
      "id": "node/10272849703"
    },
    {
      "type": "Feature",
      "properties": {
        "@id": "node/10277669870",
        "amenity": "public_bookcase"
      },
      "geometry": {
        "type": "Point",
        "coordinates": [
          15.8086494,
          50.0434975
        ]
      },
      "id": "node/10277669870"
    },
    {
      "type": "Feature",
      "properties": {
        "@id": "node/10281157655",
        "amenity": "public_bookcase",
        "check_date": "2024-12-30",
        "opening_hours": "24/7",
        "public_bookcase:type": "shelf"
      },
      "geometry": {
        "type": "Point",
        "coordinates": [
          16.8330903,
          49.3450531
        ]
      },
      "id": "node/10281157655"
    },
    {
      "type": "Feature",
      "properties": {
        "@id": "node/10282265182",
        "amenity": "public_bookcase"
      },
      "geometry": {
        "type": "Point",
        "coordinates": [
          14.2363772,
          49.9388753
        ]
      },
      "id": "node/10282265182"
    },
    {
      "type": "Feature",
      "properties": {
        "@id": "node/10285274910",
        "amenity": "public_bookcase",
        "opening_hours": "24/7",
        "public_bookcase:type": "wooden_cabinet"
      },
      "geometry": {
        "type": "Point",
        "coordinates": [
          17.0200586,
          49.0319829
        ]
      },
      "id": "node/10285274910"
    },
    {
      "type": "Feature",
      "properties": {
        "@id": "node/10285997635",
        "addr:city": "Wiesent",
        "addr:housenumber": "3",
        "addr:postcode": "93109",
        "addr:street": "Schloßplatz",
        "amenity": "public_bookcase",
        "capacity": "100",
        "lit": "no",
        "note": "Vor der Regionalstube, rechts vorm Eingang",
        "operator": "KLJB Wiesent",
        "public_bookcase:type": "wooden_cabinet"
      },
      "geometry": {
        "type": "Point",
        "coordinates": [
          12.3793437,
          49.0067386
        ]
      },
      "id": "node/10285997635"
    },
    {
      "type": "Feature",
      "properties": {
        "@id": "node/10299973117",
        "amenity": "public_bookcase"
      },
      "geometry": {
        "type": "Point",
        "coordinates": [
          14.484957,
          50.0831069
        ]
      },
      "id": "node/10299973117"
    },
    {
      "type": "Feature",
      "properties": {
        "@id": "node/10300507702",
        "amenity": "public_bookcase",
        "opening_hours": "24/7",
        "operator": "Obecní knihovna Studenec",
        "public_bookcase:type": "shelf"
      },
      "geometry": {
        "type": "Point",
        "coordinates": [
          15.5651417,
          50.5679071
        ]
      },
      "id": "node/10300507702"
    },
    {
      "type": "Feature",
      "properties": {
        "@id": "node/10304080798",
        "access": "permissive",
        "amenity": "public_bookcase",
        "public_bookcase:type": "shelf"
      },
      "geometry": {
        "type": "Point",
        "coordinates": [
          13.9161383,
          49.2554279
        ]
      },
      "id": "node/10304080798"
    },
    {
      "type": "Feature",
      "properties": {
        "@id": "node/10310773865",
        "amenity": "public_bookcase"
      },
      "geometry": {
        "type": "Point",
        "coordinates": [
          17.8703999,
          49.5301139
        ]
      },
      "id": "node/10310773865"
    },
    {
      "type": "Feature",
      "properties": {
        "@id": "node/10314413467",
        "amenity": "public_bookcase",
        "indoor": "yes",
        "level": "-0.5",
        "name": "Veřejná knihovnička",
        "public_bookcase:type": "shelf"
      },
      "geometry": {
        "type": "Point",
        "coordinates": [
          16.5786323,
          49.2611307
        ]
      },
      "id": "node/10314413467"
    },
    {
      "type": "Feature",
      "properties": {
        "@id": "node/10539000224",
        "amenity": "public_bookcase",
        "public_bookcase:type": "wooden_cabinet"
      },
      "geometry": {
        "type": "Point",
        "coordinates": [
          14.1018522,
          49.9496053
        ]
      },
      "id": "node/10539000224"
    },
    {
      "type": "Feature",
      "properties": {
        "@id": "node/10554042255",
        "amenity": "public_bookcase",
        "opening_hours": "24/7"
      },
      "geometry": {
        "type": "Point",
        "coordinates": [
          13.9788789,
          50.9947891
        ]
      },
      "id": "node/10554042255"
    },
    {
      "type": "Feature",
      "properties": {
        "@id": "node/10554043215",
        "amenity": "public_bookcase",
        "check_date": "2025-02-22",
        "opening_hours": "24/7"
      },
      "geometry": {
        "type": "Point",
        "coordinates": [
          13.9888267,
          50.9931002
        ]
      },
      "id": "node/10554043215"
    },
    {
      "type": "Feature",
      "properties": {
        "@id": "node/10559277133",
        "amenity": "public_bookcase"
      },
      "geometry": {
        "type": "Point",
        "coordinates": [
          13.9077764,
          50.3502575
        ]
      },
      "id": "node/10559277133"
    },
    {
      "type": "Feature",
      "properties": {
        "@id": "node/10561980932",
        "amenity": "public_bookcase"
      },
      "geometry": {
        "type": "Point",
        "coordinates": [
          14.4317244,
          49.9724775
        ]
      },
      "id": "node/10561980932"
    },
    {
      "type": "Feature",
      "properties": {
        "@id": "node/10565041401",
        "amenity": "public_bookcase",
        "check_date": "2026-06-26"
      },
      "geometry": {
        "type": "Point",
        "coordinates": [
          14.3593619,
          50.1740656
        ]
      },
      "id": "node/10565041401"
    },
    {
      "type": "Feature",
      "properties": {
        "@id": "node/10578610503",
        "amenity": "public_bookcase"
      },
      "geometry": {
        "type": "Point",
        "coordinates": [
          14.9107861,
          50.0969514
        ]
      },
      "id": "node/10578610503"
    },
    {
      "type": "Feature",
      "properties": {
        "@id": "node/10587152392",
        "access": "yes",
        "amenity": "public_bookcase",
        "name": "Knihobúdka vodníka Kľučka a žabky Važinky",
        "opening_hours": "24/7",
        "public_bookcase:type": "wooden_cabinet",
        "source": "survey"
      },
      "geometry": {
        "type": "Point",
        "coordinates": [
          18.0939279,
          48.9468337
        ]
      },
      "id": "node/10587152392"
    },
    {
      "type": "Feature",
      "properties": {
        "@id": "node/10588819947",
        "amenity": "public_bookcase",
        "source": "survey"
      },
      "geometry": {
        "type": "Point",
        "coordinates": [
          13.3948916,
          49.7285953
        ]
      },
      "id": "node/10588819947"
    },
    {
      "type": "Feature",
      "properties": {
        "@id": "node/10596005792",
        "amenity": "public_bookcase"
      },
      "geometry": {
        "type": "Point",
        "coordinates": [
          13.7646503,
          50.4790156
        ]
      },
      "id": "node/10596005792"
    },
    {
      "type": "Feature",
      "properties": {
        "@id": "node/10646579839",
        "amenity": "public_bookcase",
        "location": "platform",
        "wheelchair": "yes"
      },
      "geometry": {
        "type": "Point",
        "coordinates": [
          12.1655544,
          48.9667119
        ]
      },
      "id": "node/10646579839"
    },
    {
      "type": "Feature",
      "properties": {
        "@id": "node/10659439595",
        "amenity": "public_bookcase",
        "check_date": "2026-01-18",
        "opening_hours": "24/7",
        "public_bookcase:type": "shelf"
      },
      "geometry": {
        "type": "Point",
        "coordinates": [
          14.2072503,
          49.8885325
        ]
      },
      "id": "node/10659439595"
    },
    {
      "type": "Feature",
      "properties": {
        "@id": "node/10666156670",
        "amenity": "public_bookcase",
        "check_date": "2026-06-05",
        "name": "Büchertauschbörse",
        "public_bookcase:type": "phone_box"
      },
      "geometry": {
        "type": "Point",
        "coordinates": [
          13.4559955,
          51.0007218
        ]
      },
      "id": "node/10666156670"
    },
    {
      "type": "Feature",
      "properties": {
        "@id": "node/10671897504",
        "access": "yes",
        "amenity": "public_bookcase",
        "covered": "yes",
        "indoor": "no"
      },
      "geometry": {
        "type": "Point",
        "coordinates": [
          14.9835494,
          48.7647886
        ]
      },
      "id": "node/10671897504"
    },
    {
      "type": "Feature",
      "properties": {
        "@id": "node/10677113111",
        "amenity": "public_bookcase"
      },
      "geometry": {
        "type": "Point",
        "coordinates": [
          17.0281284,
          49.3180427
        ]
      },
      "id": "node/10677113111"
    },
    {
      "type": "Feature",
      "properties": {
        "@id": "node/10696677923",
        "amenity": "public_bookcase"
      },
      "geometry": {
        "type": "Point",
        "coordinates": [
          13.2925686,
          49.3946608
        ]
      },
      "id": "node/10696677923"
    },
    {
      "type": "Feature",
      "properties": {
        "@id": "node/10701264707",
        "amenity": "public_bookcase"
      },
      "geometry": {
        "type": "Point",
        "coordinates": [
          14.5463239,
          50.0125622
        ]
      },
      "id": "node/10701264707"
    },
    {
      "type": "Feature",
      "properties": {
        "@id": "node/10705303057",
        "access": "yes",
        "amenity": "public_bookcase",
        "public_bookcase:type": "shelf",
        "wheelchair": "yes"
      },
      "geometry": {
        "type": "Point",
        "coordinates": [
          17.0784704,
          49.0212225
        ]
      },
      "id": "node/10705303057"
    },
    {
      "type": "Feature",
      "properties": {
        "@id": "node/10715744821",
        "amenity": "public_bookcase"
      },
      "geometry": {
        "type": "Point",
        "coordinates": [
          14.3076289,
          49.8335222
        ]
      },
      "id": "node/10715744821"
    },
    {
      "type": "Feature",
      "properties": {
        "@id": "node/10755616588",
        "amenity": "public_bookcase",
        "name": "Sdílená knihovna Burk"
      },
      "geometry": {
        "type": "Point",
        "coordinates": [
          17.3880223,
          49.6097249
        ]
      },
      "id": "node/10755616588"
    },
    {
      "type": "Feature",
      "properties": {
        "@id": "node/10764528833",
        "amenity": "public_bookcase",
        "public_bookcase:type": "shelf"
      },
      "geometry": {
        "type": "Point",
        "coordinates": [
          16.4292672,
          49.0850786
        ]
      },
      "id": "node/10764528833"
    },
    {
      "type": "Feature",
      "properties": {
        "@id": "node/10765406432",
        "amenity": "public_bookcase"
      },
      "geometry": {
        "type": "Point",
        "coordinates": [
          15.9511647,
          49.3659667
        ]
      },
      "id": "node/10765406432"
    },
    {
      "type": "Feature",
      "properties": {
        "@id": "node/10768272415",
        "amenity": "public_bookcase",
        "check_date": "2025-09-27"
      },
      "geometry": {
        "type": "Point",
        "coordinates": [
          14.5441897,
          50.6305811
        ]
      },
      "id": "node/10768272415"
    },
    {
      "type": "Feature",
      "properties": {
        "@id": "node/10768853310",
        "amenity": "public_bookcase",
        "name": "Lesní knihovna",
        "public_bookcase:type": "wooden_cabinet"
      },
      "geometry": {
        "type": "Point",
        "coordinates": [
          17.3566887,
          49.6724999
        ]
      },
      "id": "node/10768853310"
    },
    {
      "type": "Feature",
      "properties": {
        "@id": "node/10786666382",
        "amenity": "public_bookcase"
      },
      "geometry": {
        "type": "Point",
        "coordinates": [
          14.1122436,
          50.0480792
        ]
      },
      "id": "node/10786666382"
    },
    {
      "type": "Feature",
      "properties": {
        "@id": "node/10791296388",
        "amenity": "public_bookcase",
        "check_date": "2026-03-28"
      },
      "geometry": {
        "type": "Point",
        "coordinates": [
          13.532574,
          50.4110632
        ]
      },
      "id": "node/10791296388"
    },
    {
      "type": "Feature",
      "properties": {
        "@id": "node/10794731553",
        "amenity": "public_bookcase",
        "capacity": "100",
        "check_date": "2025-06-09",
        "lit": "no",
        "name": "Büchertauschschrank",
        "operator": "Ortsamt Prohlis",
        "public_bookcase:type": "wooden_cabinet"
      },
      "geometry": {
        "type": "Point",
        "coordinates": [
          13.761755,
          51.0273025
        ]
      },
      "id": "node/10794731553"
    },
    {
      "type": "Feature",
      "properties": {
        "@id": "node/10801067842",
        "amenity": "public_bookcase",
        "indoor": "yes",
        "name": "Sdílená knihovna"
      },
      "geometry": {
        "type": "Point",
        "coordinates": [
          15.7457228,
          49.9830303
        ]
      },
      "id": "node/10801067842"
    },
    {
      "type": "Feature",
      "properties": {
        "@id": "node/10803722848",
        "amenity": "public_bookcase"
      },
      "geometry": {
        "type": "Point",
        "coordinates": [
          16.1383628,
          49.61354
        ]
      },
      "id": "node/10803722848"
    },
    {
      "type": "Feature",
      "properties": {
        "@id": "node/10810752023",
        "amenity": "public_bookcase"
      },
      "geometry": {
        "type": "Point",
        "coordinates": [
          14.4091558,
          50.1252117
        ]
      },
      "id": "node/10810752023"
    },
    {
      "type": "Feature",
      "properties": {
        "@id": "node/10824082464",
        "amenity": "public_bookcase",
        "check_date": "2025-05-07",
        "level": "1",
        "location": "indoor"
      },
      "geometry": {
        "type": "Point",
        "coordinates": [
          14.5018618,
          50.1374907
        ]
      },
      "id": "node/10824082464"
    },
    {
      "type": "Feature",
      "properties": {
        "@id": "node/10834406983",
        "amenity": "public_bookcase",
        "opening_hours": "24/7",
        "public_bookcase:type": "shelter"
      },
      "geometry": {
        "type": "Point",
        "coordinates": [
          12.7228456,
          50.7862936
        ]
      },
      "id": "node/10834406983"
    },
    {
      "type": "Feature",
      "properties": {
        "@id": "node/10842787666",
        "access": "yes",
        "amenity": "public_bookcase",
        "opening_hours": "24/7",
        "source": "Ortofotomozaika SR;survey"
      },
      "geometry": {
        "type": "Point",
        "coordinates": [
          18.1018994,
          48.9912518
        ]
      },
      "id": "node/10842787666"
    },
    {
      "type": "Feature",
      "properties": {
        "@id": "node/10848138936",
        "amenity": "public_bookcase"
      },
      "geometry": {
        "type": "Point",
        "coordinates": [
          14.0682889,
          50.4105614
        ]
      },
      "id": "node/10848138936"
    },
    {
      "type": "Feature",
      "properties": {
        "@id": "node/10848140025",
        "amenity": "public_bookcase"
      },
      "geometry": {
        "type": "Point",
        "coordinates": [
          14.5538364,
          50.0667767
        ]
      },
      "id": "node/10848140025"
    },
    {
      "type": "Feature",
      "properties": {
        "@id": "node/10857597564",
        "amenity": "public_bookcase",
        "lit": "no",
        "name": "Bücherkiste",
        "public_bookcase:type": "shelter"
      },
      "geometry": {
        "type": "Point",
        "coordinates": [
          14.2001697,
          50.8883773
        ]
      },
      "id": "node/10857597564"
    },
    {
      "type": "Feature",
      "properties": {
        "@id": "node/10860836398",
        "amenity": "public_bookcase",
        "opening_hours": "24/7",
        "public_bookcase:type": "wooden_cabinet",
        "wheelchair": "yes"
      },
      "geometry": {
        "type": "Point",
        "coordinates": [
          16.390759,
          49.5429268
        ]
      },
      "id": "node/10860836398"
    },
    {
      "type": "Feature",
      "properties": {
        "@id": "node/10866668995",
        "amenity": "public_bookcase"
      },
      "geometry": {
        "type": "Point",
        "coordinates": [
          17.0459495,
          49.659109
        ]
      },
      "id": "node/10866668995"
    },
    {
      "type": "Feature",
      "properties": {
        "@id": "node/10889198014",
        "amenity": "public_bookcase"
      },
      "geometry": {
        "type": "Point",
        "coordinates": [
          15.1908481,
          50.0718883
        ]
      },
      "id": "node/10889198014"
    },
    {
      "type": "Feature",
      "properties": {
        "@id": "node/10900310087",
        "access": "yes",
        "amenity": "public_bookcase",
        "covered": "yes",
        "opening_hours": "24/7",
        "operator": "Zschachwitzer Dorfmeile e.V.",
        "public_bookcase:type": "shelter"
      },
      "geometry": {
        "type": "Point",
        "coordinates": [
          13.8463119,
          51.0034861
        ]
      },
      "id": "node/10900310087"
    },
    {
      "type": "Feature",
      "properties": {
        "@id": "node/10917577550",
        "amenity": "public_bookcase",
        "lit": "yes",
        "name": "Vidonínská půjčovna",
        "opening_hours": "24/7",
        "public_bookcase:type": "phone_box"
      },
      "geometry": {
        "type": "Point",
        "coordinates": [
          16.2220876,
          49.3776688
        ]
      },
      "id": "node/10917577550"
    },
    {
      "type": "Feature",
      "properties": {
        "@id": "node/10918226274",
        "amenity": "public_bookcase",
        "covered": "no",
        "lit": "no",
        "location": "outdoor",
        "public_bookcase:type": "metal_cabinet",
        "wheelchair": "no"
      },
      "geometry": {
        "type": "Point",
        "coordinates": [
          14.3736597,
          50.1692214
        ]
      },
      "id": "node/10918226274"
    },
    {
      "type": "Feature",
      "properties": {
        "@id": "node/10923420085",
        "amenity": "public_bookcase"
      },
      "geometry": {
        "type": "Point",
        "coordinates": [
          15.2611739,
          50.090155
        ]
      },
      "id": "node/10923420085"
    },
    {
      "type": "Feature",
      "properties": {
        "@id": "node/10929722775",
        "amenity": "public_bookcase",
        "check_date": "2026-03-11",
        "public_bookcase:type": "phone_box"
      },
      "geometry": {
        "type": "Point",
        "coordinates": [
          12.4671344,
          50.8500511
        ]
      },
      "id": "node/10929722775"
    },
    {
      "type": "Feature",
      "properties": {
        "@id": "node/10931672764",
        "amenity": "public_bookcase",
        "indoor": "no",
        "name": "Bücherschrank Touristinfo Jonsdorf",
        "public_bookcase:type": "wooden_cabinet"
      },
      "geometry": {
        "type": "Point",
        "coordinates": [
          14.7023249,
          50.8546479
        ]
      },
      "id": "node/10931672764"
    },
    {
      "type": "Feature",
      "properties": {
        "@id": "node/10931677329",
        "amenity": "public_bookcase",
        "capacity": "100",
        "indoor": "no",
        "noname": "yes",
        "public_bookcase:type": "shelf",
        "shelter": "yes"
      },
      "geometry": {
        "type": "Point",
        "coordinates": [
          14.743706,
          50.8417723
        ]
      },
      "id": "node/10931677329"
    },
    {
      "type": "Feature",
      "properties": {
        "@id": "node/10939200804",
        "amenity": "public_bookcase"
      },
      "geometry": {
        "type": "Point",
        "coordinates": [
          14.4780067,
          50.0455436
        ]
      },
      "id": "node/10939200804"
    },
    {
      "type": "Feature",
      "properties": {
        "@id": "node/10939684156",
        "amenity": "public_bookcase"
      },
      "geometry": {
        "type": "Point",
        "coordinates": [
          14.9906469,
          50.2625608
        ]
      },
      "id": "node/10939684156"
    },
    {
      "type": "Feature",
      "properties": {
        "@id": "node/10939732897",
        "amenity": "public_bookcase"
      },
      "geometry": {
        "type": "Point",
        "coordinates": [
          14.9856047,
          50.2559406
        ]
      },
      "id": "node/10939732897"
    },
    {
      "type": "Feature",
      "properties": {
        "@id": "node/10941375925",
        "amenity": "public_bookcase",
        "check_date": "2026-06-13"
      },
      "geometry": {
        "type": "Point",
        "coordinates": [
          14.8654633,
          50.0763503
        ]
      },
      "id": "node/10941375925"
    },
    {
      "type": "Feature",
      "properties": {
        "@id": "node/10951069605",
        "access": "yes",
        "amenity": "public_bookcase",
        "lit": "yes",
        "opening_hours": "24/7",
        "public_bookcase:type": "wooden_cabinet"
      },
      "geometry": {
        "type": "Point",
        "coordinates": [
          13.7663319,
          51.0124027
        ]
      },
      "id": "node/10951069605"
    },
    {
      "type": "Feature",
      "properties": {
        "@id": "node/10959595554",
        "amenity": "public_bookcase"
      },
      "geometry": {
        "type": "Point",
        "coordinates": [
          17.0141656,
          49.4648075
        ]
      },
      "id": "node/10959595554"
    },
    {
      "type": "Feature",
      "properties": {
        "@id": "node/10961783997",
        "amenity": "public_bookcase"
      },
      "geometry": {
        "type": "Point",
        "coordinates": [
          12.1929366,
          50.2246424
        ]
      },
      "id": "node/10961783997"
    },
    {
      "type": "Feature",
      "properties": {
        "@id": "node/10961868275",
        "amenity": "public_bookcase"
      },
      "geometry": {
        "type": "Point",
        "coordinates": [
          12.1929348,
          50.2251756
        ]
      },
      "id": "node/10961868275"
    },
    {
      "type": "Feature",
      "properties": {
        "@id": "node/10994676536",
        "amenity": "public_bookcase",
        "name": "Venkovní knihovnička"
      },
      "geometry": {
        "type": "Point",
        "coordinates": [
          16.1681122,
          49.8038643
        ]
      },
      "id": "node/10994676536"
    },
    {
      "type": "Feature",
      "properties": {
        "@id": "node/10997157697",
        "amenity": "public_bookcase",
        "brand": "Bücherbox",
        "brand:wikidata": "Q107301591",
        "lit": "no",
        "name": "Bücherbox",
        "public_bookcase:type": "phone_box"
      },
      "geometry": {
        "type": "Point",
        "coordinates": [
          12.1273811,
          50.176793
        ]
      },
      "id": "node/10997157697"
    },
    {
      "type": "Feature",
      "properties": {
        "@id": "node/11006979203",
        "amenity": "public_bookcase"
      },
      "geometry": {
        "type": "Point",
        "coordinates": [
          12.5019344,
          50.3737717
        ]
      },
      "id": "node/11006979203"
    },
    {
      "type": "Feature",
      "properties": {
        "@id": "node/11009897980",
        "amenity": "public_bookcase"
      },
      "geometry": {
        "type": "Point",
        "coordinates": [
          15.7976522,
          50.0640358
        ]
      },
      "id": "node/11009897980"
    },
    {
      "type": "Feature",
      "properties": {
        "@id": "node/11010023808",
        "amenity": "public_bookcase"
      },
      "geometry": {
        "type": "Point",
        "coordinates": [
          15.8540294,
          50.0638397
        ]
      },
      "id": "node/11010023808"
    },
    {
      "type": "Feature",
      "properties": {
        "@id": "node/11010079429",
        "amenity": "public_bookcase",
        "check_date": "2024-08-23",
        "name": "Sezemická knihovnička"
      },
      "geometry": {
        "type": "Point",
        "coordinates": [
          15.8493828,
          50.0633728
        ]
      },
      "id": "node/11010079429"
    },
    {
      "type": "Feature",
      "properties": {
        "@id": "node/11010392029",
        "amenity": "public_bookcase"
      },
      "geometry": {
        "type": "Point",
        "coordinates": [
          13.9557203,
          50.1471964
        ]
      },
      "id": "node/11010392029"
    },
    {
      "type": "Feature",
      "properties": {
        "@id": "node/11038750701",
        "amenity": "public_bookcase",
        "public_bookcase:type": "phone_box"
      },
      "geometry": {
        "type": "Point",
        "coordinates": [
          14.6122554,
          49.2132235
        ]
      },
      "id": "node/11038750701"
    },
    {
      "type": "Feature",
      "properties": {
        "@id": "node/11039732190",
        "amenity": "public_bookcase"
      },
      "geometry": {
        "type": "Point",
        "coordinates": [
          12.5309842,
          50.1179481
        ]
      },
      "id": "node/11039732190"
    },
    {
      "type": "Feature",
      "properties": {
        "@id": "node/11042733399",
        "amenity": "public_bookcase"
      },
      "geometry": {
        "type": "Point",
        "coordinates": [
          14.4495256,
          50.1181018
        ]
      },
      "id": "node/11042733399"
    },
    {
      "type": "Feature",
      "properties": {
        "@id": "node/11043386159",
        "amenity": "public_bookcase"
      },
      "geometry": {
        "type": "Point",
        "coordinates": [
          13.4387981,
          50.4960836
        ]
      },
      "id": "node/11043386159"
    },
    {
      "type": "Feature",
      "properties": {
        "@id": "node/11043400445",
        "amenity": "public_bookcase"
      },
      "geometry": {
        "type": "Point",
        "coordinates": [
          13.4473847,
          50.4986872
        ]
      },
      "id": "node/11043400445"
    },
    {
      "type": "Feature",
      "properties": {
        "@id": "node/11065717325",
        "access": "yes",
        "amenity": "public_bookcase",
        "opening_hours": "24/7",
        "public_bookcase:type": "phone_box"
      },
      "geometry": {
        "type": "Point",
        "coordinates": [
          16.5412152,
          49.5896526
        ]
      },
      "id": "node/11065717325"
    },
    {
      "type": "Feature",
      "properties": {
        "@id": "node/11066391381",
        "amenity": "public_bookcase",
        "name": "Knihobedýnka"
      },
      "geometry": {
        "type": "Point",
        "coordinates": [
          12.6676756,
          50.0264633
        ]
      },
      "id": "node/11066391381"
    },
    {
      "type": "Feature",
      "properties": {
        "@id": "node/11068529178",
        "amenity": "public_bookcase"
      },
      "geometry": {
        "type": "Point",
        "coordinates": [
          14.2215711,
          49.8501775
        ]
      },
      "id": "node/11068529178"
    },
    {
      "type": "Feature",
      "properties": {
        "@id": "node/11070812185",
        "amenity": "public_bookcase",
        "public_bookcase:type": "shelter"
      },
      "geometry": {
        "type": "Point",
        "coordinates": [
          12.0345108,
          51.0150882
        ]
      },
      "id": "node/11070812185"
    },
    {
      "type": "Feature",
      "properties": {
        "@id": "node/11076066773",
        "access": "customers",
        "amenity": "public_bookcase",
        "public_bookcase:type": "phone_box"
      },
      "geometry": {
        "type": "Point",
        "coordinates": [
          13.6512751,
          50.9148204
        ]
      },
      "id": "node/11076066773"
    },
    {
      "type": "Feature",
      "properties": {
        "@id": "node/11081881245",
        "amenity": "public_bookcase",
        "opening_hours": "24/7",
        "public_bookcase:type": "shelf",
        "wheelchair": "yes"
      },
      "geometry": {
        "type": "Point",
        "coordinates": [
          16.8282415,
          49.3651609
        ]
      },
      "id": "node/11081881245"
    },
    {
      "type": "Feature",
      "properties": {
        "@id": "node/11091107355",
        "amenity": "public_bookcase",
        "check_date": "2026-01-26",
        "public_bookcase:type": "phone_box"
      },
      "geometry": {
        "type": "Point",
        "coordinates": [
          16.6297369,
          48.6684262
        ]
      },
      "id": "node/11091107355"
    },
    {
      "type": "Feature",
      "properties": {
        "@id": "node/11096889860",
        "amenity": "public_bookcase"
      },
      "geometry": {
        "type": "Point",
        "coordinates": [
          14.2242611,
          49.8361067
        ]
      },
      "id": "node/11096889860"
    },
    {
      "type": "Feature",
      "properties": {
        "@id": "node/11096912555",
        "amenity": "public_bookcase"
      },
      "geometry": {
        "type": "Point",
        "coordinates": [
          14.2168001,
          49.8173023
        ]
      },
      "id": "node/11096912555"
    },
    {
      "type": "Feature",
      "properties": {
        "@id": "node/11096916346",
        "amenity": "public_bookcase"
      },
      "geometry": {
        "type": "Point",
        "coordinates": [
          14.0239258,
          49.5803678
        ]
      },
      "id": "node/11096916346"
    },
    {
      "type": "Feature",
      "properties": {
        "@id": "node/11096950169",
        "amenity": "public_bookcase"
      },
      "geometry": {
        "type": "Point",
        "coordinates": [
          14.2170797,
          49.8161025
        ]
      },
      "id": "node/11096950169"
    },
    {
      "type": "Feature",
      "properties": {
        "@id": "node/11097133840",
        "amenity": "public_bookcase",
        "indoor": "yes"
      },
      "geometry": {
        "type": "Point",
        "coordinates": [
          14.3565617,
          50.8313162
        ]
      },
      "id": "node/11097133840"
    },
    {
      "type": "Feature",
      "properties": {
        "@id": "node/11098851381",
        "amenity": "public_bookcase"
      },
      "geometry": {
        "type": "Point",
        "coordinates": [
          16.9957368,
          50.1036595
        ]
      },
      "id": "node/11098851381"
    },
    {
      "type": "Feature",
      "properties": {
        "@id": "node/11099345869",
        "amenity": "public_bookcase"
      },
      "geometry": {
        "type": "Point",
        "coordinates": [
          14.0282564,
          49.5754622
        ]
      },
      "id": "node/11099345869"
    },
    {
      "type": "Feature",
      "properties": {
        "@id": "node/11099383008",
        "amenity": "public_bookcase"
      },
      "geometry": {
        "type": "Point",
        "coordinates": [
          13.8579889,
          49.8063969
        ]
      },
      "id": "node/11099383008"
    },
    {
      "type": "Feature",
      "properties": {
        "@id": "node/11099392952",
        "amenity": "public_bookcase",
        "name": "Knihobudka jménem Danny"
      },
      "geometry": {
        "type": "Point",
        "coordinates": [
          13.9028114,
          50.1514483
        ]
      },
      "id": "node/11099392952"
    },
    {
      "type": "Feature",
      "properties": {
        "@id": "node/11099445250",
        "amenity": "public_bookcase",
        "name": "Knihobudka Zdice"
      },
      "geometry": {
        "type": "Point",
        "coordinates": [
          13.9786186,
          49.9129408
        ]
      },
      "id": "node/11099445250"
    },
    {
      "type": "Feature",
      "properties": {
        "@id": "node/11100976785",
        "amenity": "public_bookcase"
      },
      "geometry": {
        "type": "Point",
        "coordinates": [
          17.1511345,
          50.2289769
        ]
      },
      "id": "node/11100976785"
    },
    {
      "type": "Feature",
      "properties": {
        "@id": "node/11101061725",
        "amenity": "public_bookcase"
      },
      "geometry": {
        "type": "Point",
        "coordinates": [
          12.7310603,
          50.0487056
        ]
      },
      "id": "node/11101061725"
    },
    {
      "type": "Feature",
      "properties": {
        "@id": "node/11101232725",
        "amenity": "public_bookcase",
        "public_bookcase:type": "sculpture"
      },
      "geometry": {
        "type": "Point",
        "coordinates": [
          16.2302857,
          50.5366081
        ]
      },
      "id": "node/11101232725"
    },
    {
      "type": "Feature",
      "properties": {
        "@id": "node/11101241177",
        "amenity": "public_bookcase"
      },
      "geometry": {
        "type": "Point",
        "coordinates": [
          14.1682589,
          49.5046994
        ]
      },
      "id": "node/11101241177"
    },
    {
      "type": "Feature",
      "properties": {
        "@id": "node/11101270100",
        "amenity": "public_bookcase",
        "name": "Kniho-infobudka"
      },
      "geometry": {
        "type": "Point",
        "coordinates": [
          16.3490672,
          49.1546108
        ]
      },
      "id": "node/11101270100"
    },
    {
      "type": "Feature",
      "properties": {
        "@id": "node/11118266158",
        "amenity": "public_bookcase"
      },
      "geometry": {
        "type": "Point",
        "coordinates": [
          13.9975867,
          49.0083364
        ]
      },
      "id": "node/11118266158"
    },
    {
      "type": "Feature",
      "properties": {
        "@id": "node/11122511973",
        "amenity": "public_bookcase"
      },
      "geometry": {
        "type": "Point",
        "coordinates": [
          17.161685,
          48.9207625
        ]
      },
      "id": "node/11122511973"
    },
    {
      "type": "Feature",
      "properties": {
        "@id": "node/11132132685",
        "amenity": "public_bookcase",
        "public_bookcase:type": "phone_box"
      },
      "geometry": {
        "type": "Point",
        "coordinates": [
          14.4812313,
          49.1939234
        ]
      },
      "id": "node/11132132685"
    },
    {
      "type": "Feature",
      "properties": {
        "@id": "node/11132287309",
        "amenity": "public_bookcase",
        "capacity": "40",
        "name": "Kniho Budka"
      },
      "geometry": {
        "type": "Point",
        "coordinates": [
          15.9299309,
          49.738291
        ]
      },
      "id": "node/11132287309"
    },
    {
      "type": "Feature",
      "properties": {
        "@id": "node/11134127584",
        "amenity": "public_bookcase"
      },
      "geometry": {
        "type": "Point",
        "coordinates": [
          12.7812806,
          49.9532386
        ]
      },
      "id": "node/11134127584"
    },
    {
      "type": "Feature",
      "properties": {
        "@id": "node/11138718765",
        "amenity": "public_bookcase"
      },
      "geometry": {
        "type": "Point",
        "coordinates": [
          17.9689086,
          49.4728997
        ]
      },
      "id": "node/11138718765"
    },
    {
      "type": "Feature",
      "properties": {
        "@id": "node/11138735582",
        "addr:housenumber": "49",
        "addr:street": "Weststraße",
        "amenity": "public_bookcase",
        "check_date": "2026-06-14",
        "name": "Bücherschrank Kaßberg"
      },
      "geometry": {
        "type": "Point",
        "coordinates": [
          12.9002995,
          50.8318009
        ]
      },
      "id": "node/11138735582"
    },
    {
      "type": "Feature",
      "properties": {
        "@id": "node/11138764383",
        "addr:housenumber": "57A",
        "addr:street": "Tschaikowskistraße",
        "amenity": "public_bookcase",
        "name": "Bücherhäusl"
      },
      "geometry": {
        "type": "Point",
        "coordinates": [
          13.3326746,
          50.9040969
        ]
      },
      "id": "node/11138764383"
    },
    {
      "type": "Feature",
      "properties": {
        "@id": "node/11140388983",
        "amenity": "public_bookcase"
      },
      "geometry": {
        "type": "Point",
        "coordinates": [
          16.5603839,
          49.4809344
        ]
      },
      "id": "node/11140388983"
    },
    {
      "type": "Feature",
      "properties": {
        "@id": "node/11141965461",
        "amenity": "public_bookcase"
      },
      "geometry": {
        "type": "Point",
        "coordinates": [
          16.5461365,
          49.4073119
        ]
      },
      "id": "node/11141965461"
    },
    {
      "type": "Feature",
      "properties": {
        "@id": "node/11146188585",
        "access": "yes",
        "amenity": "public_bookcase",
        "opening_hours": "24/7"
      },
      "geometry": {
        "type": "Point",
        "coordinates": [
          18.6301793,
          49.7480784
        ]
      },
      "id": "node/11146188585"
    },
    {
      "type": "Feature",
      "properties": {
        "@id": "node/11160649654",
        "amenity": "public_bookcase"
      },
      "geometry": {
        "type": "Point",
        "coordinates": [
          12.8635175,
          50.3283103
        ]
      },
      "id": "node/11160649654"
    },
    {
      "type": "Feature",
      "properties": {
        "@id": "node/11169497847",
        "amenity": "public_bookcase",
        "name": "Öffentlicher Bücherschrank"
      },
      "geometry": {
        "type": "Point",
        "coordinates": [
          13.3562169,
          50.8919737
        ]
      },
      "id": "node/11169497847"
    },
    {
      "type": "Feature",
      "properties": {
        "@id": "node/11169544419",
        "amenity": "public_bookcase",
        "check_date": "2025-09-18"
      },
      "geometry": {
        "type": "Point",
        "coordinates": [
          14.4542872,
          50.0491319
        ]
      },
      "id": "node/11169544419"
    },
    {
      "type": "Feature",
      "properties": {
        "@id": "node/11171595569",
        "amenity": "public_bookcase",
        "lit": "no",
        "public_bookcase:type": "wooden_cabinet"
      },
      "geometry": {
        "type": "Point",
        "coordinates": [
          14.7255282,
          50.9552571
        ]
      },
      "id": "node/11171595569"
    },
    {
      "type": "Feature",
      "properties": {
        "@id": "node/11176023051",
        "amenity": "public_bookcase",
        "facebook": "https://www.facebook.com//profile.php?id=61550252860662",
        "name": "Knihobudka u lesa"
      },
      "geometry": {
        "type": "Point",
        "coordinates": [
          16.9167578,
          49.2508528
        ]
      },
      "id": "node/11176023051"
    },
    {
      "type": "Feature",
      "properties": {
        "@id": "node/11179377515",
        "access": "yes",
        "amenity": "public_bookcase",
        "indoor": "no",
        "opening_hours": "24/7",
        "public_bookcase:type": "wooden_cabinet"
      },
      "geometry": {
        "type": "Point",
        "coordinates": [
          17.1651125,
          49.1068014
        ]
      },
      "id": "node/11179377515"
    },
    {
      "type": "Feature",
      "properties": {
        "@id": "node/11187481481",
        "amenity": "public_bookcase"
      },
      "geometry": {
        "type": "Point",
        "coordinates": [
          14.7447544,
          49.1924317
        ]
      },
      "id": "node/11187481481"
    },
    {
      "type": "Feature",
      "properties": {
        "@id": "node/11199497579",
        "amenity": "public_bookcase",
        "mapillary": "2321826598192446",
        "public_bookcase:type": "reading_box"
      },
      "geometry": {
        "type": "Point",
        "coordinates": [
          13.6616162,
          50.1016362
        ]
      },
      "id": "node/11199497579"
    },
    {
      "type": "Feature",
      "properties": {
        "@id": "node/11200734561",
        "amenity": "public_bookcase",
        "opening_hours": "24/7",
        "public_bookcase:type": "wooden_cabinet"
      },
      "geometry": {
        "type": "Point",
        "coordinates": [
          16.6538506,
          48.9057676
        ]
      },
      "id": "node/11200734561"
    },
    {
      "type": "Feature",
      "properties": {
        "@id": "node/11204547255",
        "amenity": "public_bookcase"
      },
      "geometry": {
        "type": "Point",
        "coordinates": [
          13.6068469,
          49.6857819
        ]
      },
      "id": "node/11204547255"
    },
    {
      "type": "Feature",
      "properties": {
        "@id": "node/11207195197",
        "amenity": "public_bookcase"
      },
      "geometry": {
        "type": "Point",
        "coordinates": [
          13.7655892,
          48.8151847
        ]
      },
      "id": "node/11207195197"
    },
    {
      "type": "Feature",
      "properties": {
        "@id": "node/11207257970",
        "amenity": "public_bookcase"
      },
      "geometry": {
        "type": "Point",
        "coordinates": [
          15.0818119,
          50.0791367
        ]
      },
      "id": "node/11207257970"
    },
    {
      "type": "Feature",
      "properties": {
        "@id": "node/11208863901",
        "amenity": "public_bookcase",
        "check_date": "2026-04-21",
        "indoor": "yes"
      },
      "geometry": {
        "type": "Point",
        "coordinates": [
          15.3000214,
          49.9620182
        ]
      },
      "id": "node/11208863901"
    },
    {
      "type": "Feature",
      "properties": {
        "@id": "node/11209621935",
        "amenity": "public_bookcase",
        "location": "indoor",
        "opening_hours": "Mo-Fr 08:00-17:30"
      },
      "geometry": {
        "type": "Point",
        "coordinates": [
          14.3200664,
          50.0434281
        ]
      },
      "id": "node/11209621935"
    },
    {
      "type": "Feature",
      "properties": {
        "@id": "node/11218538480",
        "amenity": "public_bookcase",
        "opening_hours": "24/7",
        "public_bookcase:type": "box"
      },
      "geometry": {
        "type": "Point",
        "coordinates": [
          16.4932584,
          49.0751448
        ]
      },
      "id": "node/11218538480"
    },
    {
      "type": "Feature",
      "properties": {
        "@id": "node/11223277037",
        "amenity": "public_bookcase",
        "opening_hours": "24/7",
        "public_bookcase:type": "box"
      },
      "geometry": {
        "type": "Point",
        "coordinates": [
          16.5229469,
          49.065513
        ]
      },
      "id": "node/11223277037"
    },
    {
      "type": "Feature",
      "properties": {
        "@id": "node/11232410681",
        "amenity": "public_bookcase",
        "opening_hours": "Mar-Nov",
        "public_bookcase:type": "shelter"
      },
      "geometry": {
        "type": "Point",
        "coordinates": [
          12.0007248,
          49.5483265
        ]
      },
      "id": "node/11232410681"
    },
    {
      "type": "Feature",
      "properties": {
        "@id": "node/11234520174",
        "amenity": "public_bookcase",
        "opening_hours": "24/7",
        "public_bookcase:type": "wooden_cabinet"
      },
      "geometry": {
        "type": "Point",
        "coordinates": [
          16.244544,
          49.1240068
        ]
      },
      "id": "node/11234520174"
    },
    {
      "type": "Feature",
      "properties": {
        "@id": "node/11235485519",
        "amenity": "public_bookcase"
      },
      "geometry": {
        "type": "Point",
        "coordinates": [
          14.9853775,
          50.7117761
        ]
      },
      "id": "node/11235485519"
    },
    {
      "type": "Feature",
      "properties": {
        "@id": "node/11240957379",
        "access": "yes",
        "amenity": "public_bookcase",
        "name": "Lesní knihovna",
        "public_bookcase:type": "building"
      },
      "geometry": {
        "type": "Point",
        "coordinates": [
          14.0294589,
          48.7726719
        ]
      },
      "id": "node/11240957379"
    },
    {
      "type": "Feature",
      "properties": {
        "@id": "node/11250485380",
        "amenity": "public_bookcase"
      },
      "geometry": {
        "type": "Point",
        "coordinates": [
          15.3782817,
          50.4501406
        ]
      },
      "id": "node/11250485380"
    },
    {
      "type": "Feature",
      "properties": {
        "@id": "node/11252541052",
        "amenity": "public_bookcase",
        "name": "Knihostrom"
      },
      "geometry": {
        "type": "Point",
        "coordinates": [
          16.0365653,
          50.5178313
        ]
      },
      "id": "node/11252541052"
    },
    {
      "type": "Feature",
      "properties": {
        "@id": "node/11266022656",
        "amenity": "public_bookcase"
      },
      "geometry": {
        "type": "Point",
        "coordinates": [
          14.4419475,
          50.4758539
        ]
      },
      "id": "node/11266022656"
    },
    {
      "type": "Feature",
      "properties": {
        "@id": "node/11271673791",
        "amenity": "public_bookcase"
      },
      "geometry": {
        "type": "Point",
        "coordinates": [
          13.1604922,
          50.4132978
        ]
      },
      "id": "node/11271673791"
    },
    {
      "type": "Feature",
      "properties": {
        "@id": "node/11285752296",
        "amenity": "public_bookcase"
      },
      "geometry": {
        "type": "Point",
        "coordinates": [
          14.4559331,
          50.0897228
        ]
      },
      "id": "node/11285752296"
    },
    {
      "type": "Feature",
      "properties": {
        "@id": "node/11298697556",
        "amenity": "public_bookcase",
        "description": "2 Regale im Buswartehäuschen, rechts neben dem Eingang von der Straße aus gesehen.",
        "material": "wood",
        "public_bookcase:type": "shelf"
      },
      "geometry": {
        "type": "Point",
        "coordinates": [
          13.575115,
          51.051556
        ]
      },
      "id": "node/11298697556"
    },
    {
      "type": "Feature",
      "properties": {
        "@id": "node/11301979237",
        "amenity": "public_bookcase"
      },
      "geometry": {
        "type": "Point",
        "coordinates": [
          14.9084544,
          50.1487939
        ]
      },
      "id": "node/11301979237"
    },
    {
      "type": "Feature",
      "properties": {
        "@id": "node/11303960522",
        "amenity": "public_bookcase"
      },
      "geometry": {
        "type": "Point",
        "coordinates": [
          15.7488125,
          49.0227453
        ]
      },
      "id": "node/11303960522"
    },
    {
      "type": "Feature",
      "properties": {
        "@id": "node/11344932358",
        "amenity": "public_bookcase",
        "public_bookcase:type": "wooden_cabinet"
      },
      "geometry": {
        "type": "Point",
        "coordinates": [
          13.9431306,
          51.0064067
        ]
      },
      "id": "node/11344932358"
    },
    {
      "type": "Feature",
      "properties": {
        "@id": "node/11348068741",
        "amenity": "public_bookcase",
        "name": "Mini Knihovnička"
      },
      "geometry": {
        "type": "Point",
        "coordinates": [
          14.5127369,
          50.10465
        ]
      },
      "id": "node/11348068741"
    },
    {
      "type": "Feature",
      "properties": {
        "@id": "node/11355497046",
        "access": "yes",
        "amenity": "public_bookcase",
        "check_date": "2026-03-22",
        "contact:email": "rathaus@markt-metten.de",
        "contact:phone": "+49991998050",
        "operator": "Markt Metten",
        "public_bookcase:type": "metal_cabinet",
        "wikimedia_commons": "File:Bücherschrank (Metten).jpg"
      },
      "geometry": {
        "type": "Point",
        "coordinates": [
          12.9163873,
          48.8555648
        ]
      },
      "id": "node/11355497046"
    },
    {
      "type": "Feature",
      "properties": {
        "@id": "node/11357078370",
        "amenity": "public_bookcase",
        "check_date": "2026-03-13"
      },
      "geometry": {
        "type": "Point",
        "coordinates": [
          13.0111458,
          49.1069907
        ]
      },
      "id": "node/11357078370"
    },
    {
      "type": "Feature",
      "properties": {
        "@id": "node/11364048492",
        "amenity": "public_bookcase"
      },
      "geometry": {
        "type": "Point",
        "coordinates": [
          14.5873292,
          50.3418853
        ]
      },
      "id": "node/11364048492"
    },
    {
      "type": "Feature",
      "properties": {
        "@id": "node/11379081760",
        "amenity": "public_bookcase"
      },
      "geometry": {
        "type": "Point",
        "coordinates": [
          14.7670547,
          50.8075392
        ]
      },
      "id": "node/11379081760"
    },
    {
      "type": "Feature",
      "properties": {
        "@id": "node/11385752491",
        "amenity": "public_bookcase",
        "check_date": "2026-06-28"
      },
      "geometry": {
        "type": "Point",
        "coordinates": [
          16.3781165,
          49.9712977
        ]
      },
      "id": "node/11385752491"
    },
    {
      "type": "Feature",
      "properties": {
        "@id": "node/11391685079",
        "amenity": "public_bookcase"
      },
      "geometry": {
        "type": "Point",
        "coordinates": [
          15.2012988,
          49.1625681
        ]
      },
      "id": "node/11391685079"
    },
    {
      "type": "Feature",
      "properties": {
        "@id": "node/11393850573",
        "amenity": "public_bookcase"
      },
      "geometry": {
        "type": "Point",
        "coordinates": [
          14.5412247,
          50.0151769
        ]
      },
      "id": "node/11393850573"
    },
    {
      "type": "Feature",
      "properties": {
        "@id": "node/11401027137",
        "amenity": "public_bookcase",
        "name": "Knihobudka u Lomu"
      },
      "geometry": {
        "type": "Point",
        "coordinates": [
          14.3045234,
          50.6888228
        ]
      },
      "id": "node/11401027137"
    },
    {
      "type": "Feature",
      "properties": {
        "@id": "node/11407400465",
        "amenity": "public_bookcase",
        "public_bookcase:type": "phone_box"
      },
      "geometry": {
        "type": "Point",
        "coordinates": [
          15.8504425,
          48.5509665
        ]
      },
      "id": "node/11407400465"
    },
    {
      "type": "Feature",
      "properties": {
        "@id": "node/11417294039",
        "addr:city": "Opole",
        "addr:country": "PL",
        "addr:street": "Szczęśliwa",
        "amenity": "public_bookcase",
        "description": "Gablota do wymiany książek. Nasze hasło to: \nPRZYNIEŚ KSIĄŻKĘ DO POCZYTANIA, WEŹ STĄD INNĄ, TAKA ZAMIANA",
        "email": "rgo@um.opole.pl",
        "image": "https://www.smieciopolis.opole.pl/wp-content/uploads/2023/12/PWK-Slawice-scaled.jpg",
        "name": "Punkt Wymiany Książek",
        "opening_hours": "24/7",
        "operator": "Urząd Miasta Opola Wydział Gospodarki Odpadami Komunalnymi",
        "phone": "+48 77 45 11 846",
        "website": "https://www.smieciopolis.opole.pl/punkt-wymiany-ksiazek/"
      },
      "geometry": {
        "type": "Point",
        "coordinates": [
          17.859236,
          50.7032356
        ]
      },
      "id": "node/11417294039"
    },
    {
      "type": "Feature",
      "properties": {
        "@id": "node/11417410293",
        "addr:city": "Opole",
        "addr:country": "PL",
        "addr:street": "Jana Parandowskiego",
        "amenity": "public_bookcase",
        "capacity": "100",
        "description": "Gablota do wymiany książek. Nasze hasło: PRZYNIEŚ KSIĄŻKĘ DO POCZYTANIA WEŹ STĄD INNĄ... TAKA ZAMIANA",
        "email": "rgo@um.opole.pl",
        "image": "https://www.smieciopolis.opole.pl/wp-content/uploads/2023/12/PWK-Grudzice-scaled.jpg",
        "name": "Punkt Wymiany Książek",
        "operator": "Urząd Miasta Opola Wydział Gospodarki Odpadami Komunalnymi",
        "phone": "+48 77 45 11 846",
        "start_date": "2023-12-11",
        "website": "https://www.smieciopolis.opole.pl/punkt-wymiany-ksiazek/?hilite=pwk"
      },
      "geometry": {
        "type": "Point",
        "coordinates": [
          17.9814571,
          50.6504569
        ]
      },
      "id": "node/11417410293"
    },
    {
      "type": "Feature",
      "properties": {
        "@id": "node/11428225319",
        "amenity": "public_bookcase"
      },
      "geometry": {
        "type": "Point",
        "coordinates": [
          14.8075798,
          50.5013003
        ]
      },
      "id": "node/11428225319"
    },
    {
      "type": "Feature",
      "properties": {
        "@id": "node/11432308399",
        "amenity": "public_bookcase",
        "name": "Knihobudka Růža"
      },
      "geometry": {
        "type": "Point",
        "coordinates": [
          13.8990081,
          50.1441419
        ]
      },
      "id": "node/11432308399"
    },
    {
      "type": "Feature",
      "properties": {
        "@id": "node/11432334047",
        "amenity": "public_bookcase"
      },
      "geometry": {
        "type": "Point",
        "coordinates": [
          13.7923113,
          50.2644901
        ]
      },
      "id": "node/11432334047"
    },
    {
      "type": "Feature",
      "properties": {
        "@id": "node/11457535700",
        "amenity": "public_bookcase",
        "opening_hours": "24/7",
        "public_bookcase:type": "wooden_cabinet",
        "wheelchair": "yes"
      },
      "geometry": {
        "type": "Point",
        "coordinates": [
          16.6272164,
          49.4397692
        ]
      },
      "id": "node/11457535700"
    },
    {
      "type": "Feature",
      "properties": {
        "@id": "node/11477027260",
        "amenity": "public_bookcase",
        "covered": "no",
        "indoor": "no",
        "public_bookcase:type": "wooden_cabinet"
      },
      "geometry": {
        "type": "Point",
        "coordinates": [
          14.5039839,
          50.0680458
        ]
      },
      "id": "node/11477027260"
    },
    {
      "type": "Feature",
      "properties": {
        "@id": "node/11486095213",
        "amenity": "public_bookcase"
      },
      "geometry": {
        "type": "Point",
        "coordinates": [
          15.8510897,
          50.2140281
        ]
      },
      "id": "node/11486095213"
    },
    {
      "type": "Feature",
      "properties": {
        "@id": "node/11492613993",
        "amenity": "public_bookcase",
        "check_date": "2026-04-03",
        "opening_hours": "24/7",
        "public_bookcase:type": "wooden_cabinet"
      },
      "geometry": {
        "type": "Point",
        "coordinates": [
          16.5281838,
          49.30415
        ]
      },
      "id": "node/11492613993"
    },
    {
      "type": "Feature",
      "properties": {
        "@id": "node/11499455847",
        "amenity": "public_bookcase",
        "check_date": "2026-01-19"
      },
      "geometry": {
        "type": "Point",
        "coordinates": [
          14.3092887,
          50.0906097
        ]
      },
      "id": "node/11499455847"
    },
    {
      "type": "Feature",
      "properties": {
        "@id": "node/11499495486",
        "amenity": "public_bookcase"
      },
      "geometry": {
        "type": "Point",
        "coordinates": [
          14.6178813,
          50.082437
        ]
      },
      "id": "node/11499495486"
    },
    {
      "type": "Feature",
      "properties": {
        "@id": "node/11499579093",
        "amenity": "public_bookcase"
      },
      "geometry": {
        "type": "Point",
        "coordinates": [
          15.46471,
          49.8133847
        ]
      },
      "id": "node/11499579093"
    },
    {
      "type": "Feature",
      "properties": {
        "@id": "node/11519370543",
        "amenity": "public_bookcase",
        "lit": "no",
        "name": "Würschnitzer Bücherhäusl",
        "opening_hours": "24/7",
        "public_bookcase:type": "phone_box"
      },
      "geometry": {
        "type": "Point",
        "coordinates": [
          12.2216199,
          50.3746647
        ]
      },
      "id": "node/11519370543"
    },
    {
      "type": "Feature",
      "properties": {
        "@id": "node/11523693694",
        "amenity": "public_bookcase",
        "indoor": "no",
        "lit": "yes",
        "name": "\"Bücherbox\"",
        "operator": "Stadtwerke Schwarzenberg",
        "public_bookcase:type": "phone_box"
      },
      "geometry": {
        "type": "Point",
        "coordinates": [
          12.7875224,
          50.5469609
        ]
      },
      "id": "node/11523693694"
    },
    {
      "type": "Feature",
      "properties": {
        "@id": "node/11526168358",
        "amenity": "public_bookcase",
        "public_bookcase:type": "phone_box"
      },
      "geometry": {
        "type": "Point",
        "coordinates": [
          15.5948031,
          49.1767993
        ]
      },
      "id": "node/11526168358"
    },
    {
      "type": "Feature",
      "properties": {
        "@id": "node/11561022990",
        "amenity": "public_bookcase"
      },
      "geometry": {
        "type": "Point",
        "coordinates": [
          15.9659818,
          49.5821313
        ]
      },
      "id": "node/11561022990"
    },
    {
      "type": "Feature",
      "properties": {
        "@id": "node/11568475329",
        "amenity": "public_bookcase",
        "check_date": "2026-04-03",
        "name": "I. andrlácká veřejná knihovna"
      },
      "geometry": {
        "type": "Point",
        "coordinates": [
          16.3748433,
          49.9597675
        ]
      },
      "id": "node/11568475329"
    },
    {
      "type": "Feature",
      "properties": {
        "@id": "node/11576568575",
        "amenity": "public_bookcase"
      },
      "geometry": {
        "type": "Point",
        "coordinates": [
          14.3345472,
          50.1613875
        ]
      },
      "id": "node/11576568575"
    },
    {
      "type": "Feature",
      "properties": {
        "@id": "node/11586204310",
        "amenity": "public_bookcase"
      },
      "geometry": {
        "type": "Point",
        "coordinates": [
          16.196975,
          50.4236358
        ]
      },
      "id": "node/11586204310"
    },
    {
      "type": "Feature",
      "properties": {
        "@id": "node/11586204318",
        "amenity": "public_bookcase"
      },
      "geometry": {
        "type": "Point",
        "coordinates": [
          16.887685,
          48.7538378
        ]
      },
      "id": "node/11586204318"
    },
    {
      "type": "Feature",
      "properties": {
        "@id": "node/11611629462",
        "amenity": "public_bookcase",
        "opening_hours": "24/7",
        "public_bookcase:type": "wooden_cabinet"
      },
      "geometry": {
        "type": "Point",
        "coordinates": [
          16.0363404,
          49.1920194
        ]
      },
      "id": "node/11611629462"
    },
    {
      "type": "Feature",
      "properties": {
        "@id": "node/11612977004",
        "amenity": "public_bookcase",
        "name": "Knihosklípek"
      },
      "geometry": {
        "type": "Point",
        "coordinates": [
          14.2904822,
          49.9722145
        ]
      },
      "id": "node/11612977004"
    },
    {
      "type": "Feature",
      "properties": {
        "@id": "node/11615064338",
        "amenity": "public_bookcase"
      },
      "geometry": {
        "type": "Point",
        "coordinates": [
          13.6120413,
          49.8349292
        ]
      },
      "id": "node/11615064338"
    },
    {
      "type": "Feature",
      "properties": {
        "@id": "node/11617861065",
        "amenity": "public_bookcase"
      },
      "geometry": {
        "type": "Point",
        "coordinates": [
          15.0042797,
          49.1549422
        ]
      },
      "id": "node/11617861065"
    },
    {
      "type": "Feature",
      "properties": {
        "@id": "node/11626022300",
        "amenity": "public_bookcase"
      },
      "geometry": {
        "type": "Point",
        "coordinates": [
          15.2562647,
          50.6437045
        ]
      },
      "id": "node/11626022300"
    },
    {
      "type": "Feature",
      "properties": {
        "@id": "node/11626046880",
        "amenity": "public_bookcase"
      },
      "geometry": {
        "type": "Point",
        "coordinates": [
          14.9651117,
          50.8165475
        ]
      },
      "id": "node/11626046880"
    },
    {
      "type": "Feature",
      "properties": {
        "@id": "node/11634051091",
        "amenity": "public_bookcase",
        "seasonal": "yes"
      },
      "geometry": {
        "type": "Point",
        "coordinates": [
          14.667391,
          49.4172547
        ]
      },
      "id": "node/11634051091"
    },
    {
      "type": "Feature",
      "properties": {
        "@id": "node/11637662396",
        "amenity": "public_bookcase"
      },
      "geometry": {
        "type": "Point",
        "coordinates": [
          16.8869859,
          48.7618654
        ]
      },
      "id": "node/11637662396"
    },
    {
      "type": "Feature",
      "properties": {
        "@id": "node/11637663275",
        "amenity": "public_bookcase"
      },
      "geometry": {
        "type": "Point",
        "coordinates": [
          16.889488,
          48.7625452
        ]
      },
      "id": "node/11637663275"
    },
    {
      "type": "Feature",
      "properties": {
        "@id": "node/11664989777",
        "amenity": "public_bookcase"
      },
      "geometry": {
        "type": "Point",
        "coordinates": [
          13.9848637,
          49.898041
        ]
      },
      "id": "node/11664989777"
    },
    {
      "type": "Feature",
      "properties": {
        "@id": "node/11677959640",
        "amenity": "public_bookcase"
      },
      "geometry": {
        "type": "Point",
        "coordinates": [
          14.522739,
          50.0208485
        ]
      },
      "id": "node/11677959640"
    },
    {
      "type": "Feature",
      "properties": {
        "@id": "node/11681997048",
        "amenity": "public_bookcase",
        "check_date": "2025-06-03"
      },
      "geometry": {
        "type": "Point",
        "coordinates": [
          14.5020161,
          50.1153216
        ]
      },
      "id": "node/11681997048"
    },
    {
      "type": "Feature",
      "properties": {
        "@id": "node/11693419773",
        "amenity": "public_bookcase",
        "operator": "Bücherzelle",
        "public_bookcase:type": "phone_box"
      },
      "geometry": {
        "type": "Point",
        "coordinates": [
          13.3662298,
          50.8108626
        ]
      },
      "id": "node/11693419773"
    },
    {
      "type": "Feature",
      "properties": {
        "@id": "node/11694509789",
        "amenity": "public_bookcase",
        "name": "Srbecká knížkobudka"
      },
      "geometry": {
        "type": "Point",
        "coordinates": [
          14.0193631,
          50.143958
        ]
      },
      "id": "node/11694509789"
    },
    {
      "type": "Feature",
      "properties": {
        "@id": "node/11725087495",
        "amenity": "public_bookcase"
      },
      "geometry": {
        "type": "Point",
        "coordinates": [
          14.4605407,
          50.0482183
        ]
      },
      "id": "node/11725087495"
    },
    {
      "type": "Feature",
      "properties": {
        "@id": "node/11732226022",
        "amenity": "public_bookcase"
      },
      "geometry": {
        "type": "Point",
        "coordinates": [
          14.6401256,
          49.9222045
        ]
      },
      "id": "node/11732226022"
    },
    {
      "type": "Feature",
      "properties": {
        "@id": "node/11737061798",
        "amenity": "public_bookcase",
        "covered": "yes",
        "name": "Stephansposchinger Bücherbaum",
        "public_bookcase:type": "sculpture",
        "wikimedia_commons": "File:Bücherbaum Stephansposching.jpg"
      },
      "geometry": {
        "type": "Point",
        "coordinates": [
          12.8046754,
          48.8163374
        ]
      },
      "id": "node/11737061798"
    },
    {
      "type": "Feature",
      "properties": {
        "@id": "node/11738557019",
        "amenity": "public_bookcase"
      },
      "geometry": {
        "type": "Point",
        "coordinates": [
          13.0503951,
          48.7771304
        ]
      },
      "id": "node/11738557019"
    },
    {
      "type": "Feature",
      "properties": {
        "@id": "node/11739288382",
        "amenity": "public_bookcase",
        "public_bookcase:type": "wooden_cabinet"
      },
      "geometry": {
        "type": "Point",
        "coordinates": [
          18.1913826,
          49.9037824
        ]
      },
      "id": "node/11739288382"
    },
    {
      "type": "Feature",
      "properties": {
        "@id": "node/11746658558",
        "amenity": "public_bookcase",
        "check_date": "2025-12-11",
        "email": "smrkovskyddm@seznam.cz",
        "name": "KNIHOBUDKA Kutná Hora",
        "opening_hours": "Mo-Su 09:00-19:00",
        "phone": "737057357",
        "url": "https://www.ddmkh.cz"
      },
      "geometry": {
        "type": "Point",
        "coordinates": [
          15.2611115,
          49.9470798
        ]
      },
      "id": "node/11746658558"
    },
    {
      "type": "Feature",
      "properties": {
        "@id": "node/11746666869",
        "amenity": "public_bookcase",
        "check_date": "2026-06-03",
        "name": "Sousedská miniknihovnička"
      },
      "geometry": {
        "type": "Point",
        "coordinates": [
          14.529049,
          50.1035886
        ]
      },
      "id": "node/11746666869"
    },
    {
      "type": "Feature",
      "properties": {
        "@id": "node/11748857846",
        "amenity": "public_bookcase"
      },
      "geometry": {
        "type": "Point",
        "coordinates": [
          16.9436948,
          49.9686812
        ]
      },
      "id": "node/11748857846"
    },
    {
      "type": "Feature",
      "properties": {
        "@id": "node/11750487038",
        "amenity": "public_bookcase",
        "check_date": "2026-06-13",
        "email": "info@swapteplice.cz",
        "opening_hours": "24/7",
        "phone": "777246304"
      },
      "geometry": {
        "type": "Point",
        "coordinates": [
          13.8294869,
          50.646356
        ]
      },
      "id": "node/11750487038"
    },
    {
      "type": "Feature",
      "properties": {
        "@id": "node/11750512987",
        "amenity": "public_bookcase",
        "lit": "no",
        "public_bookcase:type": "phone_box"
      },
      "geometry": {
        "type": "Point",
        "coordinates": [
          17.3191328,
          49.6399276
        ]
      },
      "id": "node/11750512987"
    },
    {
      "type": "Feature",
      "properties": {
        "@id": "node/11750536377",
        "amenity": "public_bookcase"
      },
      "geometry": {
        "type": "Point",
        "coordinates": [
          14.5088441,
          50.0936807
        ]
      },
      "id": "node/11750536377"
    },
    {
      "type": "Feature",
      "properties": {
        "@id": "node/11750541627",
        "amenity": "public_bookcase"
      },
      "geometry": {
        "type": "Point",
        "coordinates": [
          14.5359494,
          50.0286573
        ]
      },
      "id": "node/11750541627"
    },
    {
      "type": "Feature",
      "properties": {
        "@id": "node/11751463286",
        "amenity": "public_bookcase"
      },
      "geometry": {
        "type": "Point",
        "coordinates": [
          18.5969735,
          48.7729599
        ]
      },
      "id": "node/11751463286"
    },
    {
      "type": "Feature",
      "properties": {
        "@id": "node/11755783485",
        "amenity": "public_bookcase",
        "check_date": "2026-04-11"
      },
      "geometry": {
        "type": "Point",
        "coordinates": [
          12.7588541,
          50.9012392
        ]
      },
      "id": "node/11755783485"
    },
    {
      "type": "Feature",
      "properties": {
        "@id": "node/11770820945",
        "amenity": "public_bookcase"
      },
      "geometry": {
        "type": "Point",
        "coordinates": [
          15.5799316,
          49.3997609
        ]
      },
      "id": "node/11770820945"
    },
    {
      "type": "Feature",
      "properties": {
        "@id": "node/11780445144",
        "amenity": "public_bookcase",
        "name": "Knihobudka Jana Masaryka"
      },
      "geometry": {
        "type": "Point",
        "coordinates": [
          14.4451621,
          50.0724952
        ]
      },
      "id": "node/11780445144"
    },
    {
      "type": "Feature",
      "properties": {
        "@id": "node/11782740913",
        "amenity": "public_bookcase",
        "name": "Kaspers Bücherbude",
        "public_bookcase:type": "wooden_cabinet",
        "tourism": "attraction"
      },
      "geometry": {
        "type": "Point",
        "coordinates": [
          14.1107414,
          50.9801888
        ]
      },
      "id": "node/11782740913"
    },
    {
      "type": "Feature",
      "properties": {
        "@id": "node/11786533065",
        "amenity": "public_bookcase"
      },
      "geometry": {
        "type": "Point",
        "coordinates": [
          14.5864256,
          50.0184021
        ]
      },
      "id": "node/11786533065"
    },
    {
      "type": "Feature",
      "properties": {
        "@id": "node/11787079898",
        "amenity": "public_bookcase"
      },
      "geometry": {
        "type": "Point",
        "coordinates": [
          16.942488,
          48.9051948
        ]
      },
      "id": "node/11787079898"
    },
    {
      "type": "Feature",
      "properties": {
        "@id": "node/11787080190",
        "amenity": "public_bookcase"
      },
      "geometry": {
        "type": "Point",
        "coordinates": [
          16.9343621,
          48.9051199
        ]
      },
      "id": "node/11787080190"
    },
    {
      "type": "Feature",
      "properties": {
        "@id": "node/11801836013",
        "amenity": "public_bookcase"
      },
      "geometry": {
        "type": "Point",
        "coordinates": [
          13.62148,
          50.9762089
        ]
      },
      "id": "node/11801836013"
    },
    {
      "type": "Feature",
      "properties": {
        "@id": "node/11801870721",
        "amenity": "public_bookcase"
      },
      "geometry": {
        "type": "Point",
        "coordinates": [
          13.6666419,
          50.9500394
        ]
      },
      "id": "node/11801870721"
    },
    {
      "type": "Feature",
      "properties": {
        "@id": "node/11802245536",
        "amenity": "public_bookcase",
        "name": "Zářečská necenzurovaná knihovna"
      },
      "geometry": {
        "type": "Point",
        "coordinates": [
          14.4704425,
          49.291334
        ]
      },
      "id": "node/11802245536"
    },
    {
      "type": "Feature",
      "properties": {
        "@id": "node/11804716098",
        "amenity": "public_bookcase"
      },
      "geometry": {
        "type": "Point",
        "coordinates": [
          15.2875032,
          49.0757213
        ]
      },
      "id": "node/11804716098"
    },
    {
      "type": "Feature",
      "properties": {
        "@id": "node/11806581874",
        "amenity": "public_bookcase",
        "name": "Lesní knihovna"
      },
      "geometry": {
        "type": "Point",
        "coordinates": [
          15.6927507,
          49.9839321
        ]
      },
      "id": "node/11806581874"
    },
    {
      "type": "Feature",
      "properties": {
        "@id": "node/11812130872",
        "amenity": "public_bookcase",
        "name": "Bücherwurm",
        "public_bookcase:type": "phone_box"
      },
      "geometry": {
        "type": "Point",
        "coordinates": [
          12.6559034,
          50.8233297
        ]
      },
      "id": "node/11812130872"
    },
    {
      "type": "Feature",
      "properties": {
        "@id": "node/11817224370",
        "amenity": "public_bookcase",
        "public_bookcase:type": "shelter"
      },
      "geometry": {
        "type": "Point",
        "coordinates": [
          14.545598,
          50.4162947
        ]
      },
      "id": "node/11817224370"
    },
    {
      "type": "Feature",
      "properties": {
        "@id": "node/11817224371",
        "amenity": "public_bookcase",
        "public_bookcase:type": "shelter"
      },
      "geometry": {
        "type": "Point",
        "coordinates": [
          14.5271021,
          50.4191971
        ]
      },
      "id": "node/11817224371"
    },
    {
      "type": "Feature",
      "properties": {
        "@id": "node/11818128254",
        "amenity": "public_bookcase"
      },
      "geometry": {
        "type": "Point",
        "coordinates": [
          16.6358099,
          49.2073502
        ]
      },
      "id": "node/11818128254"
    },
    {
      "type": "Feature",
      "properties": {
        "@id": "node/11829084589",
        "amenity": "public_bookcase",
        "opening_hours": "24/7",
        "public_bookcase:type": "phone_box"
      },
      "geometry": {
        "type": "Point",
        "coordinates": [
          16.6241822,
          48.8757512
        ]
      },
      "id": "node/11829084589"
    },
    {
      "type": "Feature",
      "properties": {
        "@id": "node/11830965019",
        "amenity": "public_bookcase"
      },
      "geometry": {
        "type": "Point",
        "coordinates": [
          14.5068366,
          50.0365743
        ]
      },
      "id": "node/11830965019"
    },
    {
      "type": "Feature",
      "properties": {
        "@id": "node/11849885977",
        "amenity": "public_bookcase",
        "capacity": "60",
        "colour": "Zelená",
        "description": "Veřejná knihobudka pro všechny dobré lidi. Otevřena nonstop, zdarma. Vezměte si knihu, vlože novou hned či později, nebo nikdy. Pro radost všem.",
        "lit": "no",
        "location": "outdoor",
        "name": "Knihobudka Forest Ritual",
        "operator": "Forest Ritual - řemeslný ateliér",
        "public_bookcase:type": "wooden_cabinet",
        "start_date": "2024",
        "wheelchair": "yes"
      },
      "geometry": {
        "type": "Point",
        "coordinates": [
          16.1651721,
          49.209249
        ]
      },
      "id": "node/11849885977"
    },
    {
      "type": "Feature",
      "properties": {
        "@id": "node/11860366715",
        "amenity": "public_bookcase",
        "check_date": "2026-05-31",
        "public_bookcase:type": "wooden_cabinet"
      },
      "geometry": {
        "type": "Point",
        "coordinates": [
          12.1382776,
          49.5799678
        ]
      },
      "id": "node/11860366715"
    },
    {
      "type": "Feature",
      "properties": {
        "@id": "node/11861558326",
        "amenity": "public_bookcase",
        "name": "Bücher-Haisl"
      },
      "geometry": {
        "type": "Point",
        "coordinates": [
          12.2717527,
          49.1973255
        ]
      },
      "id": "node/11861558326"
    },
    {
      "type": "Feature",
      "properties": {
        "@id": "node/11862124008",
        "amenity": "public_bookcase"
      },
      "geometry": {
        "type": "Point",
        "coordinates": [
          16.1620134,
          50.0725272
        ]
      },
      "id": "node/11862124008"
    },
    {
      "type": "Feature",
      "properties": {
        "@id": "node/11866923308",
        "amenity": "public_bookcase"
      },
      "geometry": {
        "type": "Point",
        "coordinates": [
          13.3132659,
          49.7303835
        ]
      },
      "id": "node/11866923308"
    },
    {
      "type": "Feature",
      "properties": {
        "@id": "node/11868381777",
        "amenity": "public_bookcase"
      },
      "geometry": {
        "type": "Point",
        "coordinates": [
          14.5538446,
          50.4549317
        ]
      },
      "id": "node/11868381777"
    },
    {
      "type": "Feature",
      "properties": {
        "@id": "node/11873771485",
        "amenity": "public_bookcase"
      },
      "geometry": {
        "type": "Point",
        "coordinates": [
          12.6758971,
          49.674787
        ]
      },
      "id": "node/11873771485"
    },
    {
      "type": "Feature",
      "properties": {
        "@id": "node/11873793914",
        "amenity": "public_bookcase",
        "indoor": "yes"
      },
      "geometry": {
        "type": "Point",
        "coordinates": [
          13.1994028,
          49.653341
        ]
      },
      "id": "node/11873793914"
    },
    {
      "type": "Feature",
      "properties": {
        "@id": "node/11874020021",
        "amenity": "public_bookcase",
        "name": "Knižní márnice"
      },
      "geometry": {
        "type": "Point",
        "coordinates": [
          14.6427021,
          49.6380794
        ]
      },
      "id": "node/11874020021"
    },
    {
      "type": "Feature",
      "properties": {
        "@id": "node/11878717723",
        "amenity": "public_bookcase"
      },
      "geometry": {
        "type": "Point",
        "coordinates": [
          13.7291494,
          50.9468186
        ]
      },
      "id": "node/11878717723"
    },
    {
      "type": "Feature",
      "properties": {
        "@id": "node/11890693791",
        "amenity": "public_bookcase"
      },
      "geometry": {
        "type": "Point",
        "coordinates": [
          14.6619703,
          49.5708296
        ]
      },
      "id": "node/11890693791"
    },
    {
      "type": "Feature",
      "properties": {
        "@id": "node/11900595799",
        "amenity": "public_bookcase"
      },
      "geometry": {
        "type": "Point",
        "coordinates": [
          13.9548702,
          49.5949124
        ]
      },
      "id": "node/11900595799"
    },
    {
      "type": "Feature",
      "properties": {
        "@id": "node/11900925594",
        "amenity": "public_bookcase"
      },
      "geometry": {
        "type": "Point",
        "coordinates": [
          14.5154746,
          50.2590197
        ]
      },
      "id": "node/11900925594"
    },
    {
      "type": "Feature",
      "properties": {
        "@id": "node/11901061813",
        "amenity": "public_bookcase"
      },
      "geometry": {
        "type": "Point",
        "coordinates": [
          12.4850279,
          50.8772488
        ]
      },
      "id": "node/11901061813"
    },
    {
      "type": "Feature",
      "properties": {
        "@id": "node/11909107084",
        "amenity": "public_bookcase",
        "description": "police v BUS přístřešku",
        "public_bookcase:type": "shelter"
      },
      "geometry": {
        "type": "Point",
        "coordinates": [
          15.1624405,
          50.5713389
        ]
      },
      "id": "node/11909107084"
    },
    {
      "type": "Feature",
      "properties": {
        "@id": "node/11919371005",
        "amenity": "public_bookcase"
      },
      "geometry": {
        "type": "Point",
        "coordinates": [
          14.614275,
          49.8943661
        ]
      },
      "id": "node/11919371005"
    },
    {
      "type": "Feature",
      "properties": {
        "@id": "node/11920068485",
        "alt_name": "Büchertelefonzelle Zauckerode",
        "amenity": "public_bookcase",
        "name": "Die Zackigen",
        "public_bookcase:type": "phone_box"
      },
      "geometry": {
        "type": "Point",
        "coordinates": [
          13.6360837,
          51.0150988
        ]
      },
      "id": "node/11920068485"
    },
    {
      "type": "Feature",
      "properties": {
        "@id": "node/11920532381",
        "amenity": "public_bookcase",
        "opening_hours": "24/7",
        "public_bookcase:type": "shelf"
      },
      "geometry": {
        "type": "Point",
        "coordinates": [
          16.5730098,
          48.9618832
        ]
      },
      "id": "node/11920532381"
    },
    {
      "type": "Feature",
      "properties": {
        "@id": "node/11921927709",
        "amenity": "public_bookcase"
      },
      "geometry": {
        "type": "Point",
        "coordinates": [
          17.1723752,
          49.4031992
        ]
      },
      "id": "node/11921927709"
    },
    {
      "type": "Feature",
      "properties": {
        "@id": "node/11925859872",
        "amenity": "public_bookcase"
      },
      "geometry": {
        "type": "Point",
        "coordinates": [
          14.6943283,
          50.8517036
        ]
      },
      "id": "node/11925859872"
    },
    {
      "type": "Feature",
      "properties": {
        "@id": "node/11936495290",
        "amenity": "public_bookcase"
      },
      "geometry": {
        "type": "Point",
        "coordinates": [
          13.2830575,
          50.2966087
        ]
      },
      "id": "node/11936495290"
    },
    {
      "type": "Feature",
      "properties": {
        "@id": "node/11941607117",
        "amenity": "public_bookcase"
      },
      "geometry": {
        "type": "Point",
        "coordinates": [
          14.1024905,
          49.8763092
        ]
      },
      "id": "node/11941607117"
    },
    {
      "type": "Feature",
      "properties": {
        "@id": "node/11943015750",
        "amenity": "public_bookcase",
        "opening_hours": "24/7",
        "public_bookcase:type": "shelf"
      },
      "geometry": {
        "type": "Point",
        "coordinates": [
          17.6848236,
          49.340786
        ]
      },
      "id": "node/11943015750"
    },
    {
      "type": "Feature",
      "properties": {
        "@id": "node/11945148717",
        "amenity": "public_bookcase"
      },
      "geometry": {
        "type": "Point",
        "coordinates": [
          13.0464928,
          49.1936075
        ]
      },
      "id": "node/11945148717"
    },
    {
      "type": "Feature",
      "properties": {
        "@id": "node/11951533084",
        "amenity": "public_bookcase",
        "opening_hours": "24/7"
      },
      "geometry": {
        "type": "Point",
        "coordinates": [
          12.9866706,
          50.8152615
        ]
      },
      "id": "node/11951533084"
    },
    {
      "type": "Feature",
      "properties": {
        "@id": "node/11951573852",
        "access": "yes",
        "amenity": "public_bookcase",
        "covered": "yes",
        "opening_hours": "24/7",
        "public_bookcase:type": "shelter",
        "wheelchair": "no"
      },
      "geometry": {
        "type": "Point",
        "coordinates": [
          16.5122296,
          50.2414796
        ]
      },
      "id": "node/11951573852"
    },
    {
      "type": "Feature",
      "properties": {
        "@id": "node/11953364718",
        "amenity": "public_bookcase",
        "name": "Knižní budka"
      },
      "geometry": {
        "type": "Point",
        "coordinates": [
          18.2943678,
          49.8331631
        ]
      },
      "id": "node/11953364718"
    },
    {
      "type": "Feature",
      "properties": {
        "@id": "node/11953468541",
        "amenity": "public_bookcase"
      },
      "geometry": {
        "type": "Point",
        "coordinates": [
          14.3148855,
          50.046168
        ]
      },
      "id": "node/11953468541"
    },
    {
      "type": "Feature",
      "properties": {
        "@id": "node/11962087736",
        "amenity": "public_bookcase",
        "name": "Knihobudka Přezletice"
      },
      "geometry": {
        "type": "Point",
        "coordinates": [
          14.575672,
          50.1561124
        ]
      },
      "id": "node/11962087736"
    },
    {
      "type": "Feature",
      "properties": {
        "@id": "node/11967365338",
        "amenity": "public_bookcase",
        "indoor": "yes",
        "survey:date": "2024-06-09"
      },
      "geometry": {
        "type": "Point",
        "coordinates": [
          15.8107492,
          50.2146603
        ]
      },
      "id": "node/11967365338"
    },
    {
      "type": "Feature",
      "properties": {
        "@id": "node/11967457500",
        "amenity": "public_bookcase",
        "opening_hours": "24/7",
        "public_bookcase:type": "wooden_cabinet"
      },
      "geometry": {
        "type": "Point",
        "coordinates": [
          16.5169837,
          49.1115861
        ]
      },
      "id": "node/11967457500"
    },
    {
      "type": "Feature",
      "properties": {
        "@id": "node/11971709419",
        "amenity": "public_bookcase"
      },
      "geometry": {
        "type": "Point",
        "coordinates": [
          17.3326066,
          49.4993268
        ]
      },
      "id": "node/11971709419"
    },
    {
      "type": "Feature",
      "properties": {
        "@id": "node/11975027814",
        "amenity": "public_bookcase",
        "public_bookcase:type": "phone_box"
      },
      "geometry": {
        "type": "Point",
        "coordinates": [
          14.1261722,
          50.4041798
        ]
      },
      "id": "node/11975027814"
    },
    {
      "type": "Feature",
      "properties": {
        "@id": "node/11975066761",
        "amenity": "public_bookcase",
        "public_bookcase:type": "phone_box"
      },
      "geometry": {
        "type": "Point",
        "coordinates": [
          14.046635,
          50.4063318
        ]
      },
      "id": "node/11975066761"
    },
    {
      "type": "Feature",
      "properties": {
        "@id": "node/11986052036",
        "amenity": "public_bookcase",
        "operator": "Měststká knihovna Český Krumlov",
        "public_bookcase:type": "shelf"
      },
      "geometry": {
        "type": "Point",
        "coordinates": [
          14.3167791,
          48.8103351
        ]
      },
      "id": "node/11986052036"
    },
    {
      "type": "Feature",
      "properties": {
        "@id": "node/11989241196",
        "amenity": "public_bookcase",
        "booth": "TelH_90",
        "man_made": "telephone_box",
        "public_bookcase:type": "phone_box"
      },
      "geometry": {
        "type": "Point",
        "coordinates": [
          12.355306,
          50.8982043
        ]
      },
      "id": "node/11989241196"
    },
    {
      "type": "Feature",
      "properties": {
        "@id": "node/11993376116",
        "amenity": "public_bookcase"
      },
      "geometry": {
        "type": "Point",
        "coordinates": [
          14.2267219,
          50.2789309
        ]
      },
      "id": "node/11993376116"
    },
    {
      "type": "Feature",
      "properties": {
        "@id": "node/12006650764",
        "amenity": "public_bookcase"
      },
      "geometry": {
        "type": "Point",
        "coordinates": [
          18.2278774,
          49.6749778
        ]
      },
      "id": "node/12006650764"
    },
    {
      "type": "Feature",
      "properties": {
        "@id": "node/12009581753",
        "amenity": "public_bookcase",
        "name": "Knihovna v údolíčku",
        "public_bookcase:type": "wooden_cabinet"
      },
      "geometry": {
        "type": "Point",
        "coordinates": [
          17.9799252,
          49.5555236
        ]
      },
      "id": "node/12009581753"
    },
    {
      "type": "Feature",
      "properties": {
        "@id": "node/12009659732",
        "amenity": "public_bookcase",
        "name": "Knihobudka"
      },
      "geometry": {
        "type": "Point",
        "coordinates": [
          15.2326001,
          49.5942635
        ]
      },
      "id": "node/12009659732"
    },
    {
      "type": "Feature",
      "properties": {
        "@id": "node/12012375093",
        "amenity": "public_bookcase",
        "name": "Knihobudka"
      },
      "geometry": {
        "type": "Point",
        "coordinates": [
          18.1093675,
          49.1999802
        ]
      },
      "id": "node/12012375093"
    },
    {
      "type": "Feature",
      "properties": {
        "@id": "node/12014472516",
        "amenity": "public_bookcase",
        "location": "indoor",
        "name": "Kniha do vlaku",
        "public_bookcase:type": "shelf"
      },
      "geometry": {
        "type": "Point",
        "coordinates": [
          14.3995201,
          50.0971338
        ]
      },
      "id": "node/12014472516"
    },
    {
      "type": "Feature",
      "properties": {
        "@id": "node/12014813994",
        "amenity": "public_bookcase"
      },
      "geometry": {
        "type": "Point",
        "coordinates": [
          12.580775,
          50.1348832
        ]
      },
      "id": "node/12014813994"
    },
    {
      "type": "Feature",
      "properties": {
        "@id": "node/12014838505",
        "amenity": "public_bookcase"
      },
      "geometry": {
        "type": "Point",
        "coordinates": [
          12.5801689,
          50.1343372
        ]
      },
      "id": "node/12014838505"
    },
    {
      "type": "Feature",
      "properties": {
        "@id": "node/12018490585",
        "amenity": "public_bookcase"
      },
      "geometry": {
        "type": "Point",
        "coordinates": [
          16.717624,
          49.1023037
        ]
      },
      "id": "node/12018490585"
    },
    {
      "type": "Feature",
      "properties": {
        "@id": "node/12020573879",
        "amenity": "public_bookcase"
      },
      "geometry": {
        "type": "Point",
        "coordinates": [
          12.1873726,
          50.5373309
        ]
      },
      "id": "node/12020573879"
    },
    {
      "type": "Feature",
      "properties": {
        "@id": "node/12025220870",
        "amenity": "public_bookcase"
      },
      "geometry": {
        "type": "Point",
        "coordinates": [
          14.3890975,
          50.1040489
        ]
      },
      "id": "node/12025220870"
    },
    {
      "type": "Feature",
      "properties": {
        "@id": "node/12025306367",
        "amenity": "public_bookcase"
      },
      "geometry": {
        "type": "Point",
        "coordinates": [
          13.6830647,
          49.123533
        ]
      },
      "id": "node/12025306367"
    },
    {
      "type": "Feature",
      "properties": {
        "@id": "node/12025523964",
        "amenity": "public_bookcase",
        "lit": "yes",
        "name": "Bibo",
        "website": "https://zweisiedler.com/wp/zweisiedler/bibo/"
      },
      "geometry": {
        "type": "Point",
        "coordinates": [
          13.9588754,
          51.0064479
        ]
      },
      "id": "node/12025523964"
    },
    {
      "type": "Feature",
      "properties": {
        "@id": "node/12033521648",
        "amenity": "public_bookcase"
      },
      "geometry": {
        "type": "Point",
        "coordinates": [
          17.0944771,
          49.515914
        ]
      },
      "id": "node/12033521648"
    },
    {
      "type": "Feature",
      "properties": {
        "@id": "node/12036156904",
        "access": "yes",
        "amenity": "public_bookcase",
        "name": "Knihobudka",
        "public_bookcase:type": "wooden_cabinet"
      },
      "geometry": {
        "type": "Point",
        "coordinates": [
          14.5336235,
          49.3611484
        ]
      },
      "id": "node/12036156904"
    },
    {
      "type": "Feature",
      "properties": {
        "@id": "node/12041320387",
        "amenity": "public_bookcase"
      },
      "geometry": {
        "type": "Point",
        "coordinates": [
          16.9061979,
          49.572491
        ]
      },
      "id": "node/12041320387"
    },
    {
      "type": "Feature",
      "properties": {
        "@id": "node/12041446462",
        "amenity": "public_bookcase"
      },
      "geometry": {
        "type": "Point",
        "coordinates": [
          15.6491372,
          50.079976
        ]
      },
      "id": "node/12041446462"
    },
    {
      "type": "Feature",
      "properties": {
        "@id": "node/12042066386",
        "amenity": "public_bookcase",
        "check_date": "2024-06-30",
        "indoor": "yes",
        "level": "0",
        "operator": "Centrum Historii Zajezdnia"
      },
      "geometry": {
        "type": "Point",
        "coordinates": [
          16.9913736,
          51.0964573
        ]
      },
      "id": "node/12042066386"
    },
    {
      "type": "Feature",
      "properties": {
        "@id": "node/12043069689",
        "amenity": "public_bookcase",
        "name": "Bücher-Haisl"
      },
      "geometry": {
        "type": "Point",
        "coordinates": [
          12.2794358,
          49.2018539
        ]
      },
      "id": "node/12043069689"
    },
    {
      "type": "Feature",
      "properties": {
        "@id": "node/12046760069",
        "amenity": "public_bookcase"
      },
      "geometry": {
        "type": "Point",
        "coordinates": [
          13.7188038,
          51.0416444
        ]
      },
      "id": "node/12046760069"
    },
    {
      "type": "Feature",
      "properties": {
        "@id": "node/12047295408",
        "amenity": "public_bookcase"
      },
      "geometry": {
        "type": "Point",
        "coordinates": [
          14.4672124,
          50.7963484
        ]
      },
      "id": "node/12047295408"
    },
    {
      "type": "Feature",
      "properties": {
        "@id": "node/12047573128",
        "amenity": "public_bookcase",
        "opening_hours": "24/7",
        "public_bookcase:type": "shelf"
      },
      "geometry": {
        "type": "Point",
        "coordinates": [
          13.4267532,
          49.6498584
        ]
      },
      "id": "node/12047573128"
    },
    {
      "type": "Feature",
      "properties": {
        "@id": "node/12047614255",
        "amenity": "public_bookcase"
      },
      "geometry": {
        "type": "Point",
        "coordinates": [
          13.3714891,
          50.5193347
        ]
      },
      "id": "node/12047614255"
    },
    {
      "type": "Feature",
      "properties": {
        "@id": "node/12047627069",
        "amenity": "public_bookcase"
      },
      "geometry": {
        "type": "Point",
        "coordinates": [
          13.3602867,
          50.5266073
        ]
      },
      "id": "node/12047627069"
    },
    {
      "type": "Feature",
      "properties": {
        "@id": "node/12056873370",
        "amenity": "public_bookcase"
      },
      "geometry": {
        "type": "Point",
        "coordinates": [
          13.2895053,
          50.0418028
        ]
      },
      "id": "node/12056873370"
    },
    {
      "type": "Feature",
      "properties": {
        "@id": "node/12057914727",
        "amenity": "public_bookcase",
        "capacity": "100",
        "lit": "no",
        "operator": "obec svinčany"
      },
      "geometry": {
        "type": "Point",
        "coordinates": [
          15.6446301,
          49.9586324
        ]
      },
      "id": "node/12057914727"
    },
    {
      "type": "Feature",
      "properties": {
        "@id": "node/12060751259",
        "amenity": "public_bookcase"
      },
      "geometry": {
        "type": "Point",
        "coordinates": [
          16.2685314,
          48.7763019
        ]
      },
      "id": "node/12060751259"
    },
    {
      "type": "Feature",
      "properties": {
        "@id": "node/12060884805",
        "amenity": "public_bookcase"
      },
      "geometry": {
        "type": "Point",
        "coordinates": [
          17.6840937,
          49.3988509
        ]
      },
      "id": "node/12060884805"
    },
    {
      "type": "Feature",
      "properties": {
        "@id": "node/12061494464",
        "amenity": "public_bookcase",
        "capacity": "100",
        "lit": "no",
        "public_bookcase:type": "wooden_cabinet"
      },
      "geometry": {
        "type": "Point",
        "coordinates": [
          15.6363686,
          49.9636119
        ]
      },
      "id": "node/12061494464"
    },
    {
      "type": "Feature",
      "properties": {
        "@id": "node/12063715477",
        "amenity": "public_bookcase",
        "public_bookcase:type": "glass_cabinet"
      },
      "geometry": {
        "type": "Point",
        "coordinates": [
          15.0153045,
          50.5621341
        ]
      },
      "id": "node/12063715477"
    },
    {
      "type": "Feature",
      "properties": {
        "@id": "node/12066024882",
        "amenity": "public_bookcase",
        "wikidata": "Q134267954",
        "wikimedia_commons": "File:Offener_Bücherschrank_Buchberg_am_Kamp_2025-04-27_02.jpg"
      },
      "geometry": {
        "type": "Point",
        "coordinates": [
          15.6565328,
          48.5760352
        ]
      },
      "id": "node/12066024882"
    },
    {
      "type": "Feature",
      "properties": {
        "@id": "node/12066374608",
        "amenity": "public_bookcase"
      },
      "geometry": {
        "type": "Point",
        "coordinates": [
          13.2696001,
          50.2860291
        ]
      },
      "id": "node/12066374608"
    },
    {
      "type": "Feature",
      "properties": {
        "@id": "node/12067741379",
        "amenity": "public_bookcase",
        "name": "Hračkobudka a knihobudka"
      },
      "geometry": {
        "type": "Point",
        "coordinates": [
          15.8849256,
          50.5881148
        ]
      },
      "id": "node/12067741379"
    },
    {
      "type": "Feature",
      "properties": {
        "@id": "node/12075993244",
        "amenity": "public_bookcase",
        "capacity": "100",
        "lit": "no",
        "operator": "Knihovna Svinčany",
        "public_bookcase:type": "phone_box"
      },
      "geometry": {
        "type": "Point",
        "coordinates": [
          15.641708,
          49.9755966
        ]
      },
      "id": "node/12075993244"
    },
    {
      "type": "Feature",
      "properties": {
        "@id": "node/12080132991",
        "amenity": "public_bookcase",
        "lit": "no",
        "public_bookcase:type": "wooden_cabinet"
      },
      "geometry": {
        "type": "Point",
        "coordinates": [
          15.758207,
          50.0627482
        ]
      },
      "id": "node/12080132991"
    },
    {
      "type": "Feature",
      "properties": {
        "@id": "node/12083583890",
        "amenity": "public_bookcase",
        "check_date": "2025-08-05"
      },
      "geometry": {
        "type": "Point",
        "coordinates": [
          14.5012835,
          50.1211439
        ]
      },
      "id": "node/12083583890"
    },
    {
      "type": "Feature",
      "properties": {
        "@id": "node/12087777840",
        "amenity": "public_bookcase",
        "source": "survey,gps"
      },
      "geometry": {
        "type": "Point",
        "coordinates": [
          14.4043475,
          50.6458251
        ]
      },
      "id": "node/12087777840"
    },
    {
      "type": "Feature",
      "properties": {
        "@id": "node/12091322698",
        "amenity": "public_bookcase"
      },
      "geometry": {
        "type": "Point",
        "coordinates": [
          12.7372624,
          50.5601127
        ]
      },
      "id": "node/12091322698"
    },
    {
      "type": "Feature",
      "properties": {
        "@id": "node/12092912727",
        "amenity": "public_bookcase"
      },
      "geometry": {
        "type": "Point",
        "coordinates": [
          14.8602361,
          49.994182
        ]
      },
      "id": "node/12092912727"
    },
    {
      "type": "Feature",
      "properties": {
        "@id": "node/12092914301",
        "amenity": "public_bookcase"
      },
      "geometry": {
        "type": "Point",
        "coordinates": [
          14.8802215,
          49.9898931
        ]
      },
      "id": "node/12092914301"
    },
    {
      "type": "Feature",
      "properties": {
        "@id": "node/12096737778",
        "amenity": "public_bookcase"
      },
      "geometry": {
        "type": "Point",
        "coordinates": [
          13.3903793,
          49.5902175
        ]
      },
      "id": "node/12096737778"
    },
    {
      "type": "Feature",
      "properties": {
        "@id": "node/12097044797",
        "amenity": "public_bookcase",
        "public_bookcase:type": "phone_box"
      },
      "geometry": {
        "type": "Point",
        "coordinates": [
          16.7120117,
          48.5993586
        ]
      },
      "id": "node/12097044797"
    },
    {
      "type": "Feature",
      "properties": {
        "@id": "node/12098712333",
        "amenity": "public_bookcase",
        "source": "survery, GPS"
      },
      "geometry": {
        "type": "Point",
        "coordinates": [
          18.7144234,
          48.9091321
        ]
      },
      "id": "node/12098712333"
    },
    {
      "type": "Feature",
      "properties": {
        "@id": "node/12099009990",
        "amenity": "public_bookcase",
        "lit": "no",
        "public_bookcase:type": "wooden_cabinet"
      },
      "geometry": {
        "type": "Point",
        "coordinates": [
          17.5860674,
          49.5259888
        ]
      },
      "id": "node/12099009990"
    },
    {
      "type": "Feature",
      "properties": {
        "@id": "node/12100188422",
        "amenity": "public_bookcase"
      },
      "geometry": {
        "type": "Point",
        "coordinates": [
          13.2287079,
          49.1425333
        ]
      },
      "id": "node/12100188422"
    },
    {
      "type": "Feature",
      "properties": {
        "@id": "node/12108795400",
        "amenity": "public_bookcase",
        "opening_hours": "24/7",
        "public_bookcase:type": "shelter"
      },
      "geometry": {
        "type": "Point",
        "coordinates": [
          16.1736099,
          49.650232
        ]
      },
      "id": "node/12108795400"
    },
    {
      "type": "Feature",
      "properties": {
        "@id": "node/12113124619",
        "amenity": "public_bookcase"
      },
      "geometry": {
        "type": "Point",
        "coordinates": [
          12.0869399,
          50.1982971
        ]
      },
      "id": "node/12113124619"
    },
    {
      "type": "Feature",
      "properties": {
        "@id": "node/12117136959",
        "amenity": "public_bookcase",
        "name": "Bücherzelle",
        "operator": "Brügerzentrum Leipziger Str.",
        "operator:type": "private_non_profit"
      },
      "geometry": {
        "type": "Point",
        "coordinates": [
          12.9058966,
          50.842184
        ]
      },
      "id": "node/12117136959"
    },
    {
      "type": "Feature",
      "properties": {
        "@id": "node/12117312585",
        "amenity": "public_bookcase"
      },
      "geometry": {
        "type": "Point",
        "coordinates": [
          16.6090631,
          49.1291064
        ]
      },
      "id": "node/12117312585"
    },
    {
      "type": "Feature",
      "properties": {
        "@id": "node/12121988161",
        "amenity": "public_bookcase"
      },
      "geometry": {
        "type": "Point",
        "coordinates": [
          14.317362,
          50.1611605
        ]
      },
      "id": "node/12121988161"
    },
    {
      "type": "Feature",
      "properties": {
        "@id": "node/12126100227",
        "amenity": "public_bookcase"
      },
      "geometry": {
        "type": "Point",
        "coordinates": [
          14.6747834,
          49.8365277
        ]
      },
      "id": "node/12126100227"
    },
    {
      "type": "Feature",
      "properties": {
        "@id": "node/12126212648",
        "amenity": "public_bookcase",
        "name": "Knihobudka"
      },
      "geometry": {
        "type": "Point",
        "coordinates": [
          14.5906837,
          49.835306
        ]
      },
      "id": "node/12126212648"
    },
    {
      "type": "Feature",
      "properties": {
        "@id": "node/12135742436",
        "amenity": "public_bookcase",
        "check_date": "2026-05-02",
        "public_bookcase:type": "shelf"
      },
      "geometry": {
        "type": "Point",
        "coordinates": [
          15.7319884,
          49.7992228
        ]
      },
      "id": "node/12135742436"
    },
    {
      "type": "Feature",
      "properties": {
        "@id": "node/12136232474",
        "amenity": "public_bookcase",
        "opening_hours": "24/7",
        "public_bookcase:type": "wooden_cabinet",
        "wheelchair": "yes"
      },
      "geometry": {
        "type": "Point",
        "coordinates": [
          17.2104215,
          49.2508172
        ]
      },
      "id": "node/12136232474"
    },
    {
      "type": "Feature",
      "properties": {
        "@id": "node/12136571078",
        "amenity": "public_bookcase",
        "opening_hours": "24/7",
        "operator": "Gogelmoschhaus",
        "public_bookcase:type": "reading_box"
      },
      "geometry": {
        "type": "Point",
        "coordinates": [
          14.0728363,
          51.047096
        ]
      },
      "id": "node/12136571078"
    },
    {
      "type": "Feature",
      "properties": {
        "@id": "node/12137268745",
        "amenity": "public_bookcase"
      },
      "geometry": {
        "type": "Point",
        "coordinates": [
          18.4855811,
          49.610152
        ]
      },
      "id": "node/12137268745"
    },
    {
      "type": "Feature",
      "properties": {
        "@id": "node/12137722123",
        "amenity": "public_bookcase",
        "name": "Knihobudka"
      },
      "geometry": {
        "type": "Point",
        "coordinates": [
          18.1036272,
          49.1764473
        ]
      },
      "id": "node/12137722123"
    },
    {
      "type": "Feature",
      "properties": {
        "@id": "node/12142939311",
        "amenity": "public_bookcase",
        "colour": "red",
        "name": "Knihobudka městského obvodu Pardubice II"
      },
      "geometry": {
        "type": "Point",
        "coordinates": [
          15.7564255,
          50.0450107
        ]
      },
      "id": "node/12142939311"
    },
    {
      "type": "Feature",
      "properties": {
        "@id": "node/12150361459",
        "amenity": "public_bookcase"
      },
      "geometry": {
        "type": "Point",
        "coordinates": [
          15.3545265,
          50.609611
        ]
      },
      "id": "node/12150361459"
    },
    {
      "type": "Feature",
      "properties": {
        "@id": "node/12150377611",
        "amenity": "public_bookcase"
      },
      "geometry": {
        "type": "Point",
        "coordinates": [
          14.7077533,
          49.1866289
        ]
      },
      "id": "node/12150377611"
    },
    {
      "type": "Feature",
      "properties": {
        "@id": "node/12151943022",
        "amenity": "public_bookcase"
      },
      "geometry": {
        "type": "Point",
        "coordinates": [
          14.6292338,
          50.2311135
        ]
      },
      "id": "node/12151943022"
    },
    {
      "type": "Feature",
      "properties": {
        "@id": "node/12155661859",
        "amenity": "public_bookcase",
        "public_bookcase:type": "phone_box"
      },
      "geometry": {
        "type": "Point",
        "coordinates": [
          14.5047556,
          48.5114555
        ]
      },
      "id": "node/12155661859"
    },
    {
      "type": "Feature",
      "properties": {
        "@id": "node/12160602384",
        "amenity": "public_bookcase",
        "public_bookcase:type": "wooden_cabinet",
        "support": "post"
      },
      "geometry": {
        "type": "Point",
        "coordinates": [
          15.9499011,
          48.9219035
        ]
      },
      "id": "node/12160602384"
    },
    {
      "type": "Feature",
      "properties": {
        "@id": "node/12161574589",
        "amenity": "public_bookcase",
        "check_date": "2026-04-11"
      },
      "geometry": {
        "type": "Point",
        "coordinates": [
          14.3995768,
          49.8908113
        ]
      },
      "id": "node/12161574589"
    },
    {
      "type": "Feature",
      "properties": {
        "@id": "node/12162125532",
        "amenity": "public_bookcase",
        "public_bookcase:type": "wooden_cabinet"
      },
      "geometry": {
        "type": "Point",
        "coordinates": [
          15.8251084,
          50.1536494
        ]
      },
      "id": "node/12162125532"
    },
    {
      "type": "Feature",
      "properties": {
        "@id": "node/12162325174",
        "access": "yes",
        "amenity": "public_bookcase",
        "opening_hours": "24/7",
        "public_bookcase:type": "phone_box"
      },
      "geometry": {
        "type": "Point",
        "coordinates": [
          14.6449443,
          50.2226464
        ]
      },
      "id": "node/12162325174"
    },
    {
      "type": "Feature",
      "properties": {
        "@id": "node/12162387815",
        "amenity": "public_bookcase",
        "opening_hours": "24/7",
        "public_bookcase:type": "wooden_cabinet"
      },
      "geometry": {
        "type": "Point",
        "coordinates": [
          13.4836444,
          50.5941894
        ]
      },
      "id": "node/12162387815"
    },
    {
      "type": "Feature",
      "properties": {
        "@id": "node/12163056203",
        "access": "yes",
        "amenity": "public_bookcase",
        "opening_hours": "24/7",
        "public_bookcase:type": "wooden_cabinet"
      },
      "geometry": {
        "type": "Point",
        "coordinates": [
          15.2072943,
          50.0036782
        ]
      },
      "id": "node/12163056203"
    },
    {
      "type": "Feature",
      "properties": {
        "@id": "node/12163396478",
        "access": "yes",
        "amenity": "public_bookcase",
        "opening_hours": "24/7",
        "public_bookcase:type": "shelf"
      },
      "geometry": {
        "type": "Point",
        "coordinates": [
          14.4625263,
          49.8652252
        ]
      },
      "id": "node/12163396478"
    },
    {
      "type": "Feature",
      "properties": {
        "@id": "node/12163469395",
        "access": "yes",
        "amenity": "public_bookcase",
        "public_bookcase:type": "wooden_cabinet"
      },
      "geometry": {
        "type": "Point",
        "coordinates": [
          16.6365619,
          48.8117986
        ]
      },
      "id": "node/12163469395"
    },
    {
      "type": "Feature",
      "properties": {
        "@id": "node/12165253992",
        "amenity": "public_bookcase",
        "image": "https://commons.wikimedia.org/wiki/File:Biblioteczka_do_bookcrosingu_w_Wiśle_w_Parku_Kopczyńskiego.jpg",
        "lit": "no",
        "public_bookcase:type": "wooden_cabinet",
        "wikimedia_commons": "File:Biblioteczka do bookcrosingu w Wiśle w Parku Kopczyńskiego.jpg"
      },
      "geometry": {
        "type": "Point",
        "coordinates": [
          18.8624668,
          49.6537093
        ]
      },
      "id": "node/12165253992"
    },
    {
      "type": "Feature",
      "properties": {
        "@id": "node/12171609653",
        "amenity": "public_bookcase"
      },
      "geometry": {
        "type": "Point",
        "coordinates": [
          15.2016493,
          49.1585466
        ]
      },
      "id": "node/12171609653"
    },
    {
      "type": "Feature",
      "properties": {
        "@id": "node/12175167331",
        "access": "yes",
        "amenity": "public_bookcase",
        "opening_hours": "24/7",
        "public_bookcase:type": "phone_box"
      },
      "geometry": {
        "type": "Point",
        "coordinates": [
          14.2139105,
          50.5596119
        ]
      },
      "id": "node/12175167331"
    },
    {
      "type": "Feature",
      "properties": {
        "@id": "node/12175525853",
        "amenity": "public_bookcase"
      },
      "geometry": {
        "type": "Point",
        "coordinates": [
          13.9637903,
          50.727664
        ]
      },
      "id": "node/12175525853"
    },
    {
      "type": "Feature",
      "properties": {
        "@id": "node/12176712509",
        "access": "yes",
        "amenity": "public_bookcase",
        "opening_hours": "24/7",
        "public_bookcase:type": "phone_box"
      },
      "geometry": {
        "type": "Point",
        "coordinates": [
          16.0300809,
          49.8935861
        ]
      },
      "id": "node/12176712509"
    },
    {
      "type": "Feature",
      "properties": {
        "@id": "node/12176729133",
        "access": "yes",
        "amenity": "public_bookcase",
        "opening_hours": "24/7",
        "public_bookcase:type": "wooden_cabinet"
      },
      "geometry": {
        "type": "Point",
        "coordinates": [
          14.9237776,
          50.6316707
        ]
      },
      "id": "node/12176729133"
    },
    {
      "type": "Feature",
      "properties": {
        "@id": "node/12183721832",
        "amenity": "public_bookcase",
        "opening_hours": "24/7",
        "public_bookcase:type": "phone_box"
      },
      "geometry": {
        "type": "Point",
        "coordinates": [
          14.2962599,
          49.8495502
        ]
      },
      "id": "node/12183721832"
    },
    {
      "type": "Feature",
      "properties": {
        "@id": "node/12186918784",
        "amenity": "public_bookcase",
        "opening_hours": "24/7",
        "public_bookcase:type": "shelf"
      },
      "geometry": {
        "type": "Point",
        "coordinates": [
          16.6940038,
          49.2796629
        ]
      },
      "id": "node/12186918784"
    },
    {
      "type": "Feature",
      "properties": {
        "@id": "node/12190349044",
        "access": "yes",
        "amenity": "public_bookcase",
        "opening_hours": "24/7",
        "public_bookcase:type": "reading_box"
      },
      "geometry": {
        "type": "Point",
        "coordinates": [
          14.5914664,
          49.8340044
        ]
      },
      "id": "node/12190349044"
    },
    {
      "type": "Feature",
      "properties": {
        "@id": "node/12194400000",
        "access": "yes",
        "amenity": "public_bookcase",
        "capacity": "100",
        "covered": "yes",
        "description": "Lasst das Häuschen zu einem Ort der bunten Vielfalt für mehr Bildung, Menschlichkeit und Miteinander machen. Eingeladen zum Nehmen, Geben, Tauschen und Schmökern.",
        "name": "Trompelt's Bücherhäuschen",
        "opening_hours": "24/7",
        "operator": "MTrompelt",
        "public_bookcase:type": "wooden_cabinet",
        "start_date": "2024-09-22"
      },
      "geometry": {
        "type": "Point",
        "coordinates": [
          12.3699024,
          50.7669445
        ]
      },
      "id": "node/12194400000"
    },
    {
      "type": "Feature",
      "properties": {
        "@id": "node/12195631560",
        "amenity": "public_bookcase",
        "check_date": "2024-09-23",
        "public_bookcase:type": "phone_box",
        "wikimedia_commons": "File:Bücherzelle Donaustauf.jpg"
      },
      "geometry": {
        "type": "Point",
        "coordinates": [
          12.212844,
          49.0299668
        ]
      },
      "id": "node/12195631560"
    },
    {
      "type": "Feature",
      "properties": {
        "@id": "node/12198808401",
        "amenity": "public_bookcase",
        "name": "KnihoBudka 6",
        "wikimedia_commons": "File:KnihoBudka_6_(Veřejná_knihovnička)_-_OsmAPP.jpg"
      },
      "geometry": {
        "type": "Point",
        "coordinates": [
          14.375797,
          50.08223
        ]
      },
      "id": "node/12198808401"
    },
    {
      "type": "Feature",
      "properties": {
        "@id": "node/12205717093",
        "access": "yes",
        "amenity": "public_bookcase",
        "opening_hours": "24/7"
      },
      "geometry": {
        "type": "Point",
        "coordinates": [
          14.433831,
          50.0987308
        ]
      },
      "id": "node/12205717093"
    },
    {
      "type": "Feature",
      "properties": {
        "@id": "node/12209512713",
        "amenity": "public_bookcase",
        "lit": "yes",
        "operator": "Ośrodek Kultury i Sportu – w Prószkowie",
        "public_bookcase:type": "wooden_cabinet"
      },
      "geometry": {
        "type": "Point",
        "coordinates": [
          17.8728751,
          50.5739623
        ]
      },
      "id": "node/12209512713"
    },
    {
      "type": "Feature",
      "properties": {
        "@id": "node/12209512714",
        "amenity": "public_bookcase",
        "lit": "yes",
        "operator": "Ośrodek Kultury i Sportu – w Prószkowie",
        "public_bookcase:type": "wooden_cabinet"
      },
      "geometry": {
        "type": "Point",
        "coordinates": [
          17.872924,
          50.5768498
        ]
      },
      "id": "node/12209512714"
    },
    {
      "type": "Feature",
      "properties": {
        "@id": "node/12210586081",
        "amenity": "public_bookcase"
      },
      "geometry": {
        "type": "Point",
        "coordinates": [
          12.9249566,
          50.8425245
        ]
      },
      "id": "node/12210586081"
    },
    {
      "type": "Feature",
      "properties": {
        "@id": "node/12214410082",
        "amenity": "public_bookcase"
      },
      "geometry": {
        "type": "Point",
        "coordinates": [
          15.2404038,
          50.7279972
        ]
      },
      "id": "node/12214410082"
    },
    {
      "type": "Feature",
      "properties": {
        "@id": "node/12223949270",
        "addr:street": "V Podhájí",
        "amenity": "public_bookcase",
        "description": "malá vitrína s dvířky",
        "name": "Knihobudka"
      },
      "geometry": {
        "type": "Point",
        "coordinates": [
          14.5462741,
          50.947131
        ]
      },
      "id": "node/12223949270"
    },
    {
      "type": "Feature",
      "properties": {
        "@id": "node/12231666428",
        "amenity": "public_bookcase"
      },
      "geometry": {
        "type": "Point",
        "coordinates": [
          15.7790568,
          50.0403638
        ]
      },
      "id": "node/12231666428"
    },
    {
      "type": "Feature",
      "properties": {
        "@id": "node/12237722127",
        "amenity": "public_bookcase",
        "opening_hours": "24/7",
        "public_bookcase:type": "glass_cabinet"
      },
      "geometry": {
        "type": "Point",
        "coordinates": [
          13.7471803,
          48.7474267
        ]
      },
      "id": "node/12237722127"
    },
    {
      "type": "Feature",
      "properties": {
        "@id": "node/12244721864",
        "amenity": "public_bookcase",
        "lit": "no",
        "operator": "private",
        "public_bookcase:type": "wooden_cabinet"
      },
      "geometry": {
        "type": "Point",
        "coordinates": [
          13.8096127,
          51.0181154
        ]
      },
      "id": "node/12244721864"
    },
    {
      "type": "Feature",
      "properties": {
        "@id": "node/12246779288",
        "access": "yes",
        "amenity": "public_bookcase",
        "opening_hours": "24/7",
        "public_bookcase:type": "wooden_cabinet"
      },
      "geometry": {
        "type": "Point",
        "coordinates": [
          16.2238056,
          49.8069305
        ]
      },
      "id": "node/12246779288"
    },
    {
      "type": "Feature",
      "properties": {
        "@id": "node/12255801498",
        "amenity": "public_bookcase"
      },
      "geometry": {
        "type": "Point",
        "coordinates": [
          13.791001,
          50.9904763
        ]
      },
      "id": "node/12255801498"
    },
    {
      "type": "Feature",
      "properties": {
        "@id": "node/12258458267",
        "amenity": "public_bookcase",
        "lit": "no",
        "public_bookcase:type": "wooden_cabinet"
      },
      "geometry": {
        "type": "Point",
        "coordinates": [
          13.7910043,
          50.9904746
        ]
      },
      "id": "node/12258458267"
    },
    {
      "type": "Feature",
      "properties": {
        "@id": "node/12259397878",
        "amenity": "public_bookcase",
        "capacity": "200",
        "check_date": "2024-09-17",
        "lit": "no",
        "location": "indoor",
        "public_bookcase:type": "shelf",
        "wheelchair": "yes"
      },
      "geometry": {
        "type": "Point",
        "coordinates": [
          12.0866296,
          50.8484478
        ]
      },
      "id": "node/12259397878"
    },
    {
      "type": "Feature",
      "properties": {
        "@id": "node/12259397879",
        "amenity": "public_bookcase",
        "check_date": "2024-09-17",
        "covered": "yes",
        "level": "0",
        "lit": "no",
        "public_bookcase:type": "shelf"
      },
      "geometry": {
        "type": "Point",
        "coordinates": [
          12.0825575,
          50.8780102
        ]
      },
      "id": "node/12259397879"
    },
    {
      "type": "Feature",
      "properties": {
        "@id": "node/12259397880",
        "amenity": "public_bookcase",
        "check_date": "2024-09-17",
        "lit": "no",
        "opening_hours": "24/7",
        "operator": "Stadtbibliothek Gera",
        "public_bookcase:type": "metal_cabinet",
        "wheelchair": "yes"
      },
      "geometry": {
        "type": "Point",
        "coordinates": [
          12.0789839,
          50.878243
        ]
      },
      "id": "node/12259397880"
    },
    {
      "type": "Feature",
      "properties": {
        "@id": "node/12259439240",
        "access": "yes",
        "amenity": "public_bookcase",
        "opening_hours": "24/7",
        "public_bookcase:type": "phone_box"
      },
      "geometry": {
        "type": "Point",
        "coordinates": [
          16.6173172,
          49.0369853
        ]
      },
      "id": "node/12259439240"
    },
    {
      "type": "Feature",
      "properties": {
        "@id": "node/12265736902",
        "amenity": "public_bookcase"
      },
      "geometry": {
        "type": "Point",
        "coordinates": [
          14.0392281,
          49.9488785
        ]
      },
      "id": "node/12265736902"
    },
    {
      "type": "Feature",
      "properties": {
        "@id": "node/12269445318",
        "access": "yes",
        "amenity": "public_bookcase",
        "opening_hours": "24/7",
        "public_bookcase:type": "reading_box"
      },
      "geometry": {
        "type": "Point",
        "coordinates": [
          14.5057114,
          50.267433
        ]
      },
      "id": "node/12269445318"
    },
    {
      "type": "Feature",
      "properties": {
        "@id": "node/12269515667",
        "access": "yes",
        "amenity": "public_bookcase",
        "opening_hours": "24/7",
        "public_bookcase:type": "reading_box"
      },
      "geometry": {
        "type": "Point",
        "coordinates": [
          14.5182341,
          49.8166617
        ]
      },
      "id": "node/12269515667"
    },
    {
      "type": "Feature",
      "properties": {
        "@id": "node/12269678814",
        "amenity": "public_bookcase"
      },
      "geometry": {
        "type": "Point",
        "coordinates": [
          14.5340882,
          50.2189169
        ]
      },
      "id": "node/12269678814"
    },
    {
      "type": "Feature",
      "properties": {
        "@id": "node/12273142863",
        "amenity": "public_bookcase"
      },
      "geometry": {
        "type": "Point",
        "coordinates": [
          17.9947008,
          49.3412969
        ]
      },
      "id": "node/12273142863"
    },
    {
      "type": "Feature",
      "properties": {
        "@id": "node/12278333730",
        "amenity": "public_bookcase"
      },
      "geometry": {
        "type": "Point",
        "coordinates": [
          14.7013229,
          50.8277706
        ]
      },
      "id": "node/12278333730"
    },
    {
      "type": "Feature",
      "properties": {
        "@id": "node/12278427459",
        "amenity": "public_bookcase",
        "name": "Knihovna",
        "opening_hours": "Fr 15:00-17:00"
      },
      "geometry": {
        "type": "Point",
        "coordinates": [
          17.6250483,
          49.5449039
        ]
      },
      "id": "node/12278427459"
    },
    {
      "type": "Feature",
      "properties": {
        "@id": "node/12278920237",
        "amenity": "public_bookcase",
        "name": "landuni Bankerl",
        "public_bookcase:type": "wooden_cabinet"
      },
      "geometry": {
        "type": "Point",
        "coordinates": [
          15.613337,
          48.870012
        ]
      },
      "id": "node/12278920237"
    },
    {
      "type": "Feature",
      "properties": {
        "@id": "node/12280785847",
        "amenity": "public_bookcase",
        "public_bookcase:type": "reading_box"
      },
      "geometry": {
        "type": "Point",
        "coordinates": [
          12.7754412,
          48.8451842
        ]
      },
      "id": "node/12280785847"
    },
    {
      "type": "Feature",
      "properties": {
        "@id": "node/12287547639",
        "amenity": "public_bookcase"
      },
      "geometry": {
        "type": "Point",
        "coordinates": [
          17.124348,
          51.0713596
        ]
      },
      "id": "node/12287547639"
    },
    {
      "type": "Feature",
      "properties": {
        "@id": "node/12288272020",
        "amenity": "public_bookcase"
      },
      "geometry": {
        "type": "Point",
        "coordinates": [
          14.6802604,
          50.1059069
        ]
      },
      "id": "node/12288272020"
    },
    {
      "type": "Feature",
      "properties": {
        "@id": "node/12288279166",
        "amenity": "public_bookcase",
        "indoor": "yes"
      },
      "geometry": {
        "type": "Point",
        "coordinates": [
          14.7579117,
          49.149749
        ]
      },
      "id": "node/12288279166"
    },
    {
      "type": "Feature",
      "properties": {
        "@id": "node/12288285048",
        "amenity": "public_bookcase",
        "indoor": "yes"
      },
      "geometry": {
        "type": "Point",
        "coordinates": [
          14.756776,
          49.1457912
        ]
      },
      "id": "node/12288285048"
    },
    {
      "type": "Feature",
      "properties": {
        "@id": "node/12288286277",
        "amenity": "public_bookcase"
      },
      "geometry": {
        "type": "Point",
        "coordinates": [
          14.6757995,
          50.1023954
        ]
      },
      "id": "node/12288286277"
    },
    {
      "type": "Feature",
      "properties": {
        "@id": "node/12288291535",
        "amenity": "public_bookcase",
        "indoor": "yes"
      },
      "geometry": {
        "type": "Point",
        "coordinates": [
          14.7593111,
          49.1561893
        ]
      },
      "id": "node/12288291535"
    },
    {
      "type": "Feature",
      "properties": {
        "@id": "node/12304119054",
        "amenity": "public_bookcase"
      },
      "geometry": {
        "type": "Point",
        "coordinates": [
          13.9489369,
          50.934612
        ]
      },
      "id": "node/12304119054"
    },
    {
      "type": "Feature",
      "properties": {
        "@id": "node/12307152985",
        "amenity": "public_bookcase",
        "public_bookcase:type": "phone_box"
      },
      "geometry": {
        "type": "Point",
        "coordinates": [
          12.8861825,
          49.0807334
        ]
      },
      "id": "node/12307152985"
    },
    {
      "type": "Feature",
      "properties": {
        "@id": "node/12318346141",
        "amenity": "public_bookcase",
        "indoor": "yes",
        "lit": "no",
        "public_bookcase:type": "wooden_cabinet",
        "wheelchair": "limited"
      },
      "geometry": {
        "type": "Point",
        "coordinates": [
          17.5730325,
          49.5291281
        ]
      },
      "id": "node/12318346141"
    },
    {
      "type": "Feature",
      "properties": {
        "@id": "node/12319498255",
        "amenity": "public_bookcase"
      },
      "geometry": {
        "type": "Point",
        "coordinates": [
          18.779469,
          49.2160648
        ]
      },
      "id": "node/12319498255"
    },
    {
      "type": "Feature",
      "properties": {
        "@id": "node/12334193346",
        "access": "yes",
        "amenity": "public_bookcase",
        "indoor": "yes",
        "name": "Kniha do vlaku",
        "public_bookcase:type": "shelf",
        "wheelchair": "yes"
      },
      "geometry": {
        "type": "Point",
        "coordinates": [
          14.5914725,
          50.0340019
        ]
      },
      "id": "node/12334193346"
    },
    {
      "type": "Feature",
      "properties": {
        "@id": "node/12335497558",
        "amenity": "public_bookcase",
        "opening_hours": "24/7",
        "public_bookcase:type": "shelf"
      },
      "geometry": {
        "type": "Point",
        "coordinates": [
          17.8085117,
          49.4431219
        ]
      },
      "id": "node/12335497558"
    },
    {
      "type": "Feature",
      "properties": {
        "@id": "node/12337692754",
        "amenity": "public_bookcase"
      },
      "geometry": {
        "type": "Point",
        "coordinates": [
          12.5592427,
          50.2452502
        ]
      },
      "id": "node/12337692754"
    },
    {
      "type": "Feature",
      "properties": {
        "@id": "node/12351532897",
        "amenity": "public_bookcase"
      },
      "geometry": {
        "type": "Point",
        "coordinates": [
          13.8800301,
          49.9404175
        ]
      },
      "id": "node/12351532897"
    },
    {
      "type": "Feature",
      "properties": {
        "@id": "node/12351894143",
        "amenity": "public_bookcase",
        "public_bookcase:type": "wooden_cabinet"
      },
      "geometry": {
        "type": "Point",
        "coordinates": [
          18.7209398,
          49.6472818
        ]
      },
      "id": "node/12351894143"
    },
    {
      "type": "Feature",
      "properties": {
        "@id": "node/12358940916",
        "amenity": "public_bookcase",
        "check_date": "2026-03-08",
        "operator": "UM Opole",
        "public_bookcase:type": "metal_cabinet"
      },
      "geometry": {
        "type": "Point",
        "coordinates": [
          17.9707443,
          50.6763115
        ]
      },
      "id": "node/12358940916"
    },
    {
      "type": "Feature",
      "properties": {
        "@id": "node/12359341317",
        "amenity": "public_bookcase"
      },
      "geometry": {
        "type": "Point",
        "coordinates": [
          14.7194672,
          49.8684704
        ]
      },
      "id": "node/12359341317"
    },
    {
      "type": "Feature",
      "properties": {
        "@id": "node/12368352593",
        "access": "yes",
        "amenity": "public_bookcase",
        "opening_hours": "24/7",
        "public_bookcase:type": "metal_cabinet"
      },
      "geometry": {
        "type": "Point",
        "coordinates": [
          16.8841534,
          48.7564159
        ]
      },
      "id": "node/12368352593"
    },
    {
      "type": "Feature",
      "properties": {
        "@id": "node/12373368939",
        "amenity": "public_bookcase"
      },
      "geometry": {
        "type": "Point",
        "coordinates": [
          14.2386895,
          49.9163383
        ]
      },
      "id": "node/12373368939"
    },
    {
      "type": "Feature",
      "properties": {
        "@id": "node/12373456106",
        "amenity": "public_bookcase"
      },
      "geometry": {
        "type": "Point",
        "coordinates": [
          13.848251,
          49.6057709
        ]
      },
      "id": "node/12373456106"
    },
    {
      "type": "Feature",
      "properties": {
        "@id": "node/12373994772",
        "amenity": "public_bookcase"
      },
      "geometry": {
        "type": "Point",
        "coordinates": [
          15.7198485,
          50.0245742
        ]
      },
      "id": "node/12373994772"
    },
    {
      "type": "Feature",
      "properties": {
        "@id": "node/12374093746",
        "amenity": "public_bookcase"
      },
      "geometry": {
        "type": "Point",
        "coordinates": [
          12.8476876,
          50.2386334
        ]
      },
      "id": "node/12374093746"
    },
    {
      "type": "Feature",
      "properties": {
        "@id": "node/12375727315",
        "amenity": "public_bookcase",
        "note": "Přístupná v otevírací době Café Loggie"
      },
      "geometry": {
        "type": "Point",
        "coordinates": [
          15.3778459,
          50.4495571
        ]
      },
      "id": "node/12375727315"
    },
    {
      "type": "Feature",
      "properties": {
        "@id": "node/12375761094",
        "amenity": "public_bookcase"
      },
      "geometry": {
        "type": "Point",
        "coordinates": [
          13.9392303,
          50.6736847
        ]
      },
      "id": "node/12375761094"
    },
    {
      "type": "Feature",
      "properties": {
        "@id": "node/12375783110",
        "amenity": "public_bookcase"
      },
      "geometry": {
        "type": "Point",
        "coordinates": [
          14.7301975,
          50.0464254
        ]
      },
      "id": "node/12375783110"
    },
    {
      "type": "Feature",
      "properties": {
        "@id": "node/12376372398",
        "amenity": "public_bookcase",
        "indoor": "yes",
        "note": "Knihobudka se nachází v čekárně pro cestující",
        "opening_hours": "04:00-20:30"
      },
      "geometry": {
        "type": "Point",
        "coordinates": [
          14.7228537,
          50.0745028
        ]
      },
      "id": "node/12376372398"
    },
    {
      "type": "Feature",
      "properties": {
        "@id": "node/12376420655",
        "amenity": "public_bookcase",
        "name": "Sousedská knihovna"
      },
      "geometry": {
        "type": "Point",
        "coordinates": [
          14.4373648,
          50.212189
        ]
      },
      "id": "node/12376420655"
    },
    {
      "type": "Feature",
      "properties": {
        "@id": "node/12382038603",
        "amenity": "public_bookcase"
      },
      "geometry": {
        "type": "Point",
        "coordinates": [
          14.1754116,
          49.932163
        ]
      },
      "id": "node/12382038603"
    },
    {
      "type": "Feature",
      "properties": {
        "@id": "node/12385218637",
        "amenity": "public_bookcase",
        "wikimedia_commons": "File:Lipník (MB), knihobudka (02).jpg"
      },
      "geometry": {
        "type": "Point",
        "coordinates": [
          14.9136886,
          50.2725241
        ]
      },
      "id": "node/12385218637"
    },
    {
      "type": "Feature",
      "properties": {
        "@id": "node/12390310877",
        "amenity": "public_bookcase",
        "name": "Boršov, knihobudka"
      },
      "geometry": {
        "type": "Point",
        "coordinates": [
          15.4347889,
          49.4040066
        ]
      },
      "id": "node/12390310877"
    },
    {
      "type": "Feature",
      "properties": {
        "@id": "node/12396249645",
        "amenity": "public_bookcase",
        "indoor": "no"
      },
      "geometry": {
        "type": "Point",
        "coordinates": [
          16.7276857,
          49.1643639
        ]
      },
      "id": "node/12396249645"
    },
    {
      "type": "Feature",
      "properties": {
        "@id": "node/12396455595",
        "amenity": "public_bookcase"
      },
      "geometry": {
        "type": "Point",
        "coordinates": [
          14.7560066,
          50.0384169
        ]
      },
      "id": "node/12396455595"
    },
    {
      "type": "Feature",
      "properties": {
        "@id": "node/12396493972",
        "amenity": "public_bookcase"
      },
      "geometry": {
        "type": "Point",
        "coordinates": [
          14.4421664,
          50.0616597
        ]
      },
      "id": "node/12396493972"
    },
    {
      "type": "Feature",
      "properties": {
        "@id": "node/12396505095",
        "amenity": "public_bookcase"
      },
      "geometry": {
        "type": "Point",
        "coordinates": [
          14.4386747,
          50.0621991
        ]
      },
      "id": "node/12396505095"
    },
    {
      "type": "Feature",
      "properties": {
        "@id": "node/12396522524",
        "amenity": "public_bookcase"
      },
      "geometry": {
        "type": "Point",
        "coordinates": [
          14.5931247,
          49.8313167
        ]
      },
      "id": "node/12396522524"
    },
    {
      "type": "Feature",
      "properties": {
        "@id": "node/12407150893",
        "amenity": "public_bookcase"
      },
      "geometry": {
        "type": "Point",
        "coordinates": [
          16.9689121,
          49.7568365
        ]
      },
      "id": "node/12407150893"
    },
    {
      "type": "Feature",
      "properties": {
        "@id": "node/12409603803",
        "amenity": "public_bookcase"
      },
      "geometry": {
        "type": "Point",
        "coordinates": [
          13.991741,
          50.1388053
        ]
      },
      "id": "node/12409603803"
    },
    {
      "type": "Feature",
      "properties": {
        "@id": "node/12409628856",
        "amenity": "public_bookcase"
      },
      "geometry": {
        "type": "Point",
        "coordinates": [
          14.5564583,
          50.0471026
        ]
      },
      "id": "node/12409628856"
    },
    {
      "type": "Feature",
      "properties": {
        "@id": "node/12416147890",
        "amenity": "public_bookcase",
        "name": "Knihobudka Na Rozcestí",
        "opening_hours": "Pátek 18:00 - 23:00 , Sobota 18:00 - 23:00"
      },
      "geometry": {
        "type": "Point",
        "coordinates": [
          13.7477779,
          49.2537089
        ]
      },
      "id": "node/12416147890"
    },
    {
      "type": "Feature",
      "properties": {
        "@id": "node/12431583884",
        "amenity": "public_bookcase"
      },
      "geometry": {
        "type": "Point",
        "coordinates": [
          14.5297319,
          50.2318521
        ]
      },
      "id": "node/12431583884"
    },
    {
      "type": "Feature",
      "properties": {
        "@id": "node/12437207303",
        "amenity": "public_bookcase",
        "brand": "Öffentlicher Bücherschrank",
        "name": "Öffentlicher Bücherschrank"
      },
      "geometry": {
        "type": "Point",
        "coordinates": [
          12.6427277,
          50.5944114
        ]
      },
      "id": "node/12437207303"
    },
    {
      "type": "Feature",
      "properties": {
        "@id": "node/12441495370",
        "amenity": "public_bookcase",
        "public_bookcase:type": "wooden_cabinet"
      },
      "geometry": {
        "type": "Point",
        "coordinates": [
          14.6636987,
          49.9973727
        ]
      },
      "id": "node/12441495370"
    },
    {
      "type": "Feature",
      "properties": {
        "@id": "node/12443457635",
        "amenity": "public_bookcase"
      },
      "geometry": {
        "type": "Point",
        "coordinates": [
          14.4140695,
          50.0488016
        ]
      },
      "id": "node/12443457635"
    },
    {
      "type": "Feature",
      "properties": {
        "@id": "node/12456340759",
        "amenity": "public_bookcase",
        "lit": "no",
        "name": "Bücherbox",
        "public_bookcase:type": "phone_box"
      },
      "geometry": {
        "type": "Point",
        "coordinates": [
          13.8219329,
          51.0630092
        ]
      },
      "id": "node/12456340759"
    },
    {
      "type": "Feature",
      "properties": {
        "@id": "node/12462548890",
        "amenity": "public_bookcase"
      },
      "geometry": {
        "type": "Point",
        "coordinates": [
          14.1246376,
          49.8807514
        ]
      },
      "id": "node/12462548890"
    },
    {
      "type": "Feature",
      "properties": {
        "@id": "node/12462554246",
        "amenity": "public_bookcase"
      },
      "geometry": {
        "type": "Point",
        "coordinates": [
          14.0773303,
          50.1893123
        ]
      },
      "id": "node/12462554246"
    },
    {
      "type": "Feature",
      "properties": {
        "@id": "node/12462765725",
        "access": "yes",
        "amenity": "public_bookcase",
        "name": "knihobudka Vracov"
      },
      "geometry": {
        "type": "Point",
        "coordinates": [
          17.2190158,
          48.9764659
        ]
      },
      "id": "node/12462765725"
    },
    {
      "type": "Feature",
      "properties": {
        "@id": "node/12463799758",
        "access": "yes",
        "amenity": "public_bookcase",
        "opening_hours": "24/7",
        "public_bookcase:type": "wooden_cabinet",
        "wheelchair": "no"
      },
      "geometry": {
        "type": "Point",
        "coordinates": [
          13.8807245,
          50.037796
        ]
      },
      "id": "node/12463799758"
    },
    {
      "type": "Feature",
      "properties": {
        "@id": "node/12466603801",
        "amenity": "public_bookcase"
      },
      "geometry": {
        "type": "Point",
        "coordinates": [
          15.9273619,
          49.9393601
        ]
      },
      "id": "node/12466603801"
    },
    {
      "type": "Feature",
      "properties": {
        "@id": "node/12478530958",
        "amenity": "public_bookcase"
      },
      "geometry": {
        "type": "Point",
        "coordinates": [
          14.659311,
          50.1864171
        ]
      },
      "id": "node/12478530958"
    },
    {
      "type": "Feature",
      "properties": {
        "@id": "node/12478917146",
        "amenity": "public_bookcase"
      },
      "geometry": {
        "type": "Point",
        "coordinates": [
          14.5650691,
          50.0233005
        ]
      },
      "id": "node/12478917146"
    },
    {
      "type": "Feature",
      "properties": {
        "@id": "node/12478923628",
        "amenity": "public_bookcase"
      },
      "geometry": {
        "type": "Point",
        "coordinates": [
          14.0500201,
          50.1043123
        ]
      },
      "id": "node/12478923628"
    },
    {
      "type": "Feature",
      "properties": {
        "@id": "node/12478948269",
        "amenity": "public_bookcase",
        "name": "Knihubudka v Oboře"
      },
      "geometry": {
        "type": "Point",
        "coordinates": [
          18.2228396,
          49.6208142
        ]
      },
      "id": "node/12478948269"
    },
    {
      "type": "Feature",
      "properties": {
        "@id": "node/12480374117",
        "amenity": "public_bookcase"
      },
      "geometry": {
        "type": "Point",
        "coordinates": [
          14.4939062,
          48.7390122
        ]
      },
      "id": "node/12480374117"
    },
    {
      "type": "Feature",
      "properties": {
        "@id": "node/12480416445",
        "amenity": "public_bookcase",
        "name": "Kniknihobudka v Nemocnici"
      },
      "geometry": {
        "type": "Point",
        "coordinates": [
          18.355595,
          49.6896133
        ]
      },
      "id": "node/12480416445"
    },
    {
      "type": "Feature",
      "properties": {
        "@id": "node/12480491511",
        "amenity": "public_bookcase"
      },
      "geometry": {
        "type": "Point",
        "coordinates": [
          16.8827879,
          48.7527506
        ]
      },
      "id": "node/12480491511"
    },
    {
      "type": "Feature",
      "properties": {
        "@id": "node/12484558882",
        "amenity": "public_bookcase",
        "name": "Bohuslavice - knihobudka"
      },
      "geometry": {
        "type": "Point",
        "coordinates": [
          15.5745751,
          49.1495385
        ]
      },
      "id": "node/12484558882"
    },
    {
      "type": "Feature",
      "properties": {
        "@id": "node/12484906247",
        "amenity": "public_bookcase"
      },
      "geometry": {
        "type": "Point",
        "coordinates": [
          13.6580833,
          50.5109745
        ]
      },
      "id": "node/12484906247"
    },
    {
      "type": "Feature",
      "properties": {
        "@id": "node/12488142179",
        "amenity": "public_bookcase",
        "name": "Knihobudka Frýdek-Místek u nádraží"
      },
      "geometry": {
        "type": "Point",
        "coordinates": [
          18.3544425,
          49.677904
        ]
      },
      "id": "node/12488142179"
    },
    {
      "type": "Feature",
      "properties": {
        "@id": "node/12488198622",
        "amenity": "public_bookcase"
      },
      "geometry": {
        "type": "Point",
        "coordinates": [
          15.523058,
          49.4054315
        ]
      },
      "id": "node/12488198622"
    },
    {
      "type": "Feature",
      "properties": {
        "@id": "node/12488655256",
        "amenity": "public_bookcase"
      },
      "geometry": {
        "type": "Point",
        "coordinates": [
          14.5470819,
          49.4703788
        ]
      },
      "id": "node/12488655256"
    },
    {
      "type": "Feature",
      "properties": {
        "@id": "node/12495951448",
        "amenity": "public_bookcase"
      },
      "geometry": {
        "type": "Point",
        "coordinates": [
          14.4360828,
          50.1005595
        ]
      },
      "id": "node/12495951448"
    },
    {
      "type": "Feature",
      "properties": {
        "@id": "node/12500430884",
        "amenity": "public_bookcase"
      },
      "geometry": {
        "type": "Point",
        "coordinates": [
          13.9870731,
          50.2550622
        ]
      },
      "id": "node/12500430884"
    },
    {
      "type": "Feature",
      "properties": {
        "@id": "node/12500498090",
        "amenity": "public_bookcase",
        "name": "Knihobudka na zastávce"
      },
      "geometry": {
        "type": "Point",
        "coordinates": [
          13.9566283,
          50.7125916
        ]
      },
      "id": "node/12500498090"
    },
    {
      "type": "Feature",
      "properties": {
        "@id": "node/12501117798",
        "amenity": "public_bookcase",
        "public_bookcase:type": "wooden_cabinet"
      },
      "geometry": {
        "type": "Point",
        "coordinates": [
          16.5865316,
          49.1834786
        ]
      },
      "id": "node/12501117798"
    },
    {
      "type": "Feature",
      "properties": {
        "@id": "node/12501150018",
        "amenity": "public_bookcase"
      },
      "geometry": {
        "type": "Point",
        "coordinates": [
          15.9520189,
          50.1533952
        ]
      },
      "id": "node/12501150018"
    },
    {
      "type": "Feature",
      "properties": {
        "@id": "node/12516972829",
        "amenity": "public_bookcase"
      },
      "geometry": {
        "type": "Point",
        "coordinates": [
          15.2823644,
          50.2034483
        ]
      },
      "id": "node/12516972829"
    },
    {
      "type": "Feature",
      "properties": {
        "@id": "node/12520332500",
        "amenity": "public_bookcase",
        "email": "obec@suchomasty.cz",
        "opening_hours": "24/7",
        "phone": "+420311689862"
      },
      "geometry": {
        "type": "Point",
        "coordinates": [
          14.0616098,
          49.8959926
        ]
      },
      "id": "node/12520332500"
    },
    {
      "type": "Feature",
      "properties": {
        "@id": "node/12529160378",
        "amenity": "public_bookcase"
      },
      "geometry": {
        "type": "Point",
        "coordinates": [
          17.2935617,
          50.0191249
        ]
      },
      "id": "node/12529160378"
    },
    {
      "type": "Feature",
      "properties": {
        "@id": "node/12532417936",
        "amenity": "public_bookcase",
        "opening_hours": "24/7",
        "public_bookcase:type": "shelf"
      },
      "geometry": {
        "type": "Point",
        "coordinates": [
          16.7980471,
          49.4307043
        ]
      },
      "id": "node/12532417936"
    },
    {
      "type": "Feature",
      "properties": {
        "@id": "node/12535807241",
        "amenity": "public_bookcase",
        "public_bookcase:type": "wooden_cabinet"
      },
      "geometry": {
        "type": "Point",
        "coordinates": [
          15.7289331,
          50.4572907
        ]
      },
      "id": "node/12535807241"
    },
    {
      "type": "Feature",
      "properties": {
        "@id": "node/12535814821",
        "amenity": "public_bookcase",
        "public_bookcase:type": "wooden_cabinet"
      },
      "geometry": {
        "type": "Point",
        "coordinates": [
          15.7531662,
          50.4674167
        ]
      },
      "id": "node/12535814821"
    },
    {
      "type": "Feature",
      "properties": {
        "@id": "node/12535837198",
        "amenity": "public_bookcase",
        "public_bookcase:type": "wooden_cabinet"
      },
      "geometry": {
        "type": "Point",
        "coordinates": [
          15.7108903,
          50.4326273
        ]
      },
      "id": "node/12535837198"
    },
    {
      "type": "Feature",
      "properties": {
        "@id": "node/12535847060",
        "amenity": "public_bookcase",
        "public_bookcase:type": "wooden_cabinet"
      },
      "geometry": {
        "type": "Point",
        "coordinates": [
          15.6819638,
          50.474212
        ]
      },
      "id": "node/12535847060"
    },
    {
      "type": "Feature",
      "properties": {
        "@id": "node/12536023333",
        "amenity": "public_bookcase"
      },
      "geometry": {
        "type": "Point",
        "coordinates": [
          15.0301642,
          49.9545443
        ]
      },
      "id": "node/12536023333"
    },
    {
      "type": "Feature",
      "properties": {
        "@id": "node/12536060071",
        "amenity": "public_bookcase",
        "indoor": "yes",
        "name": "Knihobudka"
      },
      "geometry": {
        "type": "Point",
        "coordinates": [
          14.5168118,
          49.8669805
        ]
      },
      "id": "node/12536060071"
    },
    {
      "type": "Feature",
      "properties": {
        "@id": "node/12551331573",
        "access": "yes",
        "amenity": "public_bookcase",
        "indoor": "yes",
        "public_bookcase:type": "wooden_cabinet"
      },
      "geometry": {
        "type": "Point",
        "coordinates": [
          14.2656651,
          50.8594186
        ]
      },
      "id": "node/12551331573"
    },
    {
      "type": "Feature",
      "properties": {
        "@id": "node/12558701997",
        "amenity": "public_bookcase"
      },
      "geometry": {
        "type": "Point",
        "coordinates": [
          18.3874019,
          49.8318798
        ]
      },
      "id": "node/12558701997"
    },
    {
      "type": "Feature",
      "properties": {
        "@id": "node/12558814218",
        "amenity": "public_bookcase"
      },
      "geometry": {
        "type": "Point",
        "coordinates": [
          13.90907,
          49.5838736
        ]
      },
      "id": "node/12558814218"
    },
    {
      "type": "Feature",
      "properties": {
        "@id": "node/12558814842",
        "amenity": "public_bookcase"
      },
      "geometry": {
        "type": "Point",
        "coordinates": [
          15.0379447,
          50.7272802
        ]
      },
      "id": "node/12558814842"
    },
    {
      "type": "Feature",
      "properties": {
        "@id": "node/12565644735",
        "amenity": "public_bookcase",
        "check_date": "2025-08-09",
        "indoor": "no",
        "noname": "yes",
        "panoramax": "e24e8fd8-1cee-4e77-baff-826c0a5b3d13"
      },
      "geometry": {
        "type": "Point",
        "coordinates": [
          13.0384199,
          49.3910163
        ]
      },
      "id": "node/12565644735"
    },
    {
      "type": "Feature",
      "properties": {
        "@id": "node/12565929970",
        "amenity": "public_bookcase",
        "name": "KnikoBudka na Točně",
        "opening_hours": "24/7",
        "public_bookcase:type": "wooden_cabinet",
        "wheelchair": "yes"
      },
      "geometry": {
        "type": "Point",
        "coordinates": [
          16.763941,
          49.1410073
        ]
      },
      "id": "node/12565929970"
    },
    {
      "type": "Feature",
      "properties": {
        "@id": "node/12567692691",
        "amenity": "public_bookcase",
        "indoor": "yes"
      },
      "geometry": {
        "type": "Point",
        "coordinates": [
          15.7742778,
          49.9901712
        ]
      },
      "id": "node/12567692691"
    },
    {
      "type": "Feature",
      "properties": {
        "@id": "node/12568543546",
        "amenity": "public_bookcase"
      },
      "geometry": {
        "type": "Point",
        "coordinates": [
          15.3841979,
          50.7655704
        ]
      },
      "id": "node/12568543546"
    },
    {
      "type": "Feature",
      "properties": {
        "@id": "node/12573736044",
        "amenity": "public_bookcase"
      },
      "geometry": {
        "type": "Point",
        "coordinates": [
          14.6103097,
          50.4396446
        ]
      },
      "id": "node/12573736044"
    },
    {
      "type": "Feature",
      "properties": {
        "@id": "node/12573989420",
        "amenity": "public_bookcase"
      },
      "geometry": {
        "type": "Point",
        "coordinates": [
          14.3887207,
          49.6181091
        ]
      },
      "id": "node/12573989420"
    },
    {
      "type": "Feature",
      "properties": {
        "@id": "node/12579116566",
        "amenity": "public_bookcase"
      },
      "geometry": {
        "type": "Point",
        "coordinates": [
          14.2026099,
          50.6318148
        ]
      },
      "id": "node/12579116566"
    },
    {
      "type": "Feature",
      "properties": {
        "@id": "node/12579125247",
        "amenity": "public_bookcase"
      },
      "geometry": {
        "type": "Point",
        "coordinates": [
          14.2058595,
          50.6292283
        ]
      },
      "id": "node/12579125247"
    },
    {
      "type": "Feature",
      "properties": {
        "@id": "node/12579128614",
        "amenity": "public_bookcase"
      },
      "geometry": {
        "type": "Point",
        "coordinates": [
          14.1387151,
          50.5327466
        ]
      },
      "id": "node/12579128614"
    },
    {
      "type": "Feature",
      "properties": {
        "@id": "node/12600708801",
        "amenity": "public_bookcase",
        "public_bookcase:type": "wooden_cabinet"
      },
      "geometry": {
        "type": "Point",
        "coordinates": [
          14.4585933,
          50.0303057
        ]
      },
      "id": "node/12600708801"
    },
    {
      "type": "Feature",
      "properties": {
        "@id": "node/12600735459",
        "amenity": "public_bookcase"
      },
      "geometry": {
        "type": "Point",
        "coordinates": [
          14.456389,
          50.3928841
        ]
      },
      "id": "node/12600735459"
    },
    {
      "type": "Feature",
      "properties": {
        "@id": "node/12603583215",
        "amenity": "public_bookcase",
        "public_bookcase:type": "wooden_cabinet"
      },
      "geometry": {
        "type": "Point",
        "coordinates": [
          16.5608745,
          49.2148
        ]
      },
      "id": "node/12603583215"
    },
    {
      "type": "Feature",
      "properties": {
        "@id": "node/12609699401",
        "amenity": "public_bookcase"
      },
      "geometry": {
        "type": "Point",
        "coordinates": [
          16.6521806,
          50.2994342
        ]
      },
      "id": "node/12609699401"
    },
    {
      "type": "Feature",
      "properties": {
        "@id": "node/12616166613",
        "amenity": "public_bookcase",
        "name": "knihobudka v Suché"
      },
      "geometry": {
        "type": "Point",
        "coordinates": [
          13.9109352,
          50.6333186
        ]
      },
      "id": "node/12616166613"
    },
    {
      "type": "Feature",
      "properties": {
        "@id": "node/12623190527",
        "amenity": "public_bookcase",
        "name": "knihobudka"
      },
      "geometry": {
        "type": "Point",
        "coordinates": [
          15.6276776,
          50.281024
        ]
      },
      "id": "node/12623190527"
    },
    {
      "type": "Feature",
      "properties": {
        "@id": "node/12623635690",
        "amenity": "public_bookcase",
        "public_bookcase:type": "reading_box"
      },
      "geometry": {
        "type": "Point",
        "coordinates": [
          14.0190405,
          50.6800132
        ]
      },
      "id": "node/12623635690"
    },
    {
      "type": "Feature",
      "properties": {
        "@id": "node/12625647684",
        "access:description": "Im Gang der Schönherrfabrik. Nur aufsuchbar, wenn dort geöffnet ist. Es ist aber unklar, wann das ist.",
        "amenity": "public_bookcase",
        "colour": "white",
        "opening_hours:signed": "no",
        "operator": "Jörg Schneider",
        "operator:type": "private",
        "public_bookcase:type": "wooden_cabinet",
        "wheelchair": "yes"
      },
      "geometry": {
        "type": "Point",
        "coordinates": [
          12.9214261,
          50.8502639
        ]
      },
      "id": "node/12625647684"
    },
    {
      "type": "Feature",
      "properties": {
        "@id": "node/12625685257",
        "access": "yes",
        "amenity": "public_bookcase",
        "material": "wood",
        "opening_hours": "24/7",
        "public_bookcase:type": "shelf"
      },
      "geometry": {
        "type": "Point",
        "coordinates": [
          12.9368229,
          50.8866365
        ]
      },
      "id": "node/12625685257"
    },
    {
      "type": "Feature",
      "properties": {
        "@id": "node/12625687943",
        "amenity": "public_bookcase",
        "location": "outdoor",
        "opening_hours": "09:00-18:00",
        "operator": "Dietrich Bonhoeffer Kirchgemeinde",
        "operator:type": "religious",
        "public_bookcase:type": "phone_box",
        "wheelchair": "limited"
      },
      "geometry": {
        "type": "Point",
        "coordinates": [
          12.899112,
          50.7918216
        ]
      },
      "id": "node/12625687943"
    },
    {
      "type": "Feature",
      "properties": {
        "@id": "node/12625689542",
        "amenity": "public_bookcase",
        "colour": "dark_grey",
        "location": "outdoor",
        "opening_hours": "24/4",
        "operator": "Einsiedeler Ortschaftsrat",
        "operator:type": "public",
        "public_bookcase:type": "phone_box",
        "wheelchair": "limited"
      },
      "geometry": {
        "type": "Point",
        "coordinates": [
          12.9745466,
          50.7732547
        ]
      },
      "id": "node/12625689542"
    },
    {
      "type": "Feature",
      "properties": {
        "@id": "node/12625689555",
        "amenity": "public_bookcase",
        "colour": "yellow",
        "opening_hours": "24/7",
        "operator": "Unser Knappteich",
        "operator:type": "private_non_profit",
        "public_bookcase:type": "phone_box",
        "wheelchair": "limited"
      },
      "geometry": {
        "type": "Point",
        "coordinates": [
          12.9614079,
          50.8347198
        ]
      },
      "id": "node/12625689555"
    },
    {
      "type": "Feature",
      "properties": {
        "@id": "node/12625703414",
        "amenity": "public_bookcase",
        "covered": "yes",
        "description": "Zwei Schränke auf beiden Seiten der Treppe",
        "location": "outdoor",
        "material": "wood",
        "operator": "Dock 28",
        "operator:type": "private_non_profit",
        "public_bookcase:type": "shelf",
        "wheelchair": "no"
      },
      "geometry": {
        "type": "Point",
        "coordinates": [
          12.8938809,
          50.7940971
        ]
      },
      "id": "node/12625703414"
    },
    {
      "type": "Feature",
      "properties": {
        "@id": "node/12625712851",
        "access:description": "Zuerst beim Pförtner melden",
        "amenity": "public_bookcase",
        "level": "2",
        "location": "indoor",
        "opening_hours": "Mo, We, Fr 08:30-12:00; Tu,Th 03:00-18:00",
        "operator": "Nachhaltige Lesefreunde ASR",
        "operator:type": "community",
        "public_bookcase:type": "shelf",
        "wheelchair": "no"
      },
      "geometry": {
        "type": "Point",
        "coordinates": [
          12.9135183,
          50.8596531
        ]
      },
      "id": "node/12625712851"
    },
    {
      "type": "Feature",
      "properties": {
        "@id": "node/12625723511",
        "amenity": "public_bookcase",
        "authentication:logbook": "yes",
        "colour": "black",
        "location": "indoor",
        "opening_hours": "Mo-Th 08:00-17:00",
        "opening_hours:signed": "no",
        "public_bookcase:type": "shelf",
        "surveillance:type": "camera",
        "wheelchair": "yes",
        "wheelchair:description": "Ein Treppenlift steht zur verfügung, um ins Gebäude zu kommen"
      },
      "geometry": {
        "type": "Point",
        "coordinates": [
          12.8988466,
          50.7894701
        ]
      },
      "id": "node/12625723511"
    },
    {
      "type": "Feature",
      "properties": {
        "@id": "node/12625748349",
        "amenity": "public_bookcase",
        "authentication:logbook": "yes",
        "material": "wood",
        "opening_hours": "24/7",
        "operator": "Frauke Woitsch",
        "operator:type": "private",
        "public_bookcase:type": "reading_box",
        "wheelchair": "no",
        "wheelchair:description": "Theoretisch frei zugänglich, aber mitten in der Erde"
      },
      "geometry": {
        "type": "Point",
        "coordinates": [
          12.9071966,
          50.8563278
        ]
      },
      "id": "node/12625748349"
    },
    {
      "type": "Feature",
      "properties": {
        "@id": "node/12625763145",
        "amenity": "public_bookcase",
        "colour": "black",
        "operator": "AJZ",
        "operator:type": "community",
        "public_bookcase:type": "metal_cabinet",
        "wheelchair": "yes"
      },
      "geometry": {
        "type": "Point",
        "coordinates": [
          12.9227027,
          50.8608892
        ]
      },
      "id": "node/12625763145"
    },
    {
      "type": "Feature",
      "properties": {
        "@id": "node/12626271697",
        "amenity": "public_bookcase"
      },
      "geometry": {
        "type": "Point",
        "coordinates": [
          15.3016417,
          50.687842
        ]
      },
      "id": "node/12626271697"
    },
    {
      "type": "Feature",
      "properties": {
        "@id": "node/12635550839",
        "amenity": "public_bookcase"
      },
      "geometry": {
        "type": "Point",
        "coordinates": [
          15.8265152,
          50.8708232
        ]
      },
      "id": "node/12635550839"
    },
    {
      "type": "Feature",
      "properties": {
        "@id": "node/12638326822",
        "amenity": "public_bookcase"
      },
      "geometry": {
        "type": "Point",
        "coordinates": [
          15.2355307,
          50.6942532
        ]
      },
      "id": "node/12638326822"
    },
    {
      "type": "Feature",
      "properties": {
        "@id": "node/12647584499",
        "amenity": "public_bookcase"
      },
      "geometry": {
        "type": "Point",
        "coordinates": [
          15.8184509,
          50.0159083
        ]
      },
      "id": "node/12647584499"
    },
    {
      "type": "Feature",
      "properties": {
        "@id": "node/12650279955",
        "amenity": "public_bookcase"
      },
      "geometry": {
        "type": "Point",
        "coordinates": [
          12.5685749,
          50.0299596
        ]
      },
      "id": "node/12650279955"
    },
    {
      "type": "Feature",
      "properties": {
        "@id": "node/12650565925",
        "amenity": "public_bookcase",
        "name": "Knihobudka ZŠ Miřetice"
      },
      "geometry": {
        "type": "Point",
        "coordinates": [
          15.8852311,
          49.8385077
        ]
      },
      "id": "node/12650565925"
    },
    {
      "type": "Feature",
      "properties": {
        "@id": "node/12656050152",
        "amenity": "public_bookcase"
      },
      "geometry": {
        "type": "Point",
        "coordinates": [
          14.1991459,
          50.6239083
        ]
      },
      "id": "node/12656050152"
    },
    {
      "type": "Feature",
      "properties": {
        "@id": "node/12668750574",
        "amenity": "public_bookcase",
        "lit": "no",
        "public_bookcase:type": "fridge"
      },
      "geometry": {
        "type": "Point",
        "coordinates": [
          12.8819361,
          50.8353234
        ]
      },
      "id": "node/12668750574"
    },
    {
      "type": "Feature",
      "properties": {
        "@id": "node/12669046705",
        "amenity": "public_bookcase",
        "public_bookcase:type": "wooden_cabinet"
      },
      "geometry": {
        "type": "Point",
        "coordinates": [
          12.8911772,
          50.815273
        ]
      },
      "id": "node/12669046705"
    },
    {
      "type": "Feature",
      "properties": {
        "@id": "node/12670043338",
        "amenity": "public_bookcase",
        "indoor": "yes",
        "public_bookcase:type": "wooden_cabinet"
      },
      "geometry": {
        "type": "Point",
        "coordinates": [
          16.2121357,
          50.5132467
        ]
      },
      "id": "node/12670043338"
    },
    {
      "type": "Feature",
      "properties": {
        "@id": "node/12670300897",
        "amenity": "public_bookcase",
        "books": "adults",
        "name": "Knihobudka Šimona Lomnického z Budče",
        "nobrand": "yes",
        "panoramax": "88763313-d01a-42f4-bd58-a5af6a5ad2d6"
      },
      "geometry": {
        "type": "Point",
        "coordinates": [
          14.5711758,
          49.0992806
        ]
      },
      "id": "node/12670300897"
    },
    {
      "type": "Feature",
      "properties": {
        "@id": "node/12670339967",
        "amenity": "public_bookcase",
        "operator": "Stefan Eger",
        "public_bookcase:type": "metal_cabinet"
      },
      "geometry": {
        "type": "Point",
        "coordinates": [
          12.7852673,
          50.8135265
        ]
      },
      "id": "node/12670339967"
    },
    {
      "type": "Feature",
      "properties": {
        "@id": "node/12673959384",
        "amenity": "public_bookcase"
      },
      "geometry": {
        "type": "Point",
        "coordinates": [
          14.1840294,
          50.6353966
        ]
      },
      "id": "node/12673959384"
    },
    {
      "type": "Feature",
      "properties": {
        "@id": "node/12676860241",
        "amenity": "public_bookcase",
        "public_bookcase:type": "reading_box"
      },
      "geometry": {
        "type": "Point",
        "coordinates": [
          16.1770995,
          50.47311
        ]
      },
      "id": "node/12676860241"
    },
    {
      "type": "Feature",
      "properties": {
        "@id": "node/12676941440",
        "amenity": "public_bookcase",
        "public_bookcase:type": "reading_box"
      },
      "geometry": {
        "type": "Point",
        "coordinates": [
          15.0519737,
          50.6184299
        ]
      },
      "id": "node/12676941440"
    },
    {
      "type": "Feature",
      "properties": {
        "@id": "node/12687044577",
        "amenity": "public_bookcase",
        "name": "Obecní knihovna Hněvčeves"
      },
      "geometry": {
        "type": "Point",
        "coordinates": [
          15.7174409,
          50.3151545
        ]
      },
      "id": "node/12687044577"
    },
    {
      "type": "Feature",
      "properties": {
        "@id": "node/12690711979",
        "amenity": "public_bookcase",
        "colour": "dark_grey",
        "direction": "50",
        "lit": "no",
        "opening_hours": "24/7",
        "operator": "Bürgerverein Kleinolbersdorf",
        "operator:type": "private_non_profit",
        "public_bookcase:type": "metal_cabinet"
      },
      "geometry": {
        "type": "Point",
        "coordinates": [
          13.0068484,
          50.7998519
        ]
      },
      "id": "node/12690711979"
    },
    {
      "type": "Feature",
      "properties": {
        "@id": "node/12690713262",
        "amenity": "public_bookcase",
        "lit": "yes",
        "opening_hours:description": "Die Tür wird bestimmt irgendwann abgeschlossen. Es ist aber unklar, wann genau.",
        "opening_hours:signed": "no",
        "operator": "Physiotherapie Joseph",
        "public_bookcase:type": "metal_cabinet"
      },
      "geometry": {
        "type": "Point",
        "coordinates": [
          12.8331106,
          50.8265213
        ]
      },
      "id": "node/12690713262"
    },
    {
      "type": "Feature",
      "properties": {
        "@id": "node/12699364046",
        "amenity": "public_bookcase"
      },
      "geometry": {
        "type": "Point",
        "coordinates": [
          15.1337341,
          50.634003
        ]
      },
      "id": "node/12699364046"
    },
    {
      "type": "Feature",
      "properties": {
        "@id": "node/12706937305",
        "amenity": "public_bookcase",
        "name": "Knihobudka"
      },
      "geometry": {
        "type": "Point",
        "coordinates": [
          15.0773832,
          50.9808287
        ]
      },
      "id": "node/12706937305"
    },
    {
      "type": "Feature",
      "properties": {
        "@id": "node/12713499850",
        "amenity": "public_bookcase",
        "public_bookcase:type": "phone_box",
        "wikimedia_commons": "File:Bücherschrank Enzersdorf.jpg"
      },
      "geometry": {
        "type": "Point",
        "coordinates": [
          13.4218953,
          48.7128596
        ]
      },
      "id": "node/12713499850"
    },
    {
      "type": "Feature",
      "properties": {
        "@id": "node/12716438235",
        "amenity": "public_bookcase",
        "public_bookcase:type": "phone_box"
      },
      "geometry": {
        "type": "Point",
        "coordinates": [
          13.4171509,
          48.7350602
        ]
      },
      "id": "node/12716438235"
    },
    {
      "type": "Feature",
      "properties": {
        "@id": "node/12723845771",
        "amenity": "public_bookcase",
        "name": "Daruj knihy"
      },
      "geometry": {
        "type": "Point",
        "coordinates": [
          15.0304051,
          50.0920405
        ]
      },
      "id": "node/12723845771"
    },
    {
      "type": "Feature",
      "properties": {
        "@id": "node/12725040700",
        "amenity": "public_bookcase"
      },
      "geometry": {
        "type": "Point",
        "coordinates": [
          15.6310748,
          50.2043922
        ]
      },
      "id": "node/12725040700"
    },
    {
      "type": "Feature",
      "properties": {
        "@id": "node/12725934008",
        "amenity": "public_bookcase",
        "public_bookcase:type": "phone_box"
      },
      "geometry": {
        "type": "Point",
        "coordinates": [
          15.6262442,
          50.1848819
        ]
      },
      "id": "node/12725934008"
    },
    {
      "type": "Feature",
      "properties": {
        "@id": "node/12728593965",
        "amenity": "public_bookcase"
      },
      "geometry": {
        "type": "Point",
        "coordinates": [
          15.6360144,
          50.2164035
        ]
      },
      "id": "node/12728593965"
    },
    {
      "type": "Feature",
      "properties": {
        "@id": "node/12741249795",
        "amenity": "public_bookcase"
      },
      "geometry": {
        "type": "Point",
        "coordinates": [
          14.4316917,
          49.972486
        ]
      },
      "id": "node/12741249795"
    },
    {
      "type": "Feature",
      "properties": {
        "@id": "node/12744051348",
        "amenity": "public_bookcase",
        "public_bookcase:type": "wooden_cabinet"
      },
      "geometry": {
        "type": "Point",
        "coordinates": [
          14.0455217,
          50.9325421
        ]
      },
      "id": "node/12744051348"
    },
    {
      "type": "Feature",
      "properties": {
        "@id": "node/12748106520",
        "amenity": "public_bookcase",
        "email": "knihovna@obec-choryne.cz",
        "name": "Obecní knohovna Choryně",
        "opening_hours": "Tu 15:30-18:00",
        "operator": "Obec Choryně",
        "public_bookcase:type": "building",
        "website": "https://choryne.knihovna.cz"
      },
      "geometry": {
        "type": "Point",
        "coordinates": [
          17.8973756,
          49.4964738
        ]
      },
      "id": "node/12748106520"
    },
    {
      "type": "Feature",
      "properties": {
        "@id": "node/12748758114",
        "amenity": "public_bookcase",
        "opening_hours": "24/7",
        "public_bookcase:type": "wooden_cabinet",
        "wheelchair": "yes"
      },
      "geometry": {
        "type": "Point",
        "coordinates": [
          16.809182,
          49.1299511
        ]
      },
      "id": "node/12748758114"
    },
    {
      "type": "Feature",
      "properties": {
        "@id": "node/12754438152",
        "amenity": "public_bookcase"
      },
      "geometry": {
        "type": "Point",
        "coordinates": [
          18.3687187,
          49.346405
        ]
      },
      "id": "node/12754438152"
    },
    {
      "type": "Feature",
      "properties": {
        "@id": "node/12766704922",
        "amenity": "public_bookcase",
        "opening_hours": "24/7",
        "public_bookcase:type": "wooden_cabinet",
        "wheelchair": "yes"
      },
      "geometry": {
        "type": "Point",
        "coordinates": [
          16.5956413,
          49.5030416
        ]
      },
      "id": "node/12766704922"
    },
    {
      "type": "Feature",
      "properties": {
        "@id": "node/12768309501",
        "amenity": "public_bookcase",
        "covered": "yes",
        "name": "Knihovnička U zajíců",
        "public_bookcase:type": "wooden_cabinet"
      },
      "geometry": {
        "type": "Point",
        "coordinates": [
          15.73909,
          50.4455128
        ]
      },
      "id": "node/12768309501"
    },
    {
      "type": "Feature",
      "properties": {
        "@id": "node/12778575060",
        "amenity": "public_bookcase"
      },
      "geometry": {
        "type": "Point",
        "coordinates": [
          14.5600524,
          50.0389661
        ]
      },
      "id": "node/12778575060"
    },
    {
      "type": "Feature",
      "properties": {
        "@id": "node/12789580254",
        "amenity": "public_bookcase",
        "public_bookcase:type": "phone_box"
      },
      "geometry": {
        "type": "Point",
        "coordinates": [
          12.4278979,
          48.5068313
        ]
      },
      "id": "node/12789580254"
    },
    {
      "type": "Feature",
      "properties": {
        "@id": "node/12794268474",
        "amenity": "public_bookcase"
      },
      "geometry": {
        "type": "Point",
        "coordinates": [
          12.1794319,
          49.6782481
        ]
      },
      "id": "node/12794268474"
    },
    {
      "type": "Feature",
      "properties": {
        "@id": "node/12794301419",
        "amenity": "public_bookcase"
      },
      "geometry": {
        "type": "Point",
        "coordinates": [
          12.2766858,
          49.7235571
        ]
      },
      "id": "node/12794301419"
    },
    {
      "type": "Feature",
      "properties": {
        "@id": "node/12794322173",
        "amenity": "public_bookcase"
      },
      "geometry": {
        "type": "Point",
        "coordinates": [
          12.4930427,
          49.6417464
        ]
      },
      "id": "node/12794322173"
    },
    {
      "type": "Feature",
      "properties": {
        "@id": "node/12798405677",
        "amenity": "public_bookcase",
        "operator": "Knihovna Kolín"
      },
      "geometry": {
        "type": "Point",
        "coordinates": [
          15.2048653,
          50.0261511
        ]
      },
      "id": "node/12798405677"
    },
    {
      "type": "Feature",
      "properties": {
        "@id": "node/12802801939",
        "amenity": "public_bookcase",
        "operator": "Husova knihovna Říčany",
        "public_bookcase:type": "shelf",
        "wheelchair": "limited"
      },
      "geometry": {
        "type": "Point",
        "coordinates": [
          14.6550557,
          49.9920622
        ]
      },
      "id": "node/12802801939"
    },
    {
      "type": "Feature",
      "properties": {
        "@id": "node/12802801943",
        "amenity": "public_bookcase",
        "public_bookcase:type": "wooden_cabinet",
        "wheelchair": "limited"
      },
      "geometry": {
        "type": "Point",
        "coordinates": [
          14.6545399,
          49.9927521
        ]
      },
      "id": "node/12802801943"
    },
    {
      "type": "Feature",
      "properties": {
        "@id": "node/12803517122",
        "amenity": "public_bookcase",
        "public_bookcase:type": "reading_box"
      },
      "geometry": {
        "type": "Point",
        "coordinates": [
          13.7571607,
          51.0172719
        ]
      },
      "id": "node/12803517122"
    },
    {
      "type": "Feature",
      "properties": {
        "@id": "node/12824241146",
        "amenity": "public_bookcase"
      },
      "geometry": {
        "type": "Point",
        "coordinates": [
          15.8434421,
          50.3553015
        ]
      },
      "id": "node/12824241146"
    },
    {
      "type": "Feature",
      "properties": {
        "@id": "node/12824706707",
        "amenity": "public_bookcase"
      },
      "geometry": {
        "type": "Point",
        "coordinates": [
          15.7465348,
          50.0471484
        ]
      },
      "id": "node/12824706707"
    },
    {
      "type": "Feature",
      "properties": {
        "@id": "node/12836737641",
        "amenity": "public_bookcase",
        "lit": "no",
        "public_bookcase:type": "wooden_cabinet"
      },
      "geometry": {
        "type": "Point",
        "coordinates": [
          18.4715321,
          49.0997553
        ]
      },
      "id": "node/12836737641"
    },
    {
      "type": "Feature",
      "properties": {
        "@id": "node/12842602001",
        "amenity": "public_bookcase",
        "name": "Öffentlicher Bücherschrank",
        "opening_hours": "24/7",
        "operator": "Kunst- und Kulturverein Erbendorf e.V."
      },
      "geometry": {
        "type": "Point",
        "coordinates": [
          12.0495312,
          49.8446428
        ]
      },
      "id": "node/12842602001"
    },
    {
      "type": "Feature",
      "properties": {
        "@id": "node/12843106352",
        "amenity": "public_bookcase"
      },
      "geometry": {
        "type": "Point",
        "coordinates": [
          16.6519506,
          50.29787
        ]
      },
      "id": "node/12843106352"
    },
    {
      "type": "Feature",
      "properties": {
        "@id": "node/12850788998",
        "amenity": "public_bookcase",
        "public_bookcase:type": "shelf"
      },
      "geometry": {
        "type": "Point",
        "coordinates": [
          16.4639613,
          49.0701824
        ]
      },
      "id": "node/12850788998"
    },
    {
      "type": "Feature",
      "properties": {
        "@id": "node/12856887878",
        "amenity": "public_bookcase"
      },
      "geometry": {
        "type": "Point",
        "coordinates": [
          12.0923404,
          49.0482482
        ]
      },
      "id": "node/12856887878"
    },
    {
      "type": "Feature",
      "properties": {
        "@id": "node/12861464312",
        "amenity": "public_bookcase"
      },
      "geometry": {
        "type": "Point",
        "coordinates": [
          12.3650291,
          50.73822
        ]
      },
      "id": "node/12861464312"
    },
    {
      "type": "Feature",
      "properties": {
        "@id": "node/12864967722",
        "amenity": "public_bookcase",
        "public_bookcase:type": "wooden_cabinet",
        "wikimedia_commons": "File:Bücherschrank Brennberg.jpg"
      },
      "geometry": {
        "type": "Point",
        "coordinates": [
          12.3946916,
          49.0693111
        ]
      },
      "id": "node/12864967722"
    },
    {
      "type": "Feature",
      "properties": {
        "@id": "node/12865364201",
        "amenity": "public_bookcase",
        "public_bookcase:type": "shelter"
      },
      "geometry": {
        "type": "Point",
        "coordinates": [
          17.6843001,
          49.2850795
        ]
      },
      "id": "node/12865364201"
    },
    {
      "type": "Feature",
      "properties": {
        "@id": "node/12866164388",
        "amenity": "public_bookcase"
      },
      "geometry": {
        "type": "Point",
        "coordinates": [
          15.7962543,
          50.0278247
        ]
      },
      "id": "node/12866164388"
    },
    {
      "type": "Feature",
      "properties": {
        "@id": "node/12872585687",
        "amenity": "public_bookcase",
        "name": "Knihobudka"
      },
      "geometry": {
        "type": "Point",
        "coordinates": [
          12.3521049,
          50.1215473
        ]
      },
      "id": "node/12872585687"
    },
    {
      "type": "Feature",
      "properties": {
        "@id": "node/12874925708",
        "amenity": "public_bookcase"
      },
      "geometry": {
        "type": "Point",
        "coordinates": [
          15.4844954,
          48.5962486
        ]
      },
      "id": "node/12874925708"
    },
    {
      "type": "Feature",
      "properties": {
        "@id": "node/12888200263",
        "amenity": "public_bookcase",
        "indoor": "yes"
      },
      "geometry": {
        "type": "Point",
        "coordinates": [
          16.0304192,
          49.3907528
        ]
      },
      "id": "node/12888200263"
    },
    {
      "type": "Feature",
      "properties": {
        "@id": "node/12889765541",
        "amenity": "public_bookcase",
        "name": "Kniha do vlaku",
        "opening_hours": "24/7",
        "public_bookcase:type": "wooden_cabinet"
      },
      "geometry": {
        "type": "Point",
        "coordinates": [
          16.1614775,
          49.743022
        ]
      },
      "id": "node/12889765541"
    },
    {
      "type": "Feature",
      "properties": {
        "@id": "node/12890561552",
        "amenity": "public_bookcase",
        "name": "knihobudka O2"
      },
      "geometry": {
        "type": "Point",
        "coordinates": [
          16.1381403,
          49.7081673
        ]
      },
      "id": "node/12890561552"
    },
    {
      "type": "Feature",
      "properties": {
        "@id": "node/12896932283",
        "amenity": "public_bookcase"
      },
      "geometry": {
        "type": "Point",
        "coordinates": [
          15.8008351,
          50.0116952
        ]
      },
      "id": "node/12896932283"
    },
    {
      "type": "Feature",
      "properties": {
        "@id": "node/12897991767",
        "amenity": "public_bookcase"
      },
      "geometry": {
        "type": "Point",
        "coordinates": [
          15.82669,
          50.0705708
        ]
      },
      "id": "node/12897991767"
    },
    {
      "type": "Feature",
      "properties": {
        "@id": "node/12899017240",
        "amenity": "public_bookcase",
        "name": "Bücherschrank Porschendorfer Straße"
      },
      "geometry": {
        "type": "Point",
        "coordinates": [
          13.973069,
          50.9997733
        ]
      },
      "id": "node/12899017240"
    },
    {
      "type": "Feature",
      "properties": {
        "@id": "node/12899295897",
        "amenity": "public_bookcase"
      },
      "geometry": {
        "type": "Point",
        "coordinates": [
          16.555909,
          49.1684838
        ]
      },
      "id": "node/12899295897"
    },
    {
      "type": "Feature",
      "properties": {
        "@id": "node/12902611613",
        "amenity": "public_bookcase",
        "name": "Tauschbibliothek Oberrathen"
      },
      "geometry": {
        "type": "Point",
        "coordinates": [
          14.0780119,
          50.9568039
        ]
      },
      "id": "node/12902611613"
    },
    {
      "type": "Feature",
      "properties": {
        "@id": "node/12908388051",
        "amenity": "public_bookcase",
        "public_bookcase:type": "phone_box"
      },
      "geometry": {
        "type": "Point",
        "coordinates": [
          12.3046024,
          50.2221941
        ]
      },
      "id": "node/12908388051"
    },
    {
      "type": "Feature",
      "properties": {
        "@id": "node/12909662454",
        "amenity": "public_bookcase"
      },
      "geometry": {
        "type": "Point",
        "coordinates": [
          14.0713034,
          50.918906
        ]
      },
      "id": "node/12909662454"
    },
    {
      "type": "Feature",
      "properties": {
        "@id": "node/12914221775",
        "access": "yes",
        "amenity": "public_bookcase",
        "lit": "yes",
        "name": "Knihobudka"
      },
      "geometry": {
        "type": "Point",
        "coordinates": [
          14.2614603,
          49.9371974
        ]
      },
      "id": "node/12914221775"
    },
    {
      "type": "Feature",
      "properties": {
        "@id": "node/12914226152",
        "amenity": "public_bookcase",
        "public_bookcase:type": "phone_box"
      },
      "geometry": {
        "type": "Point",
        "coordinates": [
          15.6888912,
          48.5329936
        ]
      },
      "id": "node/12914226152"
    },
    {
      "type": "Feature",
      "properties": {
        "@id": "node/12918421059",
        "amenity": "public_bookcase",
        "public_bookcase:type": "reading_box"
      },
      "geometry": {
        "type": "Point",
        "coordinates": [
          18.6700926,
          50.2999522
        ]
      },
      "id": "node/12918421059"
    },
    {
      "type": "Feature",
      "properties": {
        "@id": "node/12921582235",
        "amenity": "public_bookcase"
      },
      "geometry": {
        "type": "Point",
        "coordinates": [
          12.0749818,
          50.3338825
        ]
      },
      "id": "node/12921582235"
    },
    {
      "type": "Feature",
      "properties": {
        "@id": "node/12929926679",
        "amenity": "public_bookcase"
      },
      "geometry": {
        "type": "Point",
        "coordinates": [
          12.0992748,
          49.8301005
        ]
      },
      "id": "node/12929926679"
    },
    {
      "type": "Feature",
      "properties": {
        "@id": "node/12942272601",
        "amenity": "public_bookcase",
        "name": "Bücherzelle"
      },
      "geometry": {
        "type": "Point",
        "coordinates": [
          13.9792691,
          50.9170448
        ]
      },
      "id": "node/12942272601"
    },
    {
      "type": "Feature",
      "properties": {
        "@id": "node/12942508102",
        "addr:housenumber": "6",
        "addr:street": "Altbirkwitz",
        "amenity": "public_bookcase"
      },
      "geometry": {
        "type": "Point",
        "coordinates": [
          13.8868778,
          50.9804016
        ]
      },
      "id": "node/12942508102"
    },
    {
      "type": "Feature",
      "properties": {
        "@id": "node/12949574763",
        "amenity": "public_bookcase",
        "name": "Komenského knihobudka"
      },
      "geometry": {
        "type": "Point",
        "coordinates": [
          14.0923454,
          50.2834826
        ]
      },
      "id": "node/12949574763"
    },
    {
      "type": "Feature",
      "properties": {
        "@id": "node/12952208797",
        "amenity": "public_bookcase"
      },
      "geometry": {
        "type": "Point",
        "coordinates": [
          12.8867632,
          49.0794802
        ]
      },
      "id": "node/12952208797"
    },
    {
      "type": "Feature",
      "properties": {
        "@id": "node/12958976306",
        "amenity": "public_bookcase"
      },
      "geometry": {
        "type": "Point",
        "coordinates": [
          14.0423483,
          51.0384389
        ]
      },
      "id": "node/12958976306"
    },
    {
      "type": "Feature",
      "properties": {
        "@id": "node/12959652089",
        "amenity": "public_bookcase"
      },
      "geometry": {
        "type": "Point",
        "coordinates": [
          14.2557405,
          49.6409275
        ]
      },
      "id": "node/12959652089"
    },
    {
      "type": "Feature",
      "properties": {
        "@id": "node/12961599406",
        "amenity": "public_bookcase"
      },
      "geometry": {
        "type": "Point",
        "coordinates": [
          15.6296559,
          50.3703557
        ]
      },
      "id": "node/12961599406"
    },
    {
      "type": "Feature",
      "properties": {
        "@id": "node/12988151111",
        "amenity": "public_bookcase",
        "wikimedia_commons": "File:Bücherschrank Rettenbach (Deggendorf).jpg"
      },
      "geometry": {
        "type": "Point",
        "coordinates": [
          12.8893656,
          48.8108332
        ]
      },
      "id": "node/12988151111"
    },
    {
      "type": "Feature",
      "properties": {
        "@id": "node/12993992307",
        "amenity": "public_bookcase"
      },
      "geometry": {
        "type": "Point",
        "coordinates": [
          16.855729,
          49.1304933
        ]
      },
      "id": "node/12993992307"
    },
    {
      "type": "Feature",
      "properties": {
        "@id": "node/12994144380",
        "amenity": "public_bookcase"
      },
      "geometry": {
        "type": "Point",
        "coordinates": [
          15.9412557,
          49.5630753
        ]
      },
      "id": "node/12994144380"
    },
    {
      "type": "Feature",
      "properties": {
        "@id": "node/13009006423",
        "amenity": "public_bookcase"
      },
      "geometry": {
        "type": "Point",
        "coordinates": [
          14.3874782,
          50.1019373
        ]
      },
      "id": "node/13009006423"
    },
    {
      "type": "Feature",
      "properties": {
        "@id": "node/13011622909",
        "amenity": "public_bookcase",
        "indoor": "yes"
      },
      "geometry": {
        "type": "Point",
        "coordinates": [
          14.4900936,
          50.7907758
        ]
      },
      "id": "node/13011622909"
    },
    {
      "type": "Feature",
      "properties": {
        "@id": "node/13011852712",
        "amenity": "public_bookcase",
        "opening_hours": "24/7",
        "public_bookcase:type": "wooden_cabinet"
      },
      "geometry": {
        "type": "Point",
        "coordinates": [
          12.0294348,
          50.2216714
        ]
      },
      "id": "node/13011852712"
    },
    {
      "type": "Feature",
      "properties": {
        "@id": "node/13013072295",
        "amenity": "public_bookcase"
      },
      "geometry": {
        "type": "Point",
        "coordinates": [
          14.4670165,
          50.796514
        ]
      },
      "id": "node/13013072295"
    },
    {
      "type": "Feature",
      "properties": {
        "@id": "node/13013441818",
        "amenity": "public_bookcase",
        "check_date": "2025-07-20",
        "image": "https://photos.google.com/share/AF1QipM9-ZZDjaf_eq0KPAFFiaIcY_gEGnculiYr2thCIoGdgjO1QIKL3sA4nAb5VOP9qw/photo/AF1QipPUA63H9LnmGifpyBw9bhPHPNJ7HrDJxvfo6TSW?key=V3BpWmxPV0JOY0NBOTZ4dUZvVTNBUm5ONl8xTUpR",
        "public_bookcase:type": "wooden_cabinet"
      },
      "geometry": {
        "type": "Point",
        "coordinates": [
          17.9561876,
          50.7278639
        ]
      },
      "id": "node/13013441818"
    },
    {
      "type": "Feature",
      "properties": {
        "@id": "node/13021452282",
        "amenity": "public_bookcase",
        "noname": "yes"
      },
      "geometry": {
        "type": "Point",
        "coordinates": [
          12.3039739,
          50.307983
        ]
      },
      "id": "node/13021452282"
    },
    {
      "type": "Feature",
      "properties": {
        "@id": "node/13023070049",
        "amenity": "public_bookcase"
      },
      "geometry": {
        "type": "Point",
        "coordinates": [
          14.3506004,
          50.813813
        ]
      },
      "id": "node/13023070049"
    },
    {
      "type": "Feature",
      "properties": {
        "@id": "node/13052037506",
        "amenity": "public_bookcase",
        "capacity": "300",
        "opening_hours": "Mo-Su 09:00-18:00",
        "public_bookcase:type": "building"
      },
      "geometry": {
        "type": "Point",
        "coordinates": [
          14.8889779,
          50.9455121
        ]
      },
      "id": "node/13052037506"
    },
    {
      "type": "Feature",
      "properties": {
        "@id": "node/13056834468",
        "access": "yes",
        "amenity": "public_bookcase",
        "opening_hours": "24/7",
        "public_bookcase:type": "shelf"
      },
      "geometry": {
        "type": "Point",
        "coordinates": [
          16.998277,
          48.9545233
        ]
      },
      "id": "node/13056834468"
    },
    {
      "type": "Feature",
      "properties": {
        "@id": "node/13060144423",
        "amenity": "public_bookcase",
        "opening_hours": "24/7",
        "public_bookcase:type": "shelf"
      },
      "geometry": {
        "type": "Point",
        "coordinates": [
          16.0795156,
          49.6327039
        ]
      },
      "id": "node/13060144423"
    },
    {
      "type": "Feature",
      "properties": {
        "@id": "node/13060144426",
        "amenity": "public_bookcase",
        "opening_hours": "24/7",
        "public_bookcase:type": "shelf"
      },
      "geometry": {
        "type": "Point",
        "coordinates": [
          16.0632923,
          49.6888477
        ]
      },
      "id": "node/13060144426"
    },
    {
      "type": "Feature",
      "properties": {
        "@id": "node/13061845455",
        "amenity": "public_bookcase",
        "indoor": "yes"
      },
      "geometry": {
        "type": "Point",
        "coordinates": [
          15.8249198,
          49.9186855
        ]
      },
      "id": "node/13061845455"
    },
    {
      "type": "Feature",
      "properties": {
        "@id": "node/13070571067",
        "amenity": "public_bookcase"
      },
      "geometry": {
        "type": "Point",
        "coordinates": [
          15.0140907,
          49.1619627
        ]
      },
      "id": "node/13070571067"
    },
    {
      "type": "Feature",
      "properties": {
        "@id": "node/13072725880",
        "amenity": "public_bookcase"
      },
      "geometry": {
        "type": "Point",
        "coordinates": [
          12.8626568,
          49.3973061
        ]
      },
      "id": "node/13072725880"
    },
    {
      "type": "Feature",
      "properties": {
        "@id": "node/13072825712",
        "amenity": "public_bookcase"
      },
      "geometry": {
        "type": "Point",
        "coordinates": [
          12.6581196,
          49.9754582
        ]
      },
      "id": "node/13072825712"
    },
    {
      "type": "Feature",
      "properties": {
        "@id": "node/13074084474",
        "amenity": "public_bookcase",
        "lit": "no",
        "public_bookcase:type": "metal_cabinet"
      },
      "geometry": {
        "type": "Point",
        "coordinates": [
          13.3785852,
          49.770171
        ]
      },
      "id": "node/13074084474"
    },
    {
      "type": "Feature",
      "properties": {
        "@id": "node/13074447729",
        "amenity": "public_bookcase",
        "indoor": "yes"
      },
      "geometry": {
        "type": "Point",
        "coordinates": [
          13.2479266,
          50.1109247
        ]
      },
      "id": "node/13074447729"
    },
    {
      "type": "Feature",
      "properties": {
        "@id": "node/13074821435",
        "amenity": "public_bookcase",
        "opening_hours": "24/7",
        "public_bookcase:type": "wooden_cabinet"
      },
      "geometry": {
        "type": "Point",
        "coordinates": [
          18.1235428,
          49.8227228
        ]
      },
      "id": "node/13074821435"
    },
    {
      "type": "Feature",
      "properties": {
        "@id": "node/13077610286",
        "amenity": "public_bookcase"
      },
      "geometry": {
        "type": "Point",
        "coordinates": [
          18.2057107,
          49.928326
        ]
      },
      "id": "node/13077610286"
    },
    {
      "type": "Feature",
      "properties": {
        "@id": "node/13078187323",
        "amenity": "public_bookcase"
      },
      "geometry": {
        "type": "Point",
        "coordinates": [
          18.5438614,
          49.8658
        ]
      },
      "id": "node/13078187323"
    },
    {
      "type": "Feature",
      "properties": {
        "@id": "node/13078553503",
        "amenity": "public_bookcase"
      },
      "geometry": {
        "type": "Point",
        "coordinates": [
          15.7720578,
          50.0005588
        ]
      },
      "id": "node/13078553503"
    },
    {
      "type": "Feature",
      "properties": {
        "@id": "node/13085152715",
        "access": "yes",
        "amenity": "public_bookcase",
        "opening_hours": "24/7",
        "public_bookcase:type": "shelf"
      },
      "geometry": {
        "type": "Point",
        "coordinates": [
          16.8859344,
          49.0916391
        ]
      },
      "id": "node/13085152715"
    },
    {
      "type": "Feature",
      "properties": {
        "@id": "node/13085528216",
        "amenity": "public_bookcase",
        "indoor": "yes",
        "public_bookcase:type": "shelf"
      },
      "geometry": {
        "type": "Point",
        "coordinates": [
          16.6068733,
          49.2147117
        ]
      },
      "id": "node/13085528216"
    },
    {
      "type": "Feature",
      "properties": {
        "@id": "node/13092328762",
        "amenity": "public_bookcase"
      },
      "geometry": {
        "type": "Point",
        "coordinates": [
          15.8033323,
          50.2202292
        ]
      },
      "id": "node/13092328762"
    },
    {
      "type": "Feature",
      "properties": {
        "@id": "node/13092710673",
        "amenity": "public_bookcase"
      },
      "geometry": {
        "type": "Point",
        "coordinates": [
          14.1131805,
          48.7394107
        ]
      },
      "id": "node/13092710673"
    },
    {
      "type": "Feature",
      "properties": {
        "@id": "node/13094209377",
        "amenity": "public_bookcase",
        "public_bookcase:type": "wooden_cabinet"
      },
      "geometry": {
        "type": "Point",
        "coordinates": [
          13.5879289,
          50.7347512
        ]
      },
      "id": "node/13094209377"
    },
    {
      "type": "Feature",
      "properties": {
        "@id": "node/13104231287",
        "amenity": "public_bookcase"
      },
      "geometry": {
        "type": "Point",
        "coordinates": [
          15.8723246,
          49.8509531
        ]
      },
      "id": "node/13104231287"
    },
    {
      "type": "Feature",
      "properties": {
        "@id": "node/13108851903",
        "amenity": "public_bookcase",
        "lit": "no",
        "operator": "Město Veltrusy"
      },
      "geometry": {
        "type": "Point",
        "coordinates": [
          14.3253586,
          50.2693205
        ]
      },
      "id": "node/13108851903"
    },
    {
      "type": "Feature",
      "properties": {
        "@id": "node/13110072732",
        "amenity": "public_bookcase"
      },
      "geometry": {
        "type": "Point",
        "coordinates": [
          12.4182749,
          50.7755843
        ]
      },
      "id": "node/13110072732"
    },
    {
      "type": "Feature",
      "properties": {
        "@id": "node/13114148866",
        "amenity": "public_bookcase",
        "public_bookcase:type": "wooden_cabinet"
      },
      "geometry": {
        "type": "Point",
        "coordinates": [
          18.7642804,
          49.6269005
        ]
      },
      "id": "node/13114148866"
    },
    {
      "type": "Feature",
      "properties": {
        "@id": "node/13120091970",
        "amenity": "public_bookcase",
        "opening_hours": "24/7",
        "public_bookcase:type": "glass_cabinet"
      },
      "geometry": {
        "type": "Point",
        "coordinates": [
          16.6687297,
          49.7580692
        ]
      },
      "id": "node/13120091970"
    },
    {
      "type": "Feature",
      "properties": {
        "@id": "node/13125504695",
        "amenity": "public_bookcase"
      },
      "geometry": {
        "type": "Point",
        "coordinates": [
          14.5097364,
          48.8249681
        ]
      },
      "id": "node/13125504695"
    },
    {
      "type": "Feature",
      "properties": {
        "@id": "node/13125510704",
        "amenity": "public_bookcase"
      },
      "geometry": {
        "type": "Point",
        "coordinates": [
          14.5264713,
          48.8253057
        ]
      },
      "id": "node/13125510704"
    },
    {
      "type": "Feature",
      "properties": {
        "@id": "node/13132339963",
        "amenity": "public_bookcase"
      },
      "geometry": {
        "type": "Point",
        "coordinates": [
          14.1328265,
          50.9255188
        ]
      },
      "id": "node/13132339963"
    },
    {
      "type": "Feature",
      "properties": {
        "@id": "node/13138598109",
        "amenity": "public_bookcase",
        "indoor": "yes",
        "level": "0"
      },
      "geometry": {
        "type": "Point",
        "coordinates": [
          13.3458171,
          50.9214873
        ]
      },
      "id": "node/13138598109"
    },
    {
      "type": "Feature",
      "properties": {
        "@id": "node/13140650581",
        "amenity": "public_bookcase"
      },
      "geometry": {
        "type": "Point",
        "coordinates": [
          12.4751221,
          51.0309265
        ]
      },
      "id": "node/13140650581"
    },
    {
      "type": "Feature",
      "properties": {
        "@id": "node/13143374154",
        "access": "yes",
        "amenity": "public_bookcase",
        "public_bookcase:type": "reading_box",
        "source": "survey"
      },
      "geometry": {
        "type": "Point",
        "coordinates": [
          12.7341668,
          49.9510309
        ]
      },
      "id": "node/13143374154"
    },
    {
      "type": "Feature",
      "properties": {
        "@id": "node/13172564419",
        "amenity": "public_bookcase",
        "capacity": "500",
        "lit": "yes",
        "name": "Telefonzelle vo Ascha",
        "operator": "Ascha Aktiv"
      },
      "geometry": {
        "type": "Point",
        "coordinates": [
          12.6358141,
          48.9967739
        ]
      },
      "id": "node/13172564419"
    },
    {
      "type": "Feature",
      "properties": {
        "@id": "node/13175743089",
        "amenity": "public_bookcase",
        "opening_hours": "24/7",
        "public_bookcase:type": "shelf"
      },
      "geometry": {
        "type": "Point",
        "coordinates": [
          16.55434,
          49.1305521
        ]
      },
      "id": "node/13175743089"
    },
    {
      "type": "Feature",
      "properties": {
        "@id": "node/13175743098",
        "amenity": "public_bookcase",
        "opening_hours": "24/7",
        "public_bookcase:type": "wooden_cabinet"
      },
      "geometry": {
        "type": "Point",
        "coordinates": [
          16.5267075,
          49.1102037
        ]
      },
      "id": "node/13175743098"
    },
    {
      "type": "Feature",
      "properties": {
        "@id": "node/13193574427",
        "amenity": "public_bookcase",
        "public_bookcase:type": "reading_box"
      },
      "geometry": {
        "type": "Point",
        "coordinates": [
          18.1870569,
          49.6173657
        ]
      },
      "id": "node/13193574427"
    },
    {
      "type": "Feature",
      "properties": {
        "@id": "node/13238463789",
        "access": "yes",
        "amenity": "public_bookcase",
        "name": "Bücherschrank Rochlitz",
        "opening_hours": "24/7",
        "public_bookcase:type": "wooden_cabinet"
      },
      "geometry": {
        "type": "Point",
        "coordinates": [
          12.7957507,
          51.0463365
        ]
      },
      "id": "node/13238463789"
    },
    {
      "type": "Feature",
      "properties": {
        "@id": "node/13239258439",
        "amenity": "public_bookcase",
        "public_bookcase:type": "wooden_cabinet"
      },
      "geometry": {
        "type": "Point",
        "coordinates": [
          13.6692137,
          51.0584599
        ]
      },
      "id": "node/13239258439"
    },
    {
      "type": "Feature",
      "properties": {
        "@id": "node/13240808627",
        "amenity": "public_bookcase"
      },
      "geometry": {
        "type": "Point",
        "coordinates": [
          13.6278919,
          51.0252451
        ]
      },
      "id": "node/13240808627"
    },
    {
      "type": "Feature",
      "properties": {
        "@id": "node/13270215622",
        "amenity": "public_bookcase"
      },
      "geometry": {
        "type": "Point",
        "coordinates": [
          16.6904511,
          49.2159348
        ]
      },
      "id": "node/13270215622"
    },
    {
      "type": "Feature",
      "properties": {
        "@id": "node/13270987102",
        "amenity": "public_bookcase"
      },
      "geometry": {
        "type": "Point",
        "coordinates": [
          18.40136,
          49.1669572
        ]
      },
      "id": "node/13270987102"
    },
    {
      "type": "Feature",
      "properties": {
        "@id": "node/13275809385",
        "amenity": "public_bookcase",
        "name": "knihobudka"
      },
      "geometry": {
        "type": "Point",
        "coordinates": [
          17.1749436,
          48.9446143
        ]
      },
      "id": "node/13275809385"
    },
    {
      "type": "Feature",
      "properties": {
        "@id": "node/13277437557",
        "amenity": "public_bookcase",
        "name": "Lepovská knihobudka",
        "opening_hours": "24/7"
      },
      "geometry": {
        "type": "Point",
        "coordinates": [
          16.865897,
          49.5234619
        ]
      },
      "id": "node/13277437557"
    },
    {
      "type": "Feature",
      "properties": {
        "@id": "node/13282900027",
        "amenity": "public_bookcase",
        "opening_hours": "24/7",
        "public_bookcase:type": "metal_cabinet"
      },
      "geometry": {
        "type": "Point",
        "coordinates": [
          14.6426886,
          50.062877
        ]
      },
      "id": "node/13282900027"
    },
    {
      "type": "Feature",
      "properties": {
        "@id": "node/13285210440",
        "amenity": "public_bookcase"
      },
      "geometry": {
        "type": "Point",
        "coordinates": [
          18.7105221,
          49.2125375
        ]
      },
      "id": "node/13285210440"
    },
    {
      "type": "Feature",
      "properties": {
        "@id": "node/13288999942",
        "amenity": "public_bookcase"
      },
      "geometry": {
        "type": "Point",
        "coordinates": [
          15.6273388,
          50.1009481
        ]
      },
      "id": "node/13288999942"
    },
    {
      "type": "Feature",
      "properties": {
        "@id": "node/13294747620",
        "amenity": "public_bookcase"
      },
      "geometry": {
        "type": "Point",
        "coordinates": [
          14.8842941,
          50.0765643
        ]
      },
      "id": "node/13294747620"
    },
    {
      "type": "Feature",
      "properties": {
        "@id": "node/13295015082",
        "amenity": "public_bookcase",
        "name": "Knihobudka"
      },
      "geometry": {
        "type": "Point",
        "coordinates": [
          14.4108113,
          49.9909738
        ]
      },
      "id": "node/13295015082"
    },
    {
      "type": "Feature",
      "properties": {
        "@id": "node/13302080674",
        "amenity": "public_bookcase",
        "public_bookcase:type": "sculpture"
      },
      "geometry": {
        "type": "Point",
        "coordinates": [
          17.3324259,
          50.4711671
        ]
      },
      "id": "node/13302080674"
    },
    {
      "type": "Feature",
      "properties": {
        "@id": "node/13306740165",
        "amenity": "public_bookcase"
      },
      "geometry": {
        "type": "Point",
        "coordinates": [
          14.5296059,
          50.2318432
        ]
      },
      "id": "node/13306740165"
    },
    {
      "type": "Feature",
      "properties": {
        "@id": "node/13322339434",
        "amenity": "public_bookcase"
      },
      "geometry": {
        "type": "Point",
        "coordinates": [
          12.3662315,
          50.5696296
        ]
      },
      "id": "node/13322339434"
    },
    {
      "type": "Feature",
      "properties": {
        "@id": "node/13333974301",
        "amenity": "public_bookcase",
        "public_bookcase:type": "reading_box"
      },
      "geometry": {
        "type": "Point",
        "coordinates": [
          17.2130925,
          49.4968397
        ]
      },
      "id": "node/13333974301"
    },
    {
      "type": "Feature",
      "properties": {
        "@id": "node/13339309045",
        "amenity": "public_bookcase",
        "capacity": "100",
        "public_bookcase:type": "wooden_cabinet"
      },
      "geometry": {
        "type": "Point",
        "coordinates": [
          13.6889892,
          50.9971209
        ]
      },
      "id": "node/13339309045"
    },
    {
      "type": "Feature",
      "properties": {
        "@id": "node/13355361110",
        "amenity": "public_bookcase"
      },
      "geometry": {
        "type": "Point",
        "coordinates": [
          13.0560945,
          50.7030634
        ]
      },
      "id": "node/13355361110"
    },
    {
      "type": "Feature",
      "properties": {
        "@id": "node/13362509015",
        "amenity": "public_bookcase",
        "public_bookcase:type": "phone_box"
      },
      "geometry": {
        "type": "Point",
        "coordinates": [
          12.8827454,
          50.706692
        ]
      },
      "id": "node/13362509015"
    },
    {
      "type": "Feature",
      "properties": {
        "@id": "node/13367886747",
        "access": "yes",
        "amenity": "public_bookcase",
        "source": "Ortofotomozaika SR 2021-2023;survey"
      },
      "geometry": {
        "type": "Point",
        "coordinates": [
          18.1200801,
          48.9344975
        ]
      },
      "id": "node/13367886747"
    },
    {
      "type": "Feature",
      "properties": {
        "@id": "node/13375749827",
        "amenity": "public_bookcase",
        "name": "Lipovky",
        "public_bookcase:type": "wooden_cabinet"
      },
      "geometry": {
        "type": "Point",
        "coordinates": [
          14.9438245,
          48.9500236
        ]
      },
      "id": "node/13375749827"
    },
    {
      "type": "Feature",
      "properties": {
        "@id": "node/13382160028",
        "amenity": "public_bookcase"
      },
      "geometry": {
        "type": "Point",
        "coordinates": [
          12.7480466,
          49.9369986
        ]
      },
      "id": "node/13382160028"
    },
    {
      "type": "Feature",
      "properties": {
        "@id": "node/13398226739",
        "amenity": "public_bookcase",
        "name": "Knihobudka a Semínkovna",
        "public_bookcase:type": "wooden_cabinet",
        "wikidata": "Q104157523"
      },
      "geometry": {
        "type": "Point",
        "coordinates": [
          14.796633,
          50.021408
        ]
      },
      "id": "node/13398226739"
    },
    {
      "type": "Feature",
      "properties": {
        "@id": "node/13408790150",
        "amenity": "public_bookcase"
      },
      "geometry": {
        "type": "Point",
        "coordinates": [
          15.8798952,
          49.9704867
        ]
      },
      "id": "node/13408790150"
    },
    {
      "type": "Feature",
      "properties": {
        "@id": "node/13416537726",
        "amenity": "public_bookcase"
      },
      "geometry": {
        "type": "Point",
        "coordinates": [
          14.4623124,
          50.9086878
        ]
      },
      "id": "node/13416537726"
    },
    {
      "type": "Feature",
      "properties": {
        "@id": "node/13416598362",
        "amenity": "public_bookcase",
        "opening_hours": "24/7",
        "public_bookcase:type": "glass_cabinet"
      },
      "geometry": {
        "type": "Point",
        "coordinates": [
          16.1812875,
          49.3793371
        ]
      },
      "id": "node/13416598362"
    },
    {
      "type": "Feature",
      "properties": {
        "@id": "node/13428967903",
        "amenity": "public_bookcase"
      },
      "geometry": {
        "type": "Point",
        "coordinates": [
          13.9127639,
          49.6521806
        ]
      },
      "id": "node/13428967903"
    },
    {
      "type": "Feature",
      "properties": {
        "@id": "node/13428967904",
        "amenity": "public_bookcase"
      },
      "geometry": {
        "type": "Point",
        "coordinates": [
          13.8729367,
          49.6040054
        ]
      },
      "id": "node/13428967904"
    },
    {
      "type": "Feature",
      "properties": {
        "@id": "node/13428967907",
        "amenity": "public_bookcase"
      },
      "geometry": {
        "type": "Point",
        "coordinates": [
          13.8685315,
          49.6049817
        ]
      },
      "id": "node/13428967907"
    },
    {
      "type": "Feature",
      "properties": {
        "@id": "node/13428967908",
        "amenity": "public_bookcase"
      },
      "geometry": {
        "type": "Point",
        "coordinates": [
          13.8648813,
          49.6040735
        ]
      },
      "id": "node/13428967908"
    },
    {
      "type": "Feature",
      "properties": {
        "@id": "node/13429208890",
        "amenity": "public_bookcase",
        "opening_hours": "24/7",
        "public_bookcase:type": "shelf"
      },
      "geometry": {
        "type": "Point",
        "coordinates": [
          17.7393069,
          49.5280908
        ]
      },
      "id": "node/13429208890"
    },
    {
      "type": "Feature",
      "properties": {
        "@id": "node/13430365151",
        "amenity": "public_bookcase"
      },
      "geometry": {
        "type": "Point",
        "coordinates": [
          18.480988,
          49.7989032
        ]
      },
      "id": "node/13430365151"
    },
    {
      "type": "Feature",
      "properties": {
        "@id": "node/13430365190",
        "amenity": "public_bookcase"
      },
      "geometry": {
        "type": "Point",
        "coordinates": [
          18.4636535,
          49.7855648
        ]
      },
      "id": "node/13430365190"
    },
    {
      "type": "Feature",
      "properties": {
        "@id": "node/13438015149",
        "amenity": "public_bookcase",
        "public_bookcase:type": "metal_cabinet"
      },
      "geometry": {
        "type": "Point",
        "coordinates": [
          14.5611223,
          48.5857141
        ]
      },
      "id": "node/13438015149"
    },
    {
      "type": "Feature",
      "properties": {
        "@id": "node/13442989709",
        "amenity": "public_bookcase",
        "public_bookcase:type": "reading_box"
      },
      "geometry": {
        "type": "Point",
        "coordinates": [
          18.1155083,
          49.2060791
        ]
      },
      "id": "node/13442989709"
    },
    {
      "type": "Feature",
      "properties": {
        "@id": "node/13447161555",
        "amenity": "public_bookcase"
      },
      "geometry": {
        "type": "Point",
        "coordinates": [
          17.0195162,
          48.658588
        ]
      },
      "id": "node/13447161555"
    },
    {
      "type": "Feature",
      "properties": {
        "@id": "node/13453863906",
        "access": "yes",
        "amenity": "public_bookcase",
        "public_bookcase:type": "metal_cabinet"
      },
      "geometry": {
        "type": "Point",
        "coordinates": [
          12.4337832,
          48.716581
        ]
      },
      "id": "node/13453863906"
    },
    {
      "type": "Feature",
      "properties": {
        "@id": "node/13455784710",
        "amenity": "public_bookcase",
        "lit": "no"
      },
      "geometry": {
        "type": "Point",
        "coordinates": [
          13.7080205,
          51.0852998
        ]
      },
      "id": "node/13455784710"
    },
    {
      "type": "Feature",
      "properties": {
        "@id": "node/13461787739",
        "amenity": "public_bookcase"
      },
      "geometry": {
        "type": "Point",
        "coordinates": [
          13.8088441,
          50.1834072
        ]
      },
      "id": "node/13461787739"
    },
    {
      "type": "Feature",
      "properties": {
        "@id": "node/13476088460",
        "amenity": "public_bookcase",
        "capacity": "100",
        "indoor": "yes",
        "lit": "yes",
        "operator": "Úřad městské části Praha-Nebušice",
        "public_bookcase:type": "wooden_cabinet"
      },
      "geometry": {
        "type": "Point",
        "coordinates": [
          14.3260141,
          50.1110046
        ]
      },
      "id": "node/13476088460"
    },
    {
      "type": "Feature",
      "properties": {
        "@id": "node/13502496611",
        "amenity": "public_bookcase",
        "opening_hours": "24/7",
        "public_bookcase:type": "shelf",
        "wheelchair": "yes"
      },
      "geometry": {
        "type": "Point",
        "coordinates": [
          16.6985106,
          48.8522849
        ]
      },
      "id": "node/13502496611"
    },
    {
      "type": "Feature",
      "properties": {
        "@id": "node/13506199848",
        "amenity": "public_bookcase",
        "indoor": "yes"
      },
      "geometry": {
        "type": "Point",
        "coordinates": [
          15.7739419,
          49.9807337
        ]
      },
      "id": "node/13506199848"
    },
    {
      "type": "Feature",
      "properties": {
        "@id": "node/13517182311",
        "amenity": "public_bookcase",
        "note": "poloha jen přibližná",
        "public_bookcase:type": "shelf"
      },
      "geometry": {
        "type": "Point",
        "coordinates": [
          16.6599341,
          49.2056832
        ]
      },
      "id": "node/13517182311"
    },
    {
      "type": "Feature",
      "properties": {
        "@id": "node/13524880483",
        "access": "yes",
        "amenity": "public_bookcase",
        "name": "Knihobudka"
      },
      "geometry": {
        "type": "Point",
        "coordinates": [
          16.246423,
          49.515632
        ]
      },
      "id": "node/13524880483"
    },
    {
      "type": "Feature",
      "properties": {
        "@id": "node/13532678352",
        "access": "yes",
        "amenity": "public_bookcase",
        "colour": "green",
        "opening_hours": "24/7",
        "operator": "Verein \"Alter Dorfkern Rochwitz\"",
        "public_bookcase:type": "wooden_cabinet"
      },
      "geometry": {
        "type": "Point",
        "coordinates": [
          13.8472605,
          51.0492992
        ]
      },
      "id": "node/13532678352"
    },
    {
      "type": "Feature",
      "properties": {
        "@id": "node/13534418378",
        "amenity": "public_bookcase",
        "location": "indoor",
        "public_bookcase:type": "shelf"
      },
      "geometry": {
        "type": "Point",
        "coordinates": [
          13.276731,
          50.3818404
        ]
      },
      "id": "node/13534418378"
    },
    {
      "type": "Feature",
      "properties": {
        "@id": "node/13535594398",
        "amenity": "public_bookcase"
      },
      "geometry": {
        "type": "Point",
        "coordinates": [
          17.6584096,
          49.2213764
        ]
      },
      "id": "node/13535594398"
    },
    {
      "type": "Feature",
      "properties": {
        "@id": "node/13539014661",
        "amenity": "public_bookcase",
        "opening_hours": "24/7",
        "public_bookcase:type": "wooden_cabinet"
      },
      "geometry": {
        "type": "Point",
        "coordinates": [
          12.1211244,
          49.5990653
        ]
      },
      "id": "node/13539014661"
    },
    {
      "type": "Feature",
      "properties": {
        "@id": "node/13551125293",
        "amenity": "public_bookcase"
      },
      "geometry": {
        "type": "Point",
        "coordinates": [
          18.3797616,
          49.8796798
        ]
      },
      "id": "node/13551125293"
    },
    {
      "type": "Feature",
      "properties": {
        "@id": "node/13574540955",
        "amenity": "public_bookcase"
      },
      "geometry": {
        "type": "Point",
        "coordinates": [
          13.6099575,
          50.5931532
        ]
      },
      "id": "node/13574540955"
    },
    {
      "type": "Feature",
      "properties": {
        "@id": "node/13580177357",
        "amenity": "public_bookcase",
        "indoor": "yes"
      },
      "geometry": {
        "type": "Point",
        "coordinates": [
          13.4140402,
          50.4697043
        ]
      },
      "id": "node/13580177357"
    },
    {
      "type": "Feature",
      "properties": {
        "@id": "node/13591549384",
        "amenity": "public_bookcase",
        "opening_hours": "24/7",
        "public_bookcase:type": "wooden_cabinet"
      },
      "geometry": {
        "type": "Point",
        "coordinates": [
          12.1276697,
          49.5991292
        ]
      },
      "id": "node/13591549384"
    },
    {
      "type": "Feature",
      "properties": {
        "@id": "node/13593045924",
        "amenity": "public_bookcase",
        "lit": "no",
        "public_bookcase:type": "wooden_cabinet",
        "roof": "yes"
      },
      "geometry": {
        "type": "Point",
        "coordinates": [
          17.8681584,
          50.1949377
        ]
      },
      "id": "node/13593045924"
    },
    {
      "type": "Feature",
      "properties": {
        "@id": "node/13610513363",
        "amenity": "public_bookcase",
        "indoor": "yes",
        "location": "indoor",
        "opening_hours": "Mo-Tu 10:00-19:00; We 12:00-16:00; Th-Fr 10:00-19:00; Sa 09:00-15:00",
        "operator": "Miejska Biblioteka Publiczna we Wrocławiu"
      },
      "geometry": {
        "type": "Point",
        "coordinates": [
          16.9822777,
          51.0947086
        ]
      },
      "id": "node/13610513363"
    },
    {
      "type": "Feature",
      "properties": {
        "@id": "node/13613791994",
        "amenity": "public_bookcase"
      },
      "geometry": {
        "type": "Point",
        "coordinates": [
          13.7785485,
          49.8227453
        ]
      },
      "id": "node/13613791994"
    },
    {
      "type": "Feature",
      "properties": {
        "@id": "node/13623806951",
        "amenity": "public_bookcase",
        "public_bookcase:type": "glass_cabinet"
      },
      "geometry": {
        "type": "Point",
        "coordinates": [
          14.6636007,
          49.9917326
        ]
      },
      "id": "node/13623806951"
    },
    {
      "type": "Feature",
      "properties": {
        "@id": "node/13625478119",
        "amenity": "public_bookcase"
      },
      "geometry": {
        "type": "Point",
        "coordinates": [
          12.8765136,
          50.7540538
        ]
      },
      "id": "node/13625478119"
    },
    {
      "type": "Feature",
      "properties": {
        "@id": "node/13625500102",
        "amenity": "public_bookcase",
        "indoor": "no"
      },
      "geometry": {
        "type": "Point",
        "coordinates": [
          12.9544866,
          50.6709666
        ]
      },
      "id": "node/13625500102"
    },
    {
      "type": "Feature",
      "properties": {
        "@id": "node/13641782084",
        "amenity": "public_bookcase"
      },
      "geometry": {
        "type": "Point",
        "coordinates": [
          13.7444506,
          51.0603694
        ]
      },
      "id": "node/13641782084"
    },
    {
      "type": "Feature",
      "properties": {
        "@id": "node/13641883903",
        "amenity": "public_bookcase"
      },
      "geometry": {
        "type": "Point",
        "coordinates": [
          14.0879182,
          50.9586843
        ]
      },
      "id": "node/13641883903"
    },
    {
      "type": "Feature",
      "properties": {
        "@id": "node/13667937613",
        "amenity": "public_bookcase",
        "opening_hours": "24/7",
        "operator": "Gewerbeverein Stolpen",
        "public_bookcase:type": "reading_box"
      },
      "geometry": {
        "type": "Point",
        "coordinates": [
          14.0667366,
          51.0614122
        ]
      },
      "id": "node/13667937613"
    },
    {
      "type": "Feature",
      "properties": {
        "@id": "node/13668546891",
        "amenity": "public_bookcase",
        "material": "wood"
      },
      "geometry": {
        "type": "Point",
        "coordinates": [
          15.6892308,
          49.8548372
        ]
      },
      "id": "node/13668546891"
    },
    {
      "type": "Feature",
      "properties": {
        "@id": "node/13674929123",
        "amenity": "public_bookcase"
      },
      "geometry": {
        "type": "Point",
        "coordinates": [
          14.6173007,
          49.6023479
        ]
      },
      "id": "node/13674929123"
    },
    {
      "type": "Feature",
      "properties": {
        "@id": "node/13690957911",
        "amenity": "public_bookcase",
        "capacity": "90",
        "lit": "yes",
        "name": "Nádraží Senohraby",
        "public_bookcase:type": "wooden_cabinet"
      },
      "geometry": {
        "type": "Point",
        "coordinates": [
          14.7278227,
          49.8970872
        ]
      },
      "id": "node/13690957911"
    },
    {
      "type": "Feature",
      "properties": {
        "@id": "node/13691987753",
        "access": "yes",
        "addr:city": "Chemnitz",
        "addr:housenumber": "1",
        "addr:postcode": "09130",
        "addr:street": "Schüffnerstraße",
        "amenity": "public_bookcase",
        "capacity": "900",
        "covered": "yes",
        "description": "Zugang über Schüffnerstraße 1. Die Zugänglichkeit der Bücherpforte hängt davon ab, ob sich noch Mieter auf dem Hof befinden bzw. ob Veranstaltungen stattfinden. Dauerhafter Zugang ist in der Regel von ca. 8 bis 20 Uhr wochentags möglich - manchmal auch no",
        "image": "https://static.stadtfabrikanten.org/openstreetmap.org/buecherpforte.jpg",
        "indoor": "no",
        "level": "0",
        "lit": "yes",
        "location": "outdoor",
        "name": "Bücherpforte",
        "note": "Die Pforte wurde am 8. April 2026 eröffnet und ist seitdem für die Öffentlichkeit verfügbar.",
        "opening_hours": "Mo-Fr 08:00-20:00",
        "operator": "Stadtwirtschaft",
        "public_bookcase:type": "wooden_cabinet",
        "start_date": "2026-04-08",
        "support": "ground",
        "website": "https://y.stadtfabrikanten.org/buecherpforte",
        "wheelchair": "no"
      },
      "geometry": {
        "type": "Point",
        "coordinates": [
          12.9411064,
          50.8317468
        ]
      },
      "id": "node/13691987753"
    },
    {
      "type": "Feature",
      "properties": {
        "@id": "node/13701325840",
        "amenity": "public_bookcase"
      },
      "geometry": {
        "type": "Point",
        "coordinates": [
          16.1636844,
          49.9534986
        ]
      },
      "id": "node/13701325840"
    },
    {
      "type": "Feature",
      "properties": {
        "@id": "node/13704446610",
        "amenity": "public_bookcase"
      },
      "geometry": {
        "type": "Point",
        "coordinates": [
          18.3287879,
          49.0640993
        ]
      },
      "id": "node/13704446610"
    },
    {
      "type": "Feature",
      "properties": {
        "@id": "node/13704446611",
        "amenity": "public_bookcase"
      },
      "geometry": {
        "type": "Point",
        "coordinates": [
          18.3235765,
          49.0612563
        ]
      },
      "id": "node/13704446611"
    },
    {
      "type": "Feature",
      "properties": {
        "@id": "node/13707524508",
        "addr:city": "Adamov",
        "addr:postcode": "37371",
        "amenity": "public_bookcase",
        "books": "ruzné",
        "covered": "yes",
        "ele": "501",
        "lit": "no",
        "name": "Knihobudka Královský Vrch",
        "official_name": "Knihobudka Adamov",
        "opening_hours": "24/7",
        "operator": "soukromý",
        "public_bookcase:type": "shelf",
        "start_date": "2026-03-07",
        "website": "https://www.facebook.com/profile.php?id=61573471204293"
      },
      "geometry": {
        "type": "Point",
        "coordinates": [
          14.5432024,
          49.0028366
        ]
      },
      "id": "node/13707524508"
    },
    {
      "type": "Feature",
      "properties": {
        "@id": "node/13724975580",
        "amenity": "public_bookcase",
        "name": "Tauschregal",
        "operator": "Wohnungsbaugenossenschaft Chemnitz West eG"
      },
      "geometry": {
        "type": "Point",
        "coordinates": [
          12.8465789,
          50.8225873
        ]
      },
      "id": "node/13724975580"
    },
    {
      "type": "Feature",
      "properties": {
        "@id": "node/13725073614",
        "amenity": "public_bookcase",
        "indoor": "yes"
      },
      "geometry": {
        "type": "Point",
        "coordinates": [
          15.8140849,
          49.9162733
        ]
      },
      "id": "node/13725073614"
    },
    {
      "type": "Feature",
      "properties": {
        "@id": "node/13726953060",
        "amenity": "public_bookcase",
        "lit": "no",
        "public_bookcase:type": "wooden_cabinet"
      },
      "geometry": {
        "type": "Point",
        "coordinates": [
          14.7092819,
          49.9068891
        ]
      },
      "id": "node/13726953060"
    },
    {
      "type": "Feature",
      "properties": {
        "@id": "node/13734190101",
        "access": "yes",
        "amenity": "public_bookcase"
      },
      "geometry": {
        "type": "Point",
        "coordinates": [
          18.0083287,
          49.1403844
        ]
      },
      "id": "node/13734190101"
    },
    {
      "type": "Feature",
      "properties": {
        "@id": "node/13743258759",
        "amenity": "public_bookcase"
      },
      "geometry": {
        "type": "Point",
        "coordinates": [
          15.8054743,
          50.0781851
        ]
      },
      "id": "node/13743258759"
    },
    {
      "type": "Feature",
      "properties": {
        "@id": "node/13765769622",
        "amenity": "public_bookcase"
      },
      "geometry": {
        "type": "Point",
        "coordinates": [
          12.8908573,
          49.0771779
        ]
      },
      "id": "node/13765769622"
    },
    {
      "type": "Feature",
      "properties": {
        "@id": "node/13784836538",
        "amenity": "public_bookcase"
      },
      "geometry": {
        "type": "Point",
        "coordinates": [
          14.5306034,
          48.9241025
        ]
      },
      "id": "node/13784836538"
    },
    {
      "type": "Feature",
      "properties": {
        "@id": "node/13786292701",
        "amenity": "public_bookcase",
        "indoor": "yes",
        "public_bookcase:type": "shelf"
      },
      "geometry": {
        "type": "Point",
        "coordinates": [
          14.3966045,
          50.8524929
        ]
      },
      "id": "node/13786292701"
    },
    {
      "type": "Feature",
      "properties": {
        "@id": "node/13789127591",
        "amenity": "public_bookcase",
        "public_bookcase:type": "metal_cabinet",
        "wikimedia_commons": "File:Bücherschrank (Osterhofen).jpg"
      },
      "geometry": {
        "type": "Point",
        "coordinates": [
          13.0203449,
          48.7019497
        ]
      },
      "id": "node/13789127591"
    },
    {
      "type": "Feature",
      "properties": {
        "@id": "node/13798593261",
        "amenity": "public_bookcase"
      },
      "geometry": {
        "type": "Point",
        "coordinates": [
          12.0534901,
          50.9204742
        ]
      },
      "id": "node/13798593261"
    },
    {
      "type": "Feature",
      "properties": {
        "@id": "node/13811317533",
        "amenity": "public_bookcase",
        "public_bookcase:type": "shelf"
      },
      "geometry": {
        "type": "Point",
        "coordinates": [
          14.3499743,
          50.8557933
        ]
      },
      "id": "node/13811317533"
    },
    {
      "type": "Feature",
      "properties": {
        "@id": "node/13811501714",
        "amenity": "public_bookcase",
        "lit": "no",
        "name": "Bücherfenster",
        "operator": "Gemeinde Neukirchen",
        "public_bookcase:type": "glass_cabinet"
      },
      "geometry": {
        "type": "Point",
        "coordinates": [
          12.8696979,
          50.7777439
        ]
      },
      "id": "node/13811501714"
    },
    {
      "type": "Feature",
      "properties": {
        "@id": "node/13815404615",
        "amenity": "public_bookcase",
        "colour": "green",
        "covered": "yes",
        "lit": "yes",
        "material": "metal",
        "public_bookcase:type": "metal_cabinet"
      },
      "geometry": {
        "type": "Point",
        "coordinates": [
          12.7673892,
          50.7346937
        ]
      },
      "id": "node/13815404615"
    },
    {
      "type": "Feature",
      "properties": {
        "@id": "node/13815433816",
        "amenity": "public_bookcase"
      },
      "geometry": {
        "type": "Point",
        "coordinates": [
          13.0555203,
          50.704621
        ]
      },
      "id": "node/13815433816"
    },
    {
      "type": "Feature",
      "properties": {
        "@id": "node/13825638301",
        "amenity": "public_bookcase",
        "name": "Bücherzelle Langenau",
        "opening_hours": "24/7",
        "operator": "DenkZukunft e.V."
      },
      "geometry": {
        "type": "Point",
        "coordinates": [
          13.2969934,
          50.8407173
        ]
      },
      "id": "node/13825638301"
    },
    {
      "type": "Feature",
      "properties": {
        "@id": "node/13828329549",
        "amenity": "public_bookcase"
      },
      "geometry": {
        "type": "Point",
        "coordinates": [
          14.2137177,
          49.9524809
        ]
      },
      "id": "node/13828329549"
    },
    {
      "type": "Feature",
      "properties": {
        "@id": "node/13841784893",
        "amenity": "public_bookcase"
      },
      "geometry": {
        "type": "Point",
        "coordinates": [
          16.0913877,
          49.6677621
        ]
      },
      "id": "node/13841784893"
    },
    {
      "type": "Feature",
      "properties": {
        "@id": "node/13844510907",
        "amenity": "public_bookcase"
      },
      "geometry": {
        "type": "Point",
        "coordinates": [
          13.7825226,
          49.8214608
        ]
      },
      "id": "node/13844510907"
    },
    {
      "type": "Feature",
      "properties": {
        "@id": "node/13849741001",
        "amenity": "public_bookcase"
      },
      "geometry": {
        "type": "Point",
        "coordinates": [
          13.9842267,
          49.6734566
        ]
      },
      "id": "node/13849741001"
    },
    {
      "type": "Feature",
      "properties": {
        "@id": "node/13857096896",
        "amenity": "public_bookcase"
      },
      "geometry": {
        "type": "Point",
        "coordinates": [
          15.1936296,
          49.5157319
        ]
      },
      "id": "node/13857096896"
    },
    {
      "type": "Feature",
      "properties": {
        "@id": "node/13857100320",
        "amenity": "public_bookcase"
      },
      "geometry": {
        "type": "Point",
        "coordinates": [
          16.5903305,
          50.9462722
        ]
      },
      "id": "node/13857100320"
    },
    {
      "type": "Feature",
      "properties": {
        "@id": "node/13861638812",
        "access": "customers",
        "amenity": "public_bookcase",
        "indoor": "yes",
        "lit": "yes",
        "public_bookcase:type": "shelf"
      },
      "geometry": {
        "type": "Point",
        "coordinates": [
          14.0385005,
          50.9034568
        ]
      },
      "id": "node/13861638812"
    },
    {
      "type": "Feature",
      "properties": {
        "@id": "node/13866691337",
        "amenity": "public_bookcase"
      },
      "geometry": {
        "type": "Point",
        "coordinates": [
          13.4733431,
          49.6980711
        ]
      },
      "id": "node/13866691337"
    },
    {
      "type": "Feature",
      "properties": {
        "@id": "node/13867502166",
        "amenity": "public_bookcase"
      },
      "geometry": {
        "type": "Point",
        "coordinates": [
          13.5506865,
          51.0250443
        ]
      },
      "id": "node/13867502166"
    },
    {
      "type": "Feature",
      "properties": {
        "@id": "node/13876545972",
        "amenity": "public_bookcase",
        "public_bookcase:type": "shelf"
      },
      "geometry": {
        "type": "Point",
        "coordinates": [
          13.7889754,
          50.2770506
        ]
      },
      "id": "node/13876545972"
    },
    {
      "type": "Feature",
      "properties": {
        "@id": "node/13892018267",
        "amenity": "public_bookcase"
      },
      "geometry": {
        "type": "Point",
        "coordinates": [
          16.3235633,
          50.6305389
        ]
      },
      "id": "node/13892018267"
    },
    {
      "type": "Feature",
      "properties": {
        "@id": "node/13894514389",
        "amenity": "public_bookcase",
        "opening_hours": "24/7",
        "public_bookcase:type": "glass_cabinet"
      },
      "geometry": {
        "type": "Point",
        "coordinates": [
          17.9163374,
          49.2203497
        ]
      },
      "id": "node/13894514389"
    },
    {
      "type": "Feature",
      "properties": {
        "@id": "node/13894514394",
        "amenity": "public_bookcase",
        "opening_hours": "24/7",
        "public_bookcase:type": "glass_cabinet"
      },
      "geometry": {
        "type": "Point",
        "coordinates": [
          17.9139117,
          49.2215913
        ]
      },
      "id": "node/13894514394"
    },
    {
      "type": "Feature",
      "properties": {
        "@id": "node/13897445561",
        "amenity": "public_bookcase"
      },
      "geometry": {
        "type": "Point",
        "coordinates": [
          14.1604986,
          50.873928
        ]
      },
      "id": "node/13897445561"
    },
    {
      "type": "Feature",
      "properties": {
        "@id": "node/13909461485",
        "amenity": "public_bookcase",
        "books": "adults",
        "name": "Domečková knihobudka",
        "nobrand": "yes",
        "panoramax": "ca4870ed-30e3-460f-89b8-5c0de3daba35"
      },
      "geometry": {
        "type": "Point",
        "coordinates": [
          14.4994895,
          48.9767627
        ]
      },
      "id": "node/13909461485"
    },
    {
      "type": "Feature",
      "properties": {
        "@id": "node/13911537145",
        "amenity": "public_bookcase"
      },
      "geometry": {
        "type": "Point",
        "coordinates": [
          15.6855528,
          48.9005009
        ]
      },
      "id": "node/13911537145"
    },
    {
      "type": "Feature",
      "properties": {
        "@id": "node/13912396352",
        "amenity": "public_bookcase"
      },
      "geometry": {
        "type": "Point",
        "coordinates": [
          14.5307129,
          48.9239017
        ]
      },
      "id": "node/13912396352"
    },
    {
      "type": "Feature",
      "properties": {
        "@id": "node/13922308628",
        "amenity": "public_bookcase",
        "location": "indoor",
        "name": "Božídarská Knihobudka",
        "operator": "Boží Dar",
        "public_bookcase:type": "wooden_cabinet"
      },
      "geometry": {
        "type": "Point",
        "coordinates": [
          12.9228052,
          50.4107457
        ]
      },
      "id": "node/13922308628"
    },
    {
      "type": "Feature",
      "properties": {
        "@id": "node/13927013542",
        "amenity": "public_bookcase",
        "public_bookcase:type": "shelf",
        "wheelchair": "yes"
      },
      "geometry": {
        "type": "Point",
        "coordinates": [
          16.8573033,
          48.9953242
        ]
      },
      "id": "node/13927013542"
    },
    {
      "type": "Feature",
      "properties": {
        "@id": "node/13931528806",
        "access": "permissive",
        "amenity": "public_bookcase",
        "public_bookcase:type": "shelf"
      },
      "geometry": {
        "type": "Point",
        "coordinates": [
          14.4294911,
          49.8794393
        ]
      },
      "id": "node/13931528806"
    },
    {
      "type": "Feature",
      "properties": {
        "@id": "node/13945108989",
        "amenity": "public_bookcase",
        "colour": "red",
        "name": "Knihobudka Vesec",
        "public_bookcase:type": "phone_box"
      },
      "geometry": {
        "type": "Point",
        "coordinates": [
          15.0663179,
          50.7255996
        ]
      },
      "id": "node/13945108989"
    },
    {
      "type": "Feature",
      "properties": {
        "@id": "node/13953619891",
        "amenity": "public_bookcase",
        "public_bookcase:type": "phone_box"
      },
      "geometry": {
        "type": "Point",
        "coordinates": [
          12.6062456,
          50.6544014
        ]
      },
      "id": "node/13953619891"
    },
    {
      "type": "Feature",
      "properties": {
        "@id": "node/13953619892",
        "amenity": "public_bookcase",
        "public_bookcase:type": "phone_box"
      },
      "geometry": {
        "type": "Point",
        "coordinates": [
          12.6290647,
          50.6385522
        ]
      },
      "id": "node/13953619892"
    },
    {
      "type": "Feature",
      "properties": {
        "@id": "node/13955298215",
        "amenity": "public_bookcase",
        "name": "Büchertelefonzelle"
      },
      "geometry": {
        "type": "Point",
        "coordinates": [
          13.6416994,
          50.9339915
        ]
      },
      "id": "node/13955298215"
    },
    {
      "type": "Feature",
      "properties": {
        "@id": "node/13956182455",
        "amenity": "public_bookcase"
      },
      "geometry": {
        "type": "Point",
        "coordinates": [
          12.5078004,
          50.6971427
        ]
      },
      "id": "node/13956182455"
    },
    {
      "type": "Feature",
      "properties": {
        "@id": "node/13956182456",
        "amenity": "public_bookcase"
      },
      "geometry": {
        "type": "Point",
        "coordinates": [
          12.4976242,
          50.6968132
        ]
      },
      "id": "node/13956182456"
    },
    {
      "type": "Feature",
      "properties": {
        "@id": "node/13962333038",
        "amenity": "public_bookcase",
        "indoor": "yes"
      },
      "geometry": {
        "type": "Point",
        "coordinates": [
          13.2315846,
          49.1375257
        ]
      },
      "id": "node/13962333038"
    }
  ]
}